actual,predicted_linear,predicted_xgboost
-3.5,-3.1734737188768136,-3.5862062
-4.1,-3.6784954892949457,-4.2585945
-4.3,-3.959132081882622,-4.2885537
-4.7,-4.63284928857761,-4.895173
-5.2,-5.212286709642697,-5.5168037
-5.3,-5.3452319439845795,-5.7959747
-5.5,-5.723568641918163,-5.7476726
-5.8,-6.211839812391801,-5.812648
-5.7,-6.139078228908836,-5.804845
-5.9,-6.506182924944383,-5.8097515
-6.0,-6.475027113075477,-5.8362684
-5.6,-5.9663692168728915,-5.8329754
-4.7,-5.04831258405472,-4.4845157
-2.5,-2.1670072288542244,-2.5657268
-1.0,-0.635790533401682,-1.0011034
0.1,1.020433973502982,0.128229
1.4,2.516541116129879,1.3433464
1.8,3.072483290783275,1.5697597
2.4,3.721058287171523,2.0766728
2.6,3.695902174349932,2.6537788
2.4,3.5851114490491724,2.59106
2.2,3.2639372123807746,2.110436
1.8,2.558530327941412,1.7723222
2.3,3.2341661195104052,2.3985689
2.9,4.1567698464899365,2.8060799
3.1,4.300639989751325,3.0989342
3.4,4.617488534958376,3.2926555
3.4,4.357018248799179,3.3125982
4.1,5.295687034163201,4.0330076
4.1,4.925537450612296,3.7630606
4.5,5.456653863944368,4.6138372
4.5,5.5232338336695435,4.722791
4.8,5.792803482449138,4.597431
4.9,5.7813563029909645,4.596264
5.3,6.113666908514986,4.8699226
5.5,6.211077637215993,5.520323
5.8,6.32655676872848,5.643609
6.7,7.490026043071573,6.5996366
7.9,8.69999041875343,7.651788
8.6,9.197451225067592,8.835394
9.0,9.740457717289328,9.185184
9.3,9.930523497313796,9.011975
10.7,11.251585330277052,10.863559
11.6,12.188917787340962,11.6845
12.1,12.505352760249053,11.885451
12.3,12.581300297005832,12.169825
12.2,12.423699983800034,12.249561
11.6,11.69135621918694,11.780939
11.2,11.044315437085523,11.124206
10.8,10.637907732697315,10.838909
11.1,10.99030987455017,10.993553
10.9,10.806197824716605,10.849312
11.1,10.80145672797925,11.026979
10.6,10.403507027545214,10.648215
5.5,5.3671108743593265,5.60545
2.4,2.092483785570934,2.3646486
-0.4,-0.5652548688053258,-0.2797432
-2.0,-2.0683036416133405,-2.2158582
-3.1,-3.1400847212432694,-2.9566612
-3.4,-3.5610895343349966,-3.5163674
-3.3,-3.2731557574179675,-3.2627928
-2.6,-2.1612544086860055,-2.5596013
-1.2,-0.3132266783567559,-1.0622041
-0.7,0.46716740539702784,-0.63050425
0.2,1.665164455362543,0.18140732
0.4,2.125808149108309,0.36514717
0.4,2.192418624609985,0.30103135
0.0,1.7047273176184135,-0.22593333
-0.5,0.9830451804540985,-0.71391886
-1.3,0.06851697563252657,-1.3618503
-1.9,-0.6349262848436297,-2.1986225
-2.7,-1.5845931755035991,-2.6846793
-3.2,-2.188754828447152,-3.304573
-3.6,-2.529837832220494,-3.8349998
-3.8,-2.813736437278024,-3.9877372
-4.1,-3.1500090858462,-3.9125159
-4.2,-3.383443901320149,-4.41128
-3.8,-2.719358143962083,-3.7942064
-3.7,-2.8733240285548547,-3.8412538
-3.4,-2.4976910318998833,-3.4290605
-3.2,-2.2480947984809916,-3.435246
-3.6,-2.904684455000492,-3.6050775
-3.4,-2.7184364052896655,-3.6011028
-2.1,-1.097888363088039,-2.1043496
0.1,1.5268629551727813,0.02016173
1.4,3.1577050275338365,1.3292087
2.4,4.041972243565901,2.4140708
4.0,5.624710438148405,4.0394874
4.4,5.958704321459379,4.3819823
4.8,6.297965607451239,4.7117224
5.2,6.800737344278993,5.051233
4.7,6.290958907626369,4.70423
4.2,5.63953837569273,4.2966256
3.4,4.63529104716477,3.5322473
3.1,4.19542165399799,3.3354945
2.6,3.38815668973524,2.8423371
2.0,2.5144252357458328,2.0229566
1.8,2.427309795959559,1.984716
1.4,1.8221017184965262,1.416166
1.1,1.6104026506697124,1.236656
0.8,1.1084370368189553,0.73466724
0.8,1.1236126545049245,0.8276489
0.7,1.009742786061338,0.7006383
1.2,1.765197210306944,1.2543468
1.0,1.4275289132871691,1.1557043
2.1,2.7438921105889307,2.0728889
2.7,3.467210971046512,2.9140298
3.0,3.7019114017649315,3.20392
3.2,3.805783144169247,3.2312856
4.7,5.450283292505375,4.7599516
6.7,7.462293681577165,6.5697603
6.5,6.869979117927613,6.373164
6.6,7.236360949886297,6.6455374
6.8,7.233027155790467,6.694051
6.7,7.080112412017662,6.8465767
7.1,7.407317341322617,7.1111794
6.8,7.155716380422646,6.8184853
6.7,6.827784554643962,6.452199
6.6,6.621733847621577,6.8803115
6.3,6.042288859613421,6.3865843
5.5,4.987465679061145,5.464485
5.2,4.560571436555783,5.0499463
5.4,4.690182786055061,5.3838935
5.4,4.688673679958001,5.103742
5.1,4.5505082598990825,5.0513515
5.0,4.358996237531763,4.8951674
5.3,4.55931414343997,5.0489287
4.9,4.116276110186007,4.9018683
5.1,4.4772300749451475,5.0609694
5.2,4.5831360109288894,5.3903136
5.7,5.124735167132968,5.66316
5.2,4.548408730736632,5.2102547
5.6,4.923497326583295,5.5750213
5.4,4.638081150680627,5.4208264
5.8,5.1898672806541555,5.767449
5.6,4.842214436416015,5.512534
5.4,4.772998343466796,5.40317
5.6,4.928884677749551,5.5377855
6.1,5.643035968750567,6.2397847
6.1,5.769037840087563,6.1171026
5.8,5.2718867924237,5.6515803
5.3,4.623204589361158,5.2045264
6.6,6.230606716158746,6.9221945
6.8,6.327986928583421,7.0216546
6.4,5.857063966832925,6.4044185
5.6,5.033265608893714,5.5736437
6.2,5.684364431001605,6.114635
5.2,4.404135891334157,5.148504
6.0,5.3024869588416905,5.7606235
6.0,5.2637886499531135,5.7592053
5.6,4.915039301455309,5.57289
5.5,4.697309116058747,5.569711
5.4,4.653354659112161,5.5666475
5.3,4.555452044580832,5.345248
5.9,5.111341995015657,5.8225017
5.6,4.820234238426529,5.4151826
5.8,5.044884739471897,5.5861335
6.8,6.2309445005739335,7.022068
7.2,6.703041007489858,7.2683682
7.1,6.580301513630509,7.1343155
7.0,6.78773482185607,6.9802494
5.2,4.465823016713102,5.1769204
6.5,6.168197139399659,6.5221114
5.5,5.196959001093248,5.666453
5.7,5.409059189000139,5.667111
6.0,5.767080938650835,6.0566983
4.2,3.448500565905647,4.161954
3.8,3.06460653644983,3.821811
3.9,3.259174526817823,3.9468596
3.9,3.2529034191777626,3.907129
3.9,3.3747779289964015,3.9068742
4.0,3.4711971678429236,3.937252
4.3,3.9363939893211963,4.4937434
4.4,3.962192688544235,4.4937434
4.2,3.6917095820694215,4.2500787
4.7,4.151101111910954,4.8486557
4.5,4.097304965252654,4.5118413
4.4,3.981244757621589,4.5020723
4.2,3.814836149577623,3.9365182
4.4,3.982808418527732,4.4936357
3.9,3.450089416505371,3.712627
3.8,3.480423630974755,3.7913918
3.5,3.1631693151560256,3.2721322
3.4,3.050523364874799,3.1671069
3.6,3.133589247007052,3.5809016
3.5,3.1365426013509463,3.579942
3.5,3.0149575205569192,3.5187638
3.5,3.1132020472784276,3.5925868
3.9,3.345165173663112,3.8858078
4.2,3.6440143203944544,4.165899
4.6,4.135892921790791,4.581016
4.5,3.905074558287261,4.432653
4.4,3.9039464649832354,4.443546
4.3,3.664385298238109,4.252927
4.3,3.6482534994172866,4.2581935
4.0,3.448903198561389,4.002152
4.1,3.5564906677189683,4.133867
3.7,2.9921942300088418,3.6423318
3.5,2.7929430149823204,3.5798743
3.4,3.0329087844309015,3.4240522
3.1,2.492977015046769,2.9565334
2.7,2.089542022591033,2.6873055
3.1,2.4177448461109705,3.1790738
3.1,2.4580604315231085,3.1789465
3.1,2.2941712972484467,3.1751888
3.2,2.546662772758637,3.3969758
3.3,2.435313207559915,3.3281631
3.1,2.234511009654355,3.09164
3.4,2.4638048891119695,3.200167
3.5,2.539457877507573,3.4709795
3.5,2.6378205844578417,3.6591623
3.8,2.8736676358885163,3.781743
3.9,3.179387648858203,3.9668453
4.0,3.4187742271614994,3.9194221
3.7,2.8193573895494737,3.6049647
3.8,3.0509001684031674,3.8539536
3.9,3.0910057398466506,3.8548481
4.0,3.179547268573316,3.859899
3.7,2.9539580783320147,3.6060076
3.9,3.204844907924844,3.9136662
3.8,2.956135733700826,3.6481013
4.0,3.1803544145752625,3.8610878
3.9,3.094605224684493,3.8930328
3.9,3.226818521005768,3.9410098
3.9,3.2278943761269474,3.9410098
3.9,3.2083783991678416,3.9410098
3.9,3.230062278749493,3.9410098
3.9,3.0876484731579623,3.6526685
3.6,2.916902023138526,3.539139
3.5,2.569860307736384,3.488436
3.8,2.9396894892593934,3.8083727
3.9,3.1836074492322126,3.9061549
4.1,3.3061250322798443,4.002243
4.3,3.63340404370161,4.2441235
4.4,3.7323190030034823,4.425006
4.6,3.868331711564686,4.535964
5.1,4.345430234821592,4.924991
5.0,4.3412840884865105,5.042618
5.3,4.683089135791455,5.384397
5.2,4.4525581883150025,5.1927557
5.3,4.612205700658876,5.388674
5.0,4.513531375794798,5.0705614
4.9,4.301306279234865,4.920083
5.0,4.411010075561457,4.948123
4.6,3.961585241545535,4.453747
4.3,3.4703542042260906,4.2981563
4.3,3.6049074290561833,4.263752
4.1,3.5975449978870415,4.2017913
4.2,3.7140418709430776,4.243042
4.1,3.5070316168965903,3.977056
4.3,4.004227880142182,4.222661
4.0,3.6839286158907,3.9490466
4.1,3.9882714471006864,4.1048684
4.5,4.769337971248724,4.8337107
4.6,4.585195953542687,4.6757555
4.1,3.561881630395554,4.1445026
4.2,3.899116089752418,4.263372
4.6,4.277577984885092,4.788437
4.2,3.62631256268606,4.2026486
4.4,3.7411058085817075,4.4214087
4.3,3.8573675286741818,4.451313
4.7,4.275368274284546,4.8195686
4.7,4.22083934242562,4.573543
4.7,4.227367534316379,4.6530285
4.6,4.0766661189698326,4.445684
4.3,3.7277848844330848,4.1073937
4.0,3.477975640674998,4.1454797
4.4,3.6230116562884263,4.402047
4.2,3.4283342050151475,4.1123443
4.3,3.4528630095019324,4.1309114
4.6,3.937101463972489,4.693242
5.0,4.632835057334965,4.8795567
4.6,4.017178021824968,4.533065
5.3,4.5974893377985,5.0363374
5.0,4.3826221242822,5.0389266
5.0,4.448007687302429,4.888306
5.5,5.497967902001363,5.521063
5.3,5.3499356983369,5.1120033
4.9,5.176648280587322,4.836869
5.0,5.163339712852917,4.837389
4.8,4.851459090990936,4.8822217
4.8,4.839024300488049,4.756517
4.6,4.558314717869017,4.67199
4.3,4.377652614320091,4.4116473
4.1,4.13439774509677,4.1370254
3.7,3.63978536996445,3.8410404
3.8,3.5585537567566234,3.6845558
3.7,3.4469577773443874,3.6840975
2.9,2.4865410886810366,2.8298554
2.7,2.2772403427645784,2.8172088
2.7,2.438824150572877,2.6874871
2.9,2.567291985316281,2.827707
2.9,2.5514556508143826,2.827707
2.8,2.4301283690030004,2.8172088
3.0,2.6496885080761388,2.9595196
3.0,2.5246843986041725,2.9976747
3.1,2.628641701045055,3.0501792
3.1,2.649713609385479,3.050052
3.1,2.6567744652551966,3.0337698
3.1,2.747194808147704,2.9593923
3.1,2.745686815265394,3.050052
3.4,3.044093174300393,3.1989512
3.5,3.214055396044394,3.3606641
3.6,3.2091988825816316,3.4094062
3.5,3.212209838896534,3.4192567
3.4,3.063778823491255,3.2076478
3.4,3.129851196286367,3.2094824
3.5,3.2288894979962706,3.3686154
4.0,3.9457958007316734,3.7926419
4.1,3.8176413865799574,3.9571486
4.2,4.128178950144665,4.2131
4.2,3.915784597344498,4.0842075
4.2,3.8430848035693472,4.0777826
4.1,3.964613021745315,4.224253
4.3,3.983723486994357,4.212236
4.3,4.057810773012399,4.423801
4.3,4.061031356469499,4.418271
4.5,3.846538865488725,4.2436957
4.7,3.910838391884525,4.632749
4.6,4.143418624651105,4.6026835
4.4,3.571922025167197,4.4601316
4.8,4.215367424124118,4.7044272
5.4,4.687366672648963,5.2492375
5.9,5.348769788925615,5.824775
6.0,5.372273278375317,6.0366178
6.4,5.9842005224561206,6.3683567
6.2,5.5294777835434274,6.2398214
6.1,5.719967240833093,6.0375776
5.9,5.624901216846773,5.8348393
5.4,4.997926194133576,5.4484453
4.2,3.6526070547734335,4.0646744
4.7,4.664651070033024,4.76532
4.2,3.7057872722415723,4.316261
4.5,4.168214823509551,4.547206
4.3,3.633597349141887,4.234272
4.7,4.10574315200823,4.741539
4.2,3.8057417433584178,4.298592
4.3,3.90894875985083,4.2439375
4.2,3.9042819589448357,4.075479
4.2,3.63971698057302,4.0758705
3.6,3.047198618958973,3.5502632
3.2,2.682324532283353,3.2635648
3.0,2.613070357853026,2.9090748
2.8,2.4759880489799357,2.7695289
3.1,2.6792418795522153,2.9618104
3.4,3.177143089887494,3.3214245
3.6,3.5312516115963604,3.4207869
3.6,3.6483093393174713,3.6090326
3.7,3.8173371742689852,3.6188421
3.6,4.001631004046764,3.649176
3.8,4.06405075420917,3.8866565
2.7,2.5945841342289384,2.780711
1.8,1.0600828377040017,1.7893522
1.6,0.7899942599213148,1.6198374
1.0,0.17616350415405435,0.9831057
1.3,0.6771162511484761,1.0760849
1.0,0.4887432404540064,1.0249211
1.2,0.8506754956969402,1.1861787
1.1,0.989141148245757,1.1846788
0.8,0.7950458393590054,0.99034953
0.7,0.5767691879548025,0.8278653
0.7,0.4079638767073206,0.7439957
0.7,0.4307619589117593,0.7429502
0.9,0.6677697138969734,0.842381
0.9,0.6909377077827941,0.9239354
0.7,0.5869881930568326,0.82790303
0.4,0.37259170436950484,0.46014675
0.9,0.8377921199978005,0.9169609
1.0,1.3311510016142378,1.0279799
0.2,-0.11389202554769895,0.21974847
0.3,-0.3507245884404995,0.21146384
-0.4,-0.5266470958525602,-0.27582926
-0.3,-0.570488646730702,-0.22901218
-0.4,-0.6167190784595462,-0.30144852
-1.3,-1.9169570838493541,-1.2917637
-1.1,-1.2735715033488404,-1.1962385
-1.3,-1.6400768392472358,-1.3288848
-1.0,-1.1510291016622247,-1.1345767
-1.2,-1.1890057621442978,-1.107974
-1.1,-0.9092895082571388,-1.1343685
-1.7,-2.1595662203685464,-1.9110078
-1.7,-2.3383791849685096,-1.5879617
-1.9,-1.8570577008613753,-1.77402
-2.0,-2.196227159383625,-1.9432726
-2.0,-2.1209051094208533,-1.9972548
-2.1,-2.2636267374537056,-2.037768
-2.4,-2.7830507280593224,-2.2369657
-2.7,-3.22131506228137,-2.7562618
-2.7,-3.3227235404123476,-2.7573917
-2.8,-3.23042316589045,-2.5690258
-3.0,-3.407881701495633,-2.9440296
-2.9,-3.330793849721964,-2.9649909
-2.9,-3.305869822081142,-2.9659505
-2.8,-3.0920631384720636,-2.7232218
-2.7,-3.077358047863747,-2.9315102
-3.0,-3.2303808489835575,-2.9668427
-2.9,-3.12288760770668,-2.9757955
-3.0,-3.2907215972393615,-2.960785
-3.1,-3.4332441752408513,-2.9678023
-3.0,-3.3725765428980523,-2.9405866
-3.1,-3.328412650951954,-2.9741945
-3.1,-3.1907999267806915,-2.9060555
-3.6,-3.9080552288995634,-3.5258405
-3.9,-4.204623677847117,-3.8589756
-4.2,-4.586333501621354,-4.2974997
-4.3,-4.814068481844494,-4.4723005
-4.7,-5.2560690183897165,-4.9215665
-4.9,-5.349517440560895,-4.765012
-5.2,-5.661242952712449,-5.2653832
-5.6,-6.135098359572538,-5.2816935
-5.8,-6.374960348192133,-5.8691983
-6.0,-6.583952542615904,-5.8691983
-6.7,-7.292619612790631,-6.3771696
-7.0,-7.6182389281374725,-7.1303825
-7.3,-8.07929000348026,-7.1381655
-7.5,-8.369135326456387,-7.91182
-8.0,-8.930347908758215,-7.9128165
-7.6,-8.038304240192751,-7.661316
-5.2,-5.162754817092335,-4.9286933
-5.4,-5.56289387689197,-5.806417
-6.0,-6.146285416530361,-5.805575
-6.4,-6.7461564273980414,-6.2407827
-6.8,-7.20867334982259,-6.8106904
-7.2,-7.496174616644893,-7.476226
-7.4,-7.610668109245353,-7.4856195
-7.6,-7.914684622569226,-7.4935384
-7.9,-8.298665186530222,-7.4923496
-8.2,-8.531554692281361,-8.323784
-8.2,-8.531473996067277,-8.323784
-8.7,-9.108498528488262,-8.327897
-8.7,-9.02709926020065,-8.315218
-9.1,-9.322279463161045,-9.113508
-9.2,-9.711003601441426,-9.1341305
-9.3,-9.674229170387285,-9.084942
-9.4,-9.834193324825783,-9.092726
-9.0,-9.404514586910956,-9.133264
-7.2,-7.0745063470656575,-7.265512
-6.5,-6.715970385773517,-6.7808175
-5.2,-5.611295472034229,-5.234788
-3.8,-3.8963371470153163,-3.9820294
-3.1,-3.04413360922279,-3.2014496
-2.8,-2.5732763047593323,-2.9215152
-2.4,-1.9463509637055267,-2.5744898
-1.9,-1.3088508690456422,-2.0200605
-1.8,-1.4029877954246928,-1.8444678
-1.6,-1.2877431802982429,-1.6173251
-1.9,-1.9609144576928657,-2.000942
-1.3,-1.5638229084218978,-1.244561
-1.2,-1.4753723565634331,-1.1652125
-1.0,-1.1633961893436222,-1.0430679
-2.0,-2.1863513555882292,-2.2682948
-1.5,-1.4423681585289359,-1.1733572
-1.5,-1.7021589663730978,-1.5198088
-1.7,-1.970598474422843,-1.6239319
-1.2,-1.5699053794839415,-1.2537925
-1.1,-1.464620529619765,-1.1514932
-1.0,-1.304801254250485,-1.0224414
-0.7,-0.9823816058103745,-0.6458445
-0.5,-0.6328786503314774,-0.4401029
-0.1,-0.35862302599520746,-0.11537394
1.2,1.0565241215748813,1.2089078
1.1,0.8260555028626442,1.1107688
1.2,0.8859841335923448,1.0470947
1.4,1.1610890268018537,1.417536
1.5,1.0005024640972593,1.3402791
0.9,0.4192985831727256,0.8988502
0.4,-0.28227403390513217,0.33133802
0.0,-0.7309721050168321,-0.15104593
-0.6,-1.1592206981665,-0.71173835
-1.4,-1.8785579248964552,-1.3557514
-2.1,-2.616718353335095,-2.2468374
-3.1,-3.438705496877276,-2.9190316
-3.5,-3.6391098074017805,-3.1934345
-4.4,-4.9081386579402135,-4.775809
-5.5,-5.872114438716316,-5.2272987
-6.3,-5.660116829400401,-6.378394
-6.7,-6.670497044789521,-6.8665633
-6.6,-6.667349586445127,-6.8026986
-7.0,-7.302500771832527,-6.811853
-6.8,-7.355572401691859,-6.863821
-6.4,-7.064880339149447,-6.367122
-5.3,-6.315797220325351,-5.022711
-4.8,-5.927548574974239,-5.0187645
-3.4,-4.542337480952668,-3.5848672
-2.7,-3.7005028869209156,-2.522929
-1.0,-1.375771673767872,-0.93234617
-0.7,-1.1348613660329008,-0.790323
-0.3,-0.6398864345417223,-0.18340755
0.2,-0.17115154195671067,0.28906602
0.6,0.17627762442113948,0.6904009
1.0,0.47299703192870624,1.0100592
1.1,0.74588006681725,1.213138
1.5,1.0801351602937928,1.4650792
1.4,0.8608654642792999,1.3415697
1.5,0.9978508596657321,1.4094399
1.9,1.31094276485954,1.7792895
1.9,1.6099600965059295,1.9062996
2.1,1.7660319464885603,2.2113705
2.1,1.8208292246680102,1.998176
2.1,1.9710125448603506,2.1906867
2.3,2.2480843633999115,2.2856016
2.3,2.2876080386520883,2.3843825
2.1,2.111000753840017,2.0292654
2.2,2.274359865090716,2.2441802
2.5,2.7535816300151765,2.5761461
2.6,2.732437037389232,2.7459114
2.6,2.855704207267813,2.7632318
2.0,1.918666056113132,1.9870259
2.2,1.9866600868259496,2.2105515
1.8,1.8329985791705,1.7243186
-1.0,-1.4081694245633187,-0.92607486
-5.1,-6.019657212972845,-4.9566503
-7.4,-8.215555790901007,-7.425938
-9.8,-10.754583755879565,-9.801536
-11.4,-12.33621362893193,-11.51573
-13.0,-13.856999967465349,-12.46105
-14.5,-15.330569780338308,-13.6316185
-15.5,-16.583310602128748,-15.238312
-15.9,-16.75486512714165,-14.944627
-17.0,-17.516028382028324,-15.18083
-18.0,-18.34654266692754,-15.3283415
-19.1,-19.32985645938431,-14.681385
-20.0,-20.471189440445826,-14.680378
-20.5,-21.10885799059347,-14.755842
-20.7,-21.146995366040365,-14.609665
-21.0,-21.474994838293732,-14.903653
-20.7,-21.188703499137056,-15.227489
-20.7,-21.21726293216738,-15.109801
-20.5,-20.966616659875164,-15.109801
-20.1,-20.66266794148587,-15.178854
-19.8,-20.0730347203506,-15.171103
-19.3,-19.524409857849825,-14.898166
-18.6,-18.57199833470213,-14.7463
-18.2,-18.091657905583396,-14.7463
-17.7,-17.95617886943603,-14.763015
-17.4,-17.60105298692298,-14.860741
-17.3,-17.530743575569666,-14.729896
-17.4,-17.470496885536505,-14.879313
-17.2,-17.304294689966305,-14.762101
-17.3,-17.546788909690243,-14.995196
-17.1,-17.754480353383386,-15.11208
-17.0,-16.94185393042509,-14.999483
-17.0,-16.84240767002411,-14.895248
-17.1,-16.997725364907396,-14.888444
-17.1,-17.542054470484373,-15.154664
-17.0,-17.333046595298782,-14.625187
-16.8,-17.23961931499963,-14.319714
-16.5,-16.919352376862143,-14.781892
-16.3,-16.518200346542535,-14.745096
-16.4,-16.784638127640342,-14.891886
-15.8,-16.244337399592922,-15.20363
-15.8,-16.259004032117303,-14.877991
-15.2,-15.73829053355135,-14.213446
-14.6,-15.049180044551683,-14.116101
-13.3,-13.424354307283721,-13.790502
-12.4,-12.349489635936266,-12.290235
-12.0,-11.82236802035493,-12.285767
-10.9,-10.805266592033512,-10.681636
-9.9,-9.427508414848845,-9.839555
-9.2,-8.286183297863786,-8.636395
-9.0,-8.194086136054779,-8.66751
-8.9,-8.03590476584111,-8.656177
-9.5,-8.645552228495411,-9.451367
-10.0,-9.052330594486008,-9.483372
-10.5,-9.627246629553873,-10.453891
-10.9,-9.98810329346476,-10.553781
-11.3,-10.561642924537274,-12.083585
-12.0,-11.318837389919686,-12.021485
-12.5,-11.921288244551938,-12.035238
-12.9,-12.512100241712858,-11.845762
-13.0,-12.734507922119704,-12.087607
-13.1,-12.917195409268217,-11.968567
-13.4,-13.388969966821165,-14.229318
-13.8,-13.83009488299232,-14.4061
-14.1,-14.183416621511178,-14.286604
-14.5,-14.760945762394087,-14.258915
-14.6,-14.639219249758924,-14.25989
-14.0,-14.075257663704434,-14.2007
-12.6,-12.060922288406616,-12.18475
-11.9,-11.170164357633226,-12.101928
-11.3,-10.489938649608753,-10.716071
-10.1,-9.397803052472604,-10.693351
-9.3,-8.639246715612643,-9.893278
-9.0,-8.560999325992391,-8.870756
-9.0,-8.703911901601082,-8.942789
-9.2,-9.098347690101733,-9.147763
-9.2,-9.351722834807134,-9.12429
-9.2,-9.411761295406741,-9.123104
-9.1,-9.159834116030751,-9.072569
-9.0,-8.945722027753654,-9.195618
-8.9,-8.844801777277453,-9.122009
-8.9,-8.940754487165663,-9.158864
-8.8,-8.667982539069513,-9.108206
-8.3,-7.780930573318294,-8.0359955
-7.6,-6.645269323298997,-7.821939
-7.5,-6.405807047456001,-7.168565
-7.2,-6.16566433013967,-7.166729
-7.0,-5.935913607021291,-7.136329
-7.0,-6.075950796653515,-7.192103
-6.8,-6.296038072015925,-7.2040844
-6.6,-6.600754507151407,-6.737847
-6.8,-7.253794938326109,-6.8532114
-6.3,-6.707096511683957,-6.2492385
-6.3,-6.568613580190259,-6.3178487
-5.8,-6.224266433935313,-5.8808045
-5.5,-5.565718713428829,-5.231215
-5.5,-5.881653828522701,-5.2300262
-5.1,-5.4150210726178045,-5.2319474
-4.9,-5.010900417314772,-4.797518
-4.5,-4.393794799087765,-4.4764333
-4.6,-4.3171260374037885,-4.43745
-4.6,-4.46709553760963,-4.57086
-5.9,-5.960539711920106,-6.177188
-6.7,-6.848470283484623,-6.8231816
-6.9,-7.330759270040723,-6.854952
-7.7,-7.99273051483636,-7.530737
-7.9,-8.268141911837255,-7.5296254
-8.4,-8.978173674403813,-8.5829315
-8.9,-9.549952909906487,-8.696324
-9.0,-9.694545281800174,-9.504353
-9.2,-9.9160381927501,-9.496672
-8.9,-9.510825619341766,-8.698643
-9.7,-10.572008344148855,-9.580578
-9.6,-10.35398057758929,-9.528299
-9.4,-10.046483894872893,-9.487485
-9.0,-9.448479532128502,-9.446374
-7.7,-7.813110113909424,-7.527103
-6.7,-6.234030623432197,-6.474522
-5.7,-5.330954113105683,-5.912363
-4.3,-3.9149179812627395,-4.3176775
-4.1,-3.6589840097041204,-4.3555746
-3.3,-2.793145854114428,-3.2476842
-3.3,-3.0513930779890543,-3.196861
-3.4,-3.5817614745292303,-3.4918034
-3.4,-3.7625826579901656,-3.5352795
-3.5,-4.0132315065323,-3.5087366
-2.9,-3.4501905644734023,-3.1503847
-2.5,-3.005225547611289,-2.4054482
-2.4,-2.9251137981476987,-2.2373235
-2.3,-2.7100255289526203,-2.2355788
-2.1,-2.4669814409659594,-1.9825939
-2.0,-2.4423744088069412,-1.9825939
-1.7,-2.1220792563797772,-1.7961086
-1.4,-1.7942363745993575,-1.440737
-1.1,-1.3997799897778265,-1.2284095
-0.3,-0.5379883558010263,-0.3722802
0.6,0.6787479053547116,0.68350095
0.3,0.33772162106275516,0.48094937
0.7,0.6755936567131329,0.5957917
2.7,3.02092495403231,2.895847
4.5,5.067638596577012,4.2600694
5.1,5.443032610923133,5.0840416
6.5,6.9509750978953235,6.42793
7.0,7.567637537050075,6.9959
7.4,7.884181379772805,7.3177285
7.8,8.329816681407785,7.8909507
8.2,8.472850256515823,8.353194
7.9,8.134678646150821,8.021675
8.3,8.46880566180728,8.51295
8.5,8.617451601386016,8.662402
8.4,8.44602421227939,8.303579
8.0,7.954157944784988,7.898766
8.4,8.280316662720832,8.426003
8.3,8.151206923129696,8.363618
8.8,8.679980462469242,8.798899
8.9,8.661102375474186,8.907774
9.3,9.17695556263503,9.297562
9.8,9.56042630481527,9.895728
10.5,10.376671634728016,10.392106
10.4,10.229731385026554,10.256588
10.7,10.43244852268623,10.727022
11.5,11.344457555343265,11.385192
12.2,12.036086499785426,11.978161
13.0,12.763759109314897,12.891304
13.6,13.49100327348026,13.5931835
13.8,13.865928876975602,13.838446
14.3,14.305204648863167,14.249643
14.6,14.488804858576223,14.702382
14.3,14.302542611687016,14.47781
14.4,14.423050970308719,14.560005
14.2,14.192532113644155,13.9707365
13.8,13.765829216207674,13.606245
13.8,13.85472680944132,13.895245
13.8,13.734160275740738,13.852653
14.0,14.075614597587347,13.945515
13.8,13.64904824759228,13.673104
14.1,14.11416859133061,14.295124
14.2,14.158490513159602,14.404046
14.3,14.210145326778257,14.313126
14.0,14.071196655000627,13.994383
12.2,12.287803533449615,12.118199
10.8,10.987827724898363,10.91078
9.5,9.576613220788694,9.559506
8.7,8.734720032746669,8.7121
7.5,7.296155283235741,7.5322556
6.1,5.817378938193997,6.2109427
5.7,5.350973398717471,5.8408527
5.8,5.513054289309487,6.012107
5.5,5.179612972049732,5.536714
5.5,5.318690841467358,5.537707
5.3,5.124999756618337,5.3314934
5.1,4.844612289895792,5.2491508
4.7,4.264872381102158,4.5872793
4.6,4.241719406573871,4.7630334
4.6,4.256391012326368,4.761507
4.0,3.6440955827662194,3.9788117
3.7,3.39945464420839,3.7945821
3.4,2.968119896814457,3.33708
2.8,2.3059448490446997,2.8465073
2.2,1.6790576110091493,2.0694172
1.7,1.1082101329168665,1.7657878
1.5,0.85908280982337,1.5542735
0.9,0.18947303953984118,0.7784892
0.8,0.2777447396187398,0.79829556
0.3,-0.410217711241053,0.29470184
0.2,-0.4494217740537536,0.29831803
0.2,-0.54148575317015,0.19317582
0.0,-0.5957925413163281,-0.03497983
0.1,-0.567994861497219,-0.025503337
0.0,-0.7957251529245539,0.10659901
0.6,-0.23322766341679113,0.51948357
0.4,-0.45216146945494273,0.46669388
0.3,-0.5379280721695281,0.34581077
0.5,-0.34310266763267805,0.46425885
1.0,0.2411585685377844,0.9862093
1.9,1.271508196724099,1.8970788
2.5,2.0852363550440742,2.5782926
3.0,2.509711028893129,3.001492
3.3,2.7184339227940555,3.2836711
3.5,2.920083517378032,3.5912907
3.6,3.0624780031983576,3.5911167
2.9,2.154403779503596,2.692767
2.8,2.036176818290791,2.776003
3.0,2.2656949213654585,2.974787
3.5,2.835875588070685,3.5471528
3.9,3.2722297113041208,3.8641098
3.2,2.5943036085837647,3.2308033
3.3,2.546661664987468,3.1609242
3.8,2.8827700960297946,3.7121694
6.2,5.598038975910917,6.2481413
6.8,6.040701506540174,6.891119
6.8,6.086703392061523,6.891119
6.9,6.3229620365741255,6.8870573
6.7,6.179708046391326,6.769536
6.9,6.287381175474394,6.9893146
6.9,6.291041760994389,6.9893146
7.4,6.970517650843725,7.471869
8.2,7.804127730476829,8.171244
8.2,8.054278296192447,8.36564
8.3,7.984810547977471,8.364843
7.5,7.1272943628313,7.3723984
6.5,6.007353319523347,6.455079
7.6,7.153599990434536,7.576309
7.8,7.36930586261726,7.898938
7.5,7.016942364339911,7.5483766
6.1,5.360849598254283,6.085539
7.0,6.45409870186608,7.0729365
7.1,6.494208660286915,6.962959
7.1,6.887389148009191,7.1920424
4.5,3.7264570015224834,4.5290494
5.1,4.419659274137324,5.1959686
4.9,4.277962014733923,5.051549
3.9,2.920930389052714,3.826945
3.6,2.7069692968571744,3.7207701
3.4,2.601580617740261,3.5055003
3.6,2.81891916323643,3.5482805
3.4,2.596284491656995,3.505373
4.0,3.285697534774677,3.9219468
4.0,3.250730162897078,4.0945807
3.9,3.1253643596088025,4.0144105
3.9,3.129560085066373,3.8855736
3.6,2.6800241626991195,3.5899718
4.3,3.571942942583398,4.380248
3.3,2.4726741384750994,3.3391662
3.4,2.497685859806502,3.3535347
3.1,2.138575848213648,3.0397036
3.1,2.1631673476588844,3.039547
3.2,2.1877019854360427,3.2451308
3.6,2.6807535913944207,3.6462896
4.3,3.3785660892502776,4.298946
4.5,3.7034313283982527,4.58717
4.3,3.4954483947949555,4.302416
4.7,3.958773739902263,4.819232
4.6,3.7645698596671835,4.6689034
4.6,4.091495222524827,4.680108
4.9,4.254757617907671,4.9564195
5.2,4.730620735473629,5.3222675
4.6,3.781952506826194,4.527191
4.8,4.378625760647857,4.8131166
4.2,3.489535710677508,4.299017
4.5,3.8166879299908487,4.527064
4.5,3.8779925391980825,4.527423
5.4,4.869882187041291,5.4582505
4.8,4.186284029471196,4.8161244
3.9,3.2150030523716424,3.9839585
4.8,4.125320581261498,4.6923156
4.6,3.963947403911753,4.66557
4.6,3.957610492852133,4.666303
4.4,3.743461446124151,4.445063
4.2,3.373482680811101,4.1729445
4.0,3.493712604751387,4.025787
3.6,2.8288207344144993,3.6347573
3.7,2.9378542598585824,3.7349935
8.1,7.575010353588674,7.9816637
7.5,6.938352916797392,7.482177
7.7,7.603050150785073,7.6786733
7.1,6.964493458322444,7.175632
6.5,6.31754163732537,6.3000574
5.8,5.771916612312943,6.0135508
5.6,5.428541424204532,5.5587716
5.5,5.438002649269883,5.5958023
5.4,5.337120361413994,5.52725
5.2,4.938484632476758,5.011527
4.8,4.552461588751704,4.9238667
4.5,4.198774799336462,4.6738286
4.2,3.6262434662655423,4.2100043
3.4,2.7199636968029637,3.4996064
3.5,3.0942979905899435,3.5734098
4.0,3.808510835942137,3.8872032
3.0,2.640446609409146,2.960577
3.1,2.909461513625395,2.982588
2.7,2.373520099421917,2.8310795
2.2,1.471497591382544,2.2382169
2.8,2.2820415710687527,2.7074444
2.5,2.0457415364527947,2.5712857
2.4,1.7969194538096858,2.3491058
2.5,2.153683759911857,2.6254103
2.4,2.075846511991301,2.4457834
2.3,1.8594640699366423,2.2149801
2.2,1.8229997482739861,2.0061316
2.3,1.9313864541472512,2.2184045
2.5,2.1098654732726203,2.4294894
2.1,1.8555840942050636,2.0273771
2.2,1.9754802233827249,2.0626767
1.9,1.7513733814281807,1.8605324
2.0,1.5220307818174064,1.9226232
1.1,0.21667443567822886,1.0636877
1.5,0.9361056800529681,1.6489202
1.7,1.5315882879058123,1.6716778
1.3,0.7804926434221002,1.0933009
1.4,0.8069325016951225,1.5352566
1.8,1.6650964315870738,1.8871652
1.3,1.0480722972845058,1.423167
1.1,0.8719998192180256,1.0370909
0.9,0.5057911997672662,1.0255358
1.3,0.5919903429283266,1.2116061
1.6,1.1883215818329873,1.741576
1.9,1.4019219305942556,1.8825259
2.0,1.2723957892064206,1.9363794
2.1,1.318830306391284,2.2365763
2.1,1.632629068349459,2.2379365
1.6,0.6761812113324552,1.596455
1.8,0.8602256226292795,1.8064991
2.0,1.2258966530860604,1.8518243
1.9,1.1168049581764166,1.813214
1.7,0.7639673668001592,1.6174814
1.4,0.5123745251077381,1.42266
1.4,0.7903456305108563,1.3371265
1.3,0.6745153781953306,1.1703557
1.2,0.867804470041257,1.264632
1.1,0.6379048343333196,1.262371
0.9,0.490517975237708,1.0276977
0.3,-0.2601577696192052,0.44061115
-0.5,-1.264664469238987,-0.47007838
-1.3,-2.2886065127662008,-1.2388288
-1.6,-2.4938562179528247,-1.4824265
-1.8,-2.3423956609563064,-1.9367019
-1.9,-2.4776418756674445,-1.9774942
-2.2,-2.647729321264663,-2.2482111
-2.1,-2.461989076966077,-2.069907
-2.0,-2.4377718614173034,-2.0725281
-1.5,-1.8002499271214276,-1.5318668
-1.3,-1.46135558397647,-1.2908604
-0.9,-1.2443975428111926,-0.91747296
-1.2,-1.6180812740504393,-1.2314817
-0.5,-0.9460133818083705,-0.4293817
-0.9,-1.3885791194981252,-0.9400176
-0.7,-1.1260447148039177,-0.79184514
-0.9,-1.5140884231187357,-0.9013306
-0.7,-1.4648514088158464,-0.6811756
-0.6,-1.351026722299899,-0.39748102
-0.7,-1.6673903433236532,-0.7677841
-0.6,-1.441621913452522,-0.50513536
-0.2,-1.1466568867695912,-0.2553632
0.3,-0.7803279657834068,0.1866155
0.7,-0.3426304775573925,0.7759596
0.4,-0.6058953641990428,0.4516541
0.4,-0.49715003060225627,0.48661298
0.5,0.04765339526173307,0.6099663
0.2,-0.16720974202407035,0.3210044
0.3,-0.17225509708722342,0.19543228
0.3,-0.35767804579408136,0.28644553
0.1,-0.2792851302402326,0.19680285
0.2,-0.22985447921218594,0.3321275
0.2,-0.24244925860230637,0.2051333
0.5,-0.12109511914931659,0.5026465
0.5,-0.03274286620384004,0.5488924
0.8,0.20278604980893533,0.83297116
1.2,0.786775241033169,1.2565472
1.1,0.7834834149245253,1.1499302
1.2,0.7822420606121341,1.138989
1.4,1.0104845948874654,1.5618945
0.7,0.09116064322155637,0.6991103
0.8,-0.022652798808671548,0.75746506
0.7,0.2322888486336936,0.79101735
0.4,0.04593678556425829,0.3116284
0.2,-0.21563262728474086,0.19813778
0.2,-0.17215500008436635,0.27846572
0.1,-0.26446273374315155,-0.07225157
0.4,0.07958021048081321,0.3124779
0.5,0.18624943906619507,0.4392388
0.6,0.3335326006228243,0.4395979
0.7,0.45340468240130605,0.7802117
0.7,0.4357193105355819,0.7889047
1.6,1.5994699033088509,1.5190777
0.8,0.6844857122376666,0.9361574
-1.2,-1.7858635375556418,-1.1471566
-1.1,-1.7961059036025162,-1.1925857
-0.9,-1.635384446823167,-0.97250503
-1.1,-1.862489818252456,-1.0204508
-1.6,-2.524040977102686,-1.7097796
-2.2,-3.3952139268738364,-2.4223733
-2.0,-3.213625959423851,-1.986623
-1.9,-2.850316368559504,-1.8580898
-1.5,-2.2659019821387076,-1.4537964
-1.7,-2.478610231524236,-1.6276685
-1.7,-2.512463012788942,-1.4814134
-1.4,-2.2017020083673557,-1.2258441
-0.8,-1.2775958242593717,-0.9006572
-0.7,-1.298514339531188,-0.67051
-0.4,-0.9550105830640376,-0.30006638
0.0,-0.5320865239719339,0.16321313
1.8,1.7161925332259855,1.8627652
3.3,3.4236332771454556,3.2604196
4.2,4.358678721989129,4.2077103
5.2,5.293085876823312,5.085577
6.9,7.13735165016908,6.913296
7.0,7.449135685908345,7.2491775
6.9,7.131686949271284,6.7484818
6.2,6.236870595856587,6.2707295
6.2,6.1543340314022075,6.2882357
5.6,5.358177948346061,5.656948
5.4,5.23751804763895,5.522071
5.6,5.484175335289876,5.6580076
5.6,5.431309975326457,5.5327067
5.7,5.699296002901249,5.809458
5.8,5.870466233918997,5.8901367
6.1,6.2948989227819965,6.1411076
5.7,5.586102087073989,5.630217
5.4,5.324482621300497,5.3709307
5.7,5.702146397216843,5.7018037
5.2,5.139216512124477,5.328158
5.4,5.131311866453025,5.452773
5.2,5.078985022172475,5.4516478
5.2,4.876728480512966,5.1845584
5.0,4.768270631424933,5.1511703
5.7,5.599930621443043,5.842266
5.2,4.830444166218989,5.1741395
5.4,5.058859086519433,5.3653812
6.7,6.750616642987694,6.695211
6.7,6.63986877071158,6.630992
6.8,6.805904417116544,6.732008
6.6,6.551690633659362,6.623003
6.7,6.636345241866358,6.7589607
6.5,6.350813364159194,6.287464
3.9,3.255477260257301,3.91345
4.1,3.61747252499125,4.2113633
5.5,5.073666771605623,5.34732
5.2,4.707473018990548,5.085025
5.1,4.703488865959926,5.085025
6.3,6.084406272825262,6.160645
6.2,5.8496052207318385,6.047368
5.0,4.4414407103744935,4.8359785
4.4,3.8302750436023842,4.1147137
4.9,4.430040822446166,4.7843328
4.3,3.7884863453591535,4.2578125
5.2,4.824642491589394,5.182718
5.4,4.971618544686422,5.405077
7.0,6.859816236983271,7.0780177
7.7,7.703138948420033,7.5707273
8.9,9.098842669739312,8.869991
9.2,9.524490009933839,9.193042
6.7,6.615847722030331,6.386403
4.8,4.5967742879673,4.743723
5.6,5.168344967356688,5.5601277
6.0,5.626530740519321,6.2082014
5.8,5.510918178279233,5.797217
5.0,4.492426189141121,4.9593053
5.2,4.611356716816971,5.100649
8.3,8.146017458173475,8.298556
8.9,8.832664571764465,9.018855
4.9,4.296172455959187,4.8047047
4.9,4.341032817529204,4.9315925
4.4,3.6260581697322323,4.3793426
5.4,4.711496826313542,5.329061
3.6,2.6939640494969197,3.6642919
3.3,2.233796696044571,3.2463658
3.2,2.26321872129445,3.2464585
3.1,1.9601523938820336,2.9806647
2.9,1.79932722908395,2.9528
3.0,1.9674120124938241,3.0008802
3.3,2.5221020383305444,3.2045686
3.4,2.676423201128962,3.3748379
3.5,2.791588734150089,3.5113938
3.5,2.943807669678769,3.5402005
3.5,3.0124382112174573,3.3733933
3.3,2.8229052462705653,3.381039
3.2,2.856680380570481,3.1963415
2.9,2.2679611071268084,2.891845
3.3,3.135418777980071,3.222648
3.2,2.917153409810993,3.1453614
3.4,3.1931296609278874,3.213548
3.5,3.146930243350731,3.3930225
3.7,3.472164489509474,3.6342075
3.7,3.424154540846345,3.6408868
3.9,3.79749274843536,3.8765483
3.7,3.338803581539338,3.7032015
3.0,2.57958179977868,3.0262494
2.7,1.9272954670991496,2.719708
2.3,1.920205199605725,2.3660674
1.7,1.0612493530824665,1.7655667
1.7,1.0519208846488084,1.7495033
1.3,0.5488666811253466,1.2187967
1.1,0.45057332493239954,1.0387167
0.8,0.1660355461533669,0.70347816
0.3,-0.3416744420222386,0.39970702
-0.2,-0.7961288464001157,-0.25493184
-0.3,-0.7545788934066238,-0.2586191
-0.3,-0.7766413030864854,-0.25874653
-0.2,-0.5319446780722785,-0.14152022
0.0,-0.6132445101778998,-0.14533046
0.1,-0.3122246570309457,-0.14353721
0.2,-0.3353438083207223,0.20561604
-0.3,-0.7014494570851753,-0.24159959
-0.6,-0.7708362934205653,-0.6702856
-0.9,-0.951090926395949,-1.008676
-1.1,-1.0996061822805743,-1.0996859
-1.2,-1.3488545746903213,-1.2653666
-1.4,-1.4706213932657448,-1.2398801
-1.5,-1.6891211033181932,-1.5645274
-1.5,-1.623446979654723,-1.3711098
-1.6,-1.9073883491070802,-1.6380665
-1.8,-1.873881128436551,-1.5363933
-1.7,-1.9990317525736998,-1.8022991
-2.1,-2.327605957982584,-1.9724231
-2.4,-2.6749546287518697,-2.3630805
-2.6,-2.8218111272667556,-2.3885949
-3.2,-3.5356386419467327,-3.5260575
-3.0,-3.4052917943729355,-2.984125
-3.0,-3.363842148924995,-3.0059762
-2.8,-3.208301243372766,-2.7480946
-1.8,-1.9780288893895772,-1.977993
-1.9,-1.9447710645708227,-1.989737
-1.7,-1.9012558135483744,-1.6388037
-0.8,-0.8052099862870392,-0.9255757
0.1,0.31705599247145955,0.32188445
0.3,0.5479455510881479,0.2203487
0.7,0.9847218219619123,0.691507
0.0,-0.09683796580191029,-0.1209457
-0.7,-0.932168025682941,-0.7942026
-1.0,-1.1894193556317276,-0.87000495
-1.0,-1.3384786405991989,-0.90948325
-0.9,-1.2944969278231397,-0.9239477
-0.9,-1.1534484945603651,-0.85830957
-0.8,-1.0830260401386482,-0.69601333
-1.0,-1.3560465933378012,-0.9198693
-1.0,-1.344227415973542,-0.9198316
-0.7,-0.9340904652896214,-0.6313132
-0.7,-1.0467420598315798,-0.69586414
-0.4,-0.7467498735847826,-0.4041169
-0.6,-0.9911314439757746,-0.7068798
-0.6,-0.9749467123837192,-0.70990396
-0.5,-0.6682433392758043,-0.40345356
-0.4,-0.6777260097290565,-0.26083446
0.4,0.20883874273330605,0.37638867
1.7,1.7148308304776378,1.7163879
2.5,2.5826855331925955,2.5425591
4.0,4.386244422993819,3.9131334
5.1,5.851108784466319,5.0720887
5.9,6.788669613038934,6.023873
4.4,4.58744911549779,4.4212723
4.7,4.887392233560199,4.762545
4.6,4.954041099031315,4.7146897
4.5,4.735467076532672,4.427156
4.5,4.8534747350080565,4.3849535
4.7,5.301224577061745,4.495806
5.3,6.060655939014438,5.268327
5.7,6.619150965987579,5.733038
5.8,6.754640519375684,5.788628
6.2,7.241780570973852,6.1184235
6.1,7.145227295539961,5.945258
5.2,5.935272209463498,5.2475624
5.5,6.156741203293464,5.395797
5.9,6.715651979805507,5.6582236
6.5,7.297218735411803,6.491637
6.1,6.810904483173076,5.983388
6.0,6.765202256940249,6.0069065
5.5,6.136342706476363,5.470461
5.5,6.063550283772734,5.188963
4.5,4.482026597250957,4.517197
5.2,5.184644221738985,5.1023707
6.5,6.47558386421845,6.725591
6.3,5.8861970548093865,6.3144765
7.2,6.923669189522663,7.2815237
7.2,7.1059799765275855,7.328376
6.1,5.8116117927898685,6.060561
6.1,5.721927732621445,6.060561
6.8,6.744143097654266,6.813216
9.5,9.394022555167222,9.400863
10.2,10.269140628816004,10.181433
11.2,11.381765136974806,11.406893
11.3,11.516083234905526,11.3958845
11.3,11.428110965696469,11.286888
10.5,10.578087347440704,10.365434
9.5,9.7262483469028,9.574506
8.7,8.741208934205641,8.780953
8.0,7.974027887012642,7.8838973
7.3,7.21660812162893,7.3713684
6.5,6.378602672881904,6.685208
6.2,5.911813041318119,6.1502857
5.7,5.2843901547236385,5.560736
5.3,4.870144868900205,5.1184177
4.9,4.581143069912073,4.828666
5.0,4.704064475298118,4.876674
5.3,5.076557842696197,5.298032
5.2,5.040591316818379,5.1983457
5.2,5.200979747386441,5.425382
5.1,4.973715968841525,5.1839843
4.9,4.71583804898588,4.9514627
4.8,4.453544070255184,4.6768703
4.9,4.6509113724158695,4.9356856
4.9,4.7693712010409115,5.1822457
4.9,4.666762250050496,4.9384007
4.8,4.642699213718203,4.9215665
4.5,4.326478576940467,4.6077957
4.2,3.9770064228416473,4.1338725
4.2,3.912874669940237,4.1351295
4.1,3.92802223115374,4.135167
4.0,3.665877004576842,3.81081
3.8,3.535805657121351,3.7296374
3.8,3.551165343169515,3.7220824
3.6,3.496261154752439,3.5709877
3.8,3.615431591586784,3.8016858
3.4,3.004185300176289,3.313365
3.2,2.7998239402915814,3.224803
3.4,2.9835377916758645,3.3114872
3.2,2.5155659374002752,3.1450434
3.2,2.7784448260112384,3.2247608
3.5,3.021817255244578,3.33687
2.9,2.4956931509822837,2.9104347
3.3,2.9186959247072863,3.484138
2.9,2.253895805946115,2.7766879
3.4,2.7177403872113075,3.2885308
3.6,3.1061320290333825,3.5656776
3.5,2.910856323031531,3.567178
3.4,2.9703595085705246,3.5061958
3.3,2.647133647030479,3.2770145
3.3,2.907188573779635,3.2087512
3.2,2.5187030934413883,3.161064
3.4,3.152381010387991,3.4439042
3.3,2.862135219222864,3.2091682
3.4,2.7924884211811616,3.426046
3.5,2.8121060077923303,3.3545384
4.2,3.7139730813422034,4.2917056
4.5,4.039344452308754,4.4309907
4.5,4.037383986851921,4.4297233
5.5,5.092522088696263,5.5131536
5.2,4.853718601293586,5.263278
4.8,4.269992630948259,4.7668843
5.0,4.487358856998554,4.9158783
4.9,4.423902839638998,4.8399873
5.4,5.104560183166804,5.2729
5.6,5.32510862624531,5.574269
5.1,5.021482733231458,5.1133313
4.5,4.047852636512154,4.4081626
6.1,5.921134405001574,6.254573
5.8,5.651192874831075,5.9121747
4.4,4.172391704821614,4.262039
3.9,3.3609390183239185,3.6607473
3.6,3.346348906605833,3.6409233
3.1,2.3954009567272863,2.9678202
3.1,2.6126024727651966,2.9687798
3.2,2.718301379639435,3.29964
2.9,2.193501231651325,2.9766066
2.6,1.991305010671816,2.6097386
2.7,2.2555392772761707,2.7728999
2.5,2.1281455868000307,2.6532576
2.4,2.3836443799867126,2.4332151
2.2,2.029094851570825,2.1010673
2.0,1.7669000887728217,1.9223609
1.8,1.2474030059022994,1.7882136
2.0,1.4654102885166083,1.9858993
2.0,1.7793887467578742,1.9097013
2.0,1.7307778628667307,1.8859667
1.9,1.6695661681020653,1.8784907
1.1,0.8473701752123617,1.1621698
1.4,1.2262646564236874,1.4479089
1.1,0.7605407249534721,1.1537135
1.0,0.7131572698234905,0.88975954
1.1,0.8438407647523434,0.98357016
0.9,0.740788637716129,0.9498588
1.0,0.8728713457773836,0.9851568
0.8,0.7582826193492807,0.7362439
0.7,0.5454032085761398,0.6921716
0.6,0.6067747332105782,0.68785536
0.6,0.6027567743652327,0.6892007
0.5,0.4853757644445409,0.6059502
0.3,0.15634700642278432,0.26304722
0.2,0.09689258608175066,0.14421472
0.1,-0.10675662235937722,0.10555859
0.2,-0.09921173954758444,0.10149967
-0.2,-0.3990804488589461,-0.26791176
-0.3,-0.7041562606037886,-0.17508945
-0.5,-1.0374276999731151,-0.5075055
-0.6,-1.1784150933642081,-0.5056699
-0.6,-1.2858329782525502,-0.6199806
-0.6,-1.1019252189863877,-0.5029652
-0.5,-1.0306898568437433,-0.50703794
-0.3,-0.8257074743676256,-0.24922264
0.3,-0.0599144849896831,0.29075202
0.3,0.019135281886057953,0.29648912
0.6,0.20495220812692594,0.6724673
0.5,0.1690112654073488,0.7064866
0.7,0.2745352276560311,0.8079118
0.5,0.028463260220647157,0.5662264
0.6,0.10770591575533928,0.5671805
0.6,-0.019455073246447796,0.5192534
0.4,-0.130421440172654,0.4520174
0.6,0.11831403703593679,0.5192534
0.5,0.0017368744838464067,0.45033854
0.7,0.22633977732333221,0.784263
1.0,0.4962242846309479,1.0333174
1.2,0.8517851685841791,1.3749195
1.2,0.7824340542161607,1.1809531
0.6,-0.05399317278393312,0.5539044
0.6,0.22785736409278456,0.6629488
0.7,0.04408007388660451,0.902827
0.5,0.023527658563246234,0.52314615
0.2,-0.49012162140233784,0.20779705
0.6,-0.020296641616603495,0.65705943
0.3,-0.2669591879408486,0.33031476
0.6,0.09161099694752295,0.77926815
0.5,-0.1492875864466967,0.61085206
0.7,-0.08763183879845116,0.7122435
0.6,-0.12598885738638188,0.69521046
0.8,0.061386364440750185,0.8435721
0.6,-0.4201032154730271,0.5175588
0.4,-0.5090155163367811,0.40904823
0.2,-0.636805539340223,0.21333005
0.4,-0.3270144964597961,0.34007382
-0.2,-1.140983218306694,-0.2245082
0.1,-0.5657903087346128,0.19335583
0.0,-0.5690269186622743,0.19265677
-0.4,-1.25439109961345,-0.36111525
-0.8,-1.6074498103318433,-0.6872305
-1.3,-2.1276213656501923,-1.3234986
-1.7,-2.6102974162291517,-1.6296856
-2.3,-3.3830843808535036,-2.4808722
-3.0,-4.1809984376641935,-2.9383883
-3.4,-4.41523152618354,-3.3524728
-3.8,-4.729472663836297,-3.6360567
-4.6,-5.626059306628008,-4.4385786
-4.2,-5.189649222556916,-4.4529004
-3.8,-4.754121584455547,-3.9179604
-3.1,-3.9460466993626895,-2.804151
-2.4,-3.222577291376737,-2.2437327
-1.6,-2.265901377606042,-1.5639808
-0.9,-1.2168555878864709,-0.79208237
-0.5,-0.8549984709533618,-0.6906187
-0.5,-0.7405819293138833,-0.6617458
0.6,0.820268067932389,0.7158195
0.1,0.06376561019546756,0.10968822
0.0,-0.3011913046873431,-0.13088606
0.2,-0.24179321682117916,0.14405945
0.2,-0.33881538727823113,0.14405945
0.4,-0.1355999837766575,0.41117328
0.1,-0.45067473211741316,0.08746059
-0.2,-0.6684670584294352,-0.21061258
-0.2,-0.8886624439201327,-0.2490445
-0.5,-1.1270042360722954,-0.39368802
-1.1,-1.9380001752574785,-1.0562166
-1.0,-1.932149461884876,-1.2253801
-1.0,-1.9055043547358181,-0.9282107
-1.0,-1.9306562085797907,-0.9293406
-1.0,-1.9432339344066065,-0.9293406
-0.9,-1.8071100641597084,-0.9497643
-1.0,-1.955560410375817,-1.2255483
-0.7,-1.512523937745371,-0.741956
0.2,-0.4126872568782858,0.29500484
0.2,-0.5186610524800273,0.199784
1.0,0.39052675965206873,0.90277684
2.9,2.8118039666003085,2.944591
3.1,2.9315967196289847,2.9384422
2.6,2.4068651335446276,2.5906148
2.5,2.172710204304572,2.4239907
3.3,3.493265793551778,3.2687066
3.1,3.2248544700609827,3.1512616
2.0,1.717305506391689,2.0861106
1.8,1.354698177533507,1.7314653
1.7,1.262551829487748,1.7314653
1.3,0.798462809604402,1.306695
0.9,0.24469897267518803,0.98468363
0.8,-0.15425381992092468,0.78623706
0.5,-0.34355919435331117,0.51948035
0.2,-0.6297490097531124,0.18747015
0.5,-0.3925339878567442,0.4610081
0.6,-0.24661045470911347,0.4610081
0.8,-0.1235154388987425,0.7791406
0.9,0.12871177085023078,0.93994355
1.1,0.44546270718800685,1.077193
1.2,0.4665944538237383,1.26878
1.5,0.6483316803728485,1.3415371
1.2,0.5800159670085279,1.2081316
1.3,0.6165784319649958,1.2767394
1.1,0.32420813959594597,1.0689247
1.1,0.4252398760248184,1.0990021
1.1,0.28763554648790546,1.0962974
1.4,0.6240180215420281,1.4491273
1.5,1.021187815959884,1.6629256
1.4,0.7971475316225849,1.4372174
1.7,1.3366387035992702,1.7841083
1.5,0.9184120233708697,1.4751444
1.4,0.6963982411426528,1.4367536
1.4,0.6603840552819733,1.5045891
1.3,0.7933118909367352,1.3921669
1.2,0.7091615139153689,1.2701899
1.0,0.15404350881072304,0.9439606
0.6,-0.023918073030905873,0.7098035
0.7,-0.011256815107039131,0.61235297
0.5,-0.42481112961290535,0.39740786
0.6,-0.27743719873515715,0.6601776
0.5,-0.1340626312832498,0.52092206
0.5,-0.18580889616177387,0.3987243
0.2,-0.5993086687363842,0.16740401
-1.7,-2.515027119822122,-1.8996413
-2.6,-3.2019507753508663,-2.5625198
-2.5,-3.3538112836823686,-2.7549686
-2.3,-2.9904257614846657,-2.2044075
-2.6,-3.2021325415182673,-2.479631
-2.3,-2.968850176392266,-2.4783547
-3.0,-3.6565715316323946,-3.2017648
-3.6,-4.1091188692569816,-3.7095485
-3.9,-4.309127708655588,-3.6949515
-4.4,-4.889511577295821,-4.325493
-5.0,-5.752333400164503,-5.1896324
-5.2,-5.976962627009705,-5.007264
-5.5,-6.302865514258407,-5.524153
-5.2,-5.93293956746281,-5.037577
-5.5,-6.156441513125273,-5.4708166
-5.5,-5.983326441625195,-5.4708166
-6.7,-7.324522764011114,-6.542804
-7.5,-7.455226344030571,-7.523926
-7.7,-7.855737778757934,-7.544351
-7.6,-7.615091167056107,-7.5445256
-6.5,-6.426636782763843,-6.798671
-5.9,-5.9056116050310905,-5.822435
-5.9,-5.7710892719405535,-5.822435
-5.7,-5.8746052409595535,-5.8113885
-4.5,-4.5120524918243845,-4.766682
-3.2,-2.983943606678892,-3.4732122
-2.2,-2.248792877800085,-2.2343795
-1.0,-1.0357411865254704,-1.0390679
-1.0,-1.5712444909772856,-1.0035437
0.4,-0.04311879763134385,0.41131756
0.4,-0.36383148578241276,0.34986278
1.8,1.4591820007120404,1.7940035
2.9,2.62375434593028,2.8345735
3.2,2.7207696281267104,3.30898
2.8,2.6875958317069646,2.8394227
1.4,1.4104070989531223,1.544552
0.3,0.1992734155269389,0.40875706
-1.3,-1.3971139193396809,-1.218225
-2.4,-2.386860924793865,-2.2873988
-2.9,-2.980512193162326,-2.9023926
-3.5,-3.6177850195659786,-3.4618258
-3.7,-3.9748994973035465,-3.8764193
-4.1,-4.243355770546778,-4.3070626
-4.4,-4.491031956805358,-4.315292
-4.6,-4.895981186699913,-4.7784166
-4.7,-4.849655740479008,-4.543807
-4.7,-4.725258930576722,-4.551392
-4.9,-4.893068216044732,-4.987526
-4.8,-4.918906725708219,-4.838905
-4.3,-4.148467396885614,-4.1071954
-3.6,-3.8724800056867466,-3.8907719
-3.6,-3.893988332221703,-3.5225081
-4.3,-5.141548496029877,-3.9535034
-3.8,-4.791620179299187,-3.8586786
-2.7,-3.713655604118621,-2.7769542
-1.9,-2.6683861077981703,-1.7130945
-1.4,-2.4811375772813165,-1.4864247
-0.8,-1.7982985909527827,-0.8213498
-0.2,-1.2078091989042008,-0.18241206
0.4,-0.26655635103607267,0.4759641
-0.4,-1.0453579609832389,-0.36026698
0.0,-0.5726611281214673,-0.031630505
-0.1,-0.646409728648834,-0.038473338
0.0,-0.7660227315688033,0.0011240218
-0.1,-1.1443196778530549,-0.019784883
0.3,-0.4322265506610421,0.18698978
0.4,-0.3248996832757882,0.4306698
0.2,-0.8555462968742589,0.16950819
0.4,-0.4938446417379012,0.40004393
-1.1,-2.2907179645460616,-1.2049942
-2.0,-3.1448990797530954,-1.9740913
-2.5,-3.6507638667073934,-2.4119873
-3.1,-4.1497726288116965,-2.9811134
-3.6,-4.636156322426487,-3.3582416
-4.3,-5.52813452126464,-4.4899435
-4.3,-5.580571965413952,-4.026125
-3.9,-4.963141851451297,-3.8995414
-3.2,-4.254503507141557,-3.239607
-3.2,-4.075568280044074,-3.240033
-2.8,-3.6458683449733584,-2.832664
-3.0,-3.5810028347812235,-3.164557
-3.1,-3.6961214010811148,-3.160153
-2.9,-3.2521579232512536,-2.9432175
-3.4,-3.87570035443418,-3.5065048
-4.0,-4.5197044994196105,-3.9001994
-4.2,-4.621960091928969,-3.915042
-4.6,-4.770730175014762,-4.8033886
-5.2,-5.444319017556126,-4.9984245
-6.3,-7.18768551911657,-6.308201
-6.7,-7.533314896016471,-6.796441
-6.9,-7.458176874004835,-7.257127
-7.5,-7.928437645421674,-7.2504916
-8.0,-8.647226477499956,-8.041998
-8.5,-8.745120948954025,-8.513636
-9.0,-8.119413454022649,-8.910446
-9.3,-8.492068627319703,-9.729675
-9.7,-8.864297960167093,-9.661424
-9.9,-9.323330603909113,-9.98776
-10.0,-9.466378401445908,-9.940114
-9.8,-9.130924793822118,-9.989136
-9.6,-8.547990061320775,-9.638694
-9.2,-8.630433487142746,-8.972313
-9.2,-7.913943996693668,-9.6033325
-9.4,-8.292129122510964,-9.6516695
-9.8,-8.141798702465167,-9.352359
-10.2,-8.141259512189812,-10.33643
-10.5,-8.999789178953229,-10.486915
-11.2,-9.537252042886735,-11.669831
-11.7,-10.05380617464369,-11.610414
-11.7,-10.250382787898978,-11.643976
-11.7,-10.410724342932326,-11.620387
-12.2,-11.155139694407453,-12.151728
-12.3,-11.499787994438186,-12.220361
-12.5,-11.592484305249798,-12.364484
-12.8,-12.161810322227453,-12.367119
-13.1,-12.400805812789251,-14.474517
-13.3,-12.511409196083122,-14.493773
-13.6,-12.952538434383754,-14.541981
-13.7,-13.396206684286518,-14.663348
-13.6,-13.139004047621292,-15.16392
-12.8,-12.179518018343337,-12.241794
-11.8,-11.022332010340264,-12.194431
-10.6,-9.15542150848443,-10.378281
-10.1,-8.54944801805798,-10.365637
-9.9,-8.071401909581354,-10.2951565
-9.2,-7.472526684189155,-9.287626
-9.2,-7.121931263042995,-9.280317
-9.1,-6.832294714082167,-9.261794
-9.4,-7.192498752657173,-9.24076
-9.4,-7.3287386600759845,-9.217329
-10.0,-8.248612756489507,-10.316051
-10.4,-8.717776366082752,-10.458652
-10.9,-9.479258123726723,-10.499279
-11.7,-10.466356559578067,-11.976318
-11.8,-10.747645941209925,-12.2010565
-11.7,-10.646705757756692,-12.158773
-11.7,-11.274949056698077,-13.051757
-11.0,-10.410241549719316,-10.81071
-10.6,-10.123730603221162,-11.438379
-10.7,-9.910967940873157,-10.849269
-10.2,-9.463671422607085,-10.850399
-10.1,-9.392585958119327,-10.491804
-9.3,-8.776338999107303,-9.036147
-8.6,-7.881273141949627,-8.788951
-7.8,-6.994159129383831,-7.9407625
-6.1,-5.038113127354777,-6.232012
-4.5,-3.1074453336762886,-4.302901
-4.0,-2.4914328645841763,-4.0336275
-2.4,-0.6325931932241673,-2.3075244
-2.0,0.17299395890037061,-2.0846465
-1.6,0.43232591744087046,-1.4576871
-1.3,0.5505690965725449,-1.160452
-1.2,0.5545018633401639,-1.2713649
-1.1,0.22977279725070332,-0.963545
-1.4,-0.3480395930519933,-1.4587833
-1.5,-0.6435361725387239,-1.3406885
-1.8,-1.2090891242072388,-1.9952942
-1.9,-1.292181001493347,-1.9963775
-2.5,-2.1947491420155103,-2.5842812
-2.7,-2.5765366790052227,-2.9068046
-3.0,-2.902253964169489,-2.9307334
-2.6,-2.322165271886057,-2.597874
-2.7,-2.1999538025871033,-2.8250835
-3.1,-2.676256381059588,-2.8973489
-3.2,-2.758412739858578,-3.2040508
-3.1,-2.677223353879093,-2.8853168
-3.2,-2.759002865475914,-3.1943066
-3.0,-2.531414876438795,-2.8439703
-1.9,-1.1939942786999254,-1.9532806
-0.8,-0.1406303097593522,-0.8910021
0.5,1.522544754805935,0.57485044
0.8,1.8998649590048515,0.7110916
1.8,2.753801766683509,1.7566974
1.4,2.233787717660533,1.2931187
1.4,2.188436191689206,1.295518
1.2,2.0975761675483042,1.2911392
-0.1,0.7018016575921919,0.07864606
-1.9,-0.5028970838941831,-1.785667
-3.6,-2.056474087341435,-3.5439534
-4.6,-2.407262973547546,-4.902583
-5.9,-3.658764214674129,-5.631618
-7.4,-5.053714140138794,-7.3928285
-8.9,-6.410446275033443,-8.911947
-9.7,-7.561258907669959,-10.249192
-10.9,-8.335170739679228,-11.555317
-11.6,-9.586275041709442,-11.783571
-12.3,-10.602021538337809,-11.887304
-13.4,-11.917072934988937,-13.365799
-13.8,-12.54030951109398,-13.164343
-14.6,-13.186771032149267,-13.255001
-14.9,-13.86378916285004,-15.482082
-14.9,-14.055366504439071,-15.490541
-14.3,-13.343433287021142,-13.399189
-13.1,-11.794120383702044,-13.461429
-12.7,-11.300774398460455,-11.774992
-12.7,-10.993462251406406,-11.650925
-11.8,-9.176532086845981,-11.705319
-11.1,-8.616161146157914,-11.604
-10.7,-7.972178300816488,-12.269756
-10.6,-7.839426904987526,-12.280246
-10.4,-7.6029352053334875,-10.312569
-9.8,-7.384276571441966,-10.270195
-9.4,-6.953019700106552,-9.12825
-9.3,-7.221558762406467,-9.204427
-9.2,-7.591248685404366,-9.26031
-9.1,-7.400014536756721,-9.274901
-9.1,-7.75853907195367,-9.338646
-8.6,-7.193018861171183,-8.453276
-8.5,-7.3058790094167065,-8.546288
-8.1,-6.85454248251591,-7.757071
-7.7,-6.8703426303819555,-7.9377394
-7.5,-6.624554058400022,-7.2154098
-7.1,-6.110980053942086,-7.193698
-6.8,-5.890973822478074,-7.1956177
-6.5,-5.570050902764045,-6.3363633
-5.6,-4.649045765050168,-5.4266562
-4.5,-3.5078857928247587,-4.380792
-2.4,-1.508171656022597,-2.4016678
-0.7,0.19157796831684948,-0.66823804
0.7,1.4651757808498544,0.53391576
2.8,3.5206944538413723,2.904447
4.5,5.200739723636701,4.6261554
5.4,6.066906985998678,5.345716
6.0,6.845840849907418,5.7985625
6.8,7.408493526295622,6.984326
6.6,7.305779218041259,6.731862
6.1,6.706620252036302,6.044864
5.6,6.083802869856093,5.4513164
5.5,5.974503633927036,5.385495
5.2,5.61102225761239,5.2827015
5.1,5.514867944395192,5.2024374
4.9,5.265141693768605,4.576981
5.1,5.5226488902616495,5.119237
4.7,5.166853459029824,4.9313154
4.2,4.693722765436043,4.035191
3.8,4.0977097049031315,3.6163893
4.1,4.370036348160063,4.124983
4.0,4.344045462795222,4.093699
3.7,3.799322958182124,3.826114
3.9,4.075268979462905,3.8658972
4.5,4.564097349216958,4.4423122
5.0,5.175614291890049,5.0304284
6.3,6.634808974201924,6.368075
6.5,6.835418259502468,6.457534
6.9,7.3444528004808305,6.926766
6.2,6.611937533365996,6.3750906
6.3,6.669046886043944,6.372543
5.2,5.342842308878758,5.2797146
4.1,4.27431735924867,4.086886
3.5,3.5739127165031874,3.5455844
2.9,2.808692265924485,2.840096
2.1,2.1893114261528055,2.1105793
1.5,1.6273325578435518,1.3894061
0.8,0.41192644631289,0.898498
0.5,0.0239973491737544,0.71561354
0.8,0.6303318501581714,0.69792724
0.8,0.5547553223637678,0.8878737
0.5,0.21789494082560168,0.45801952
0.0,-0.3523752178413062,-0.04714298
-0.2,-0.8212358266102413,-0.22656542
0.0,-0.7361013550885005,-0.009985863
0.1,-0.7079783563953512,-0.022090644
1.3,0.6679757137382225,1.177227
1.8,1.5227030543554108,1.790064
1.8,1.5220235003467835,1.8804389
2.1,1.7452394946590601,2.1361759
2.3,1.8777750425014759,2.2101393
2.8,2.5204362074354094,2.8180532
3.5,3.4773937923208607,3.5258942
4.0,4.1183809778149225,4.0564656
4.9,5.320178019788777,5.018535
4.9,5.0950691531443155,4.7771072
4.8,5.106915339742258,4.7769327
5.4,6.006936280629198,5.497103
5.5,6.024471088172341,5.497103
6.7,7.366336573500426,6.559808
7.4,7.995418563113489,7.4557195
8.6,9.351608789622194,8.673545
10.0,10.579983173895428,9.768999
10.0,10.654461228009154,10.2363825
11.2,11.631261659604778,11.269026
11.5,11.884787505219897,11.583816
10.2,10.316805899598748,10.157839
10.6,10.447905054686636,10.496654
8.4,8.160756684802354,8.320156
7.0,6.67227341743321,6.768693
5.8,5.47282458662368,6.01852
4.5,4.292618200904258,4.646607
4.4,4.02666827120165,4.52724
3.8,3.270048131671068,3.7327714
3.8,3.315746975876962,3.9351003
4.0,3.5708550200759888,3.9559603
4.5,4.12611744837195,4.5992813
4.8,4.511287441957343,4.910457
4.7,4.318332193387555,4.835103
4.2,4.096308732477439,4.2215724
4.0,3.6154873801333807,3.9400637
4.1,3.829522472257949,4.1199417
4.0,3.558134759249036,3.7956219
3.5,3.135545521882122,3.4086323
2.8,2.4868650774772547,2.821692
2.2,1.9378332368478652,2.1926603
1.8,1.4152122833686107,1.7896272
1.3,0.9647600705417503,1.3555416
1.1,0.7404712399626092,1.1624019
1.0,0.656345847700841,1.1616497
1.0,0.6554394683810827,1.1604233
0.6,0.08025571044896651,0.6787249
0.7,0.31072805747814414,0.8115272
1.2,0.9057317690083693,1.2512256
2.1,2.252364283936835,2.3447905
2.3,2.1989158222856844,2.230779
2.3,2.3596216584200675,2.547768
1.8,1.5678447653234997,1.7888533
2.2,1.887182439397499,2.24003
2.6,2.0744996916447747,2.583512
2.9,2.606103586693486,2.8951097
3.1,2.745994150776937,2.9767587
3.6,3.5566666185060285,3.5644352
3.8,3.6223677395215717,3.7160373
2.8,2.3591964581869433,2.8219004
2.4,1.6793446385863433,2.4275746
3.7,3.554594051506257,3.6354024
3.7,3.573474326937877,3.6354024
3.3,2.859077076551401,3.380058
3.4,3.094904880125995,3.308261
3.4,2.8318612828740655,3.310809
3.1,2.634113351440334,3.0110092
3.3,2.907318335302321,3.4446902
3.1,2.370513740844629,3.0983605
2.6,2.085268385739816,2.6163154
2.9,2.220289914863642,2.841655
3.1,2.5436293445929934,3.031813
3.2,2.5413542424165314,3.0742662
3.6,2.693035530637381,3.6642349
4.2,3.573848220395689,4.242529
5.3,4.7982997778085945,5.357857
5.8,5.608364029815583,5.7964315
8.1,8.131919748208485,8.279596
8.1,8.0985574502424,8.282391
5.3,4.9023776828170895,5.3195
5.5,5.249654684899944,5.566747
4.2,3.7176791552469624,4.2183127
3.9,3.2935532706359396,3.858995
4.1,3.6263071989794966,3.9968116
3.6,2.8883206417835012,3.3698912
3.4,2.8445769284232227,3.5008376
3.8,3.029467341551303,3.6084402
4.1,3.5013151806847986,4.0180197
4.3,3.796855091335864,4.243559
4.4,3.880901749061792,4.3429513
3.5,2.7322778972797934,3.4207413
3.5,2.8325210260617197,3.5856137
3.6,2.867583427431761,3.5805435
3.4,2.7315137419991444,3.4210587
3.5,3.0210839407176735,3.2054777
2.6,2.7446544552146577,2.8583596
2.1,2.254777076669029,2.327169
2.3,2.4084328415500025,2.1029801
2.7,3.0056597078144165,2.514373
2.9,3.415428564275743,3.1348877
3.5,4.367974813221728,3.607232
3.3,4.3295573889577454,3.2957184
4.2,5.771702577884,4.4978805
3.9,5.742725224713851,4.0228114
3.6,5.269860955079984,3.6774178
3.6,5.516566594907829,3.584743
3.2,4.923676823424884,3.5131083
2.6,4.094356849892222,2.4012263
1.9,3.1329672184148336,1.6609964
1.2,2.3247857526384763,1.319979
0.7,1.5210313045345885,0.65979624
0.1,0.7395469146543405,0.03238453
-0.3,0.24500468446390045,-0.55610394
-0.4,0.29193900579597454,-0.20440811
-0.5,0.04568810532447998,-0.65092
-0.7,-0.20090840398900411,-0.6908862
-1.2,-0.9553944917299475,-1.1227279
-1.5,-1.4586403792155167,-1.1445733
-1.8,-1.8041882886220009,-1.925029
-1.4,-1.1887530296901758,-1.1310588
-0.2,0.4400833465127221,-0.18668386
-0.4,-0.11551449991200258,-0.35089096
1.3,2.1277289626355653,1.2543685
3.2,4.516835377810089,3.0178628
5.3,6.984423567839883,5.122646
7.1,9.04731760498423,7.0094576
8.7,10.56520276388687,8.891586
8.1,9.844832389262137,7.942424
8.7,10.17745217048176,8.30265
8.3,9.762702071175184,8.719917
8.0,9.262515405090213,8.087987
7.3,8.190369783389965,7.2937045
6.6,7.556712746359686,6.7519054
6.1,6.652478948666349,6.0167933
5.6,6.326260065285645,5.63555
5.5,6.187221578188947,5.464925
5.0,5.606796510721352,5.3234525
4.6,5.1004118241148575,4.663736
4.4,5.038920351995969,4.4075503
4.1,4.689602612965793,4.0771112
3.5,4.091430307930082,3.385144
3.8,4.589505528542695,3.9129713
3.5,4.223643577657022,3.3595312
3.3,4.006606109100105,3.2902029
3.8,4.839825004733775,3.5990086
4.9,6.157387986568985,4.963768
5.4,6.728267295397323,5.4865265
6.6,7.950345480648657,6.7789063
8.7,10.111498595717645,8.774644
9.8,11.059277337223222,9.754115
10.3,11.536780351921003,10.198553
10.6,11.919223453066692,10.495544
10.1,11.279036130708235,10.047357
11.0,12.078026620373606,10.661554
11.1,12.245419681235255,11.013406
10.3,11.32873621065946,10.2072315
9.8,10.62176223224552,9.646207
9.5,10.40290374860971,9.478466
8.9,9.798722892912316,9.030178
8.7,9.515543233877548,8.829199
8.5,9.448641715648236,8.553889
8.1,9.112090629521337,8.133525
7.4,8.404144200483707,7.502331
6.9,7.770574735308415,6.5934734
6.1,6.77702393650091,6.043527
5.3,5.79030626257957,5.253159
4.7,5.047474926415994,4.882755
4.4,4.833647581777086,4.3198647
3.9,4.393241619410148,3.8598814
4.5,4.967199184158808,4.256553
6.0,6.673010002905123,5.813209
7.5,8.41551714245232,7.4425097
8.7,9.746770654126816,8.857383
10.3,11.481613762999533,10.171492
10.6,11.871369540859408,10.684505
10.6,11.955989789260201,10.470212
6.5,7.1840117700727575,6.5411587
6.6,7.345662250811678,6.4982553
7.1,7.9080886050487464,7.3469057
7.5,8.351659006483235,7.4393525
7.9,8.804735823491885,7.654884
7.6,8.440713115399216,7.436231
7.1,7.868792996445592,7.3409653
8.2,9.018526273589536,7.840119
7.4,8.16492144281047,7.4376535
6.4,7.076519792506815,6.5749803
7.3,8.218451277835975,7.1761613
6.7,7.579750957412621,6.5993
8.3,9.212083961733217,8.427562
8.5,9.312942628301325,8.323773
7.6,8.41817791112408,7.5941095
8.2,9.033085541417087,8.046923
8.2,8.961099084717066,8.034011
8.9,9.67074372851246,9.04873
7.1,7.743767917619614,7.1706553
7.9,8.511948028978924,7.942919
10.9,11.559744870547522,10.971071
12.2,12.85246877861696,12.34826
13.0,13.656290267138363,13.524594
11.3,12.024659591483708,11.139783
7.4,7.721344218841445,7.338185
9.5,10.029423271177642,9.450259
11.0,11.49836951146839,10.733148
11.4,12.057197808770244,11.3752165
11.9,12.443690576781826,11.822077
12.3,12.640776473565541,12.264276
12.3,12.551166213499421,12.350357
12.3,12.625384094849515,12.160205
12.4,12.666299581863537,12.532513
10.8,11.233533227053723,10.848971
11.5,11.793848572629532,11.676299
10.1,10.024896017708215,9.92653
10.1,10.126726026879354,10.3702345
11.4,11.479278291711758,11.421114
11.9,12.10158789505645,11.984726
10.7,10.935677723606101,10.869958
9.4,9.808987869825277,9.579978
8.1,8.094694451491925,7.8153653
7.2,7.326355942624232,7.2651668
7.1,7.082302817746786,7.1148486
6.7,6.589866660371257,6.6518044
6.4,6.187165369981464,6.353858
5.7,5.680119671196955,5.6984005
5.9,6.034644501328707,5.965255
6.3,6.362351743365494,6.3785095
5.8,5.8580627387723965,5.9168625
5.6,5.622557367149923,5.555447
5.0,4.778482338443098,5.047604
4.3,4.13068408803052,4.337592
3.7,3.5510806316337806,3.6931214
3.8,3.522231472037248,3.7184134
3.5,3.3443193063131886,3.446021
3.2,2.9012254541688236,3.0522509
2.3,1.7865403868590093,2.0948381
2.3,1.7994934855169546,2.3862135
2.3,1.8118644111693527,2.3856728
2.2,1.642969270380405,2.2448628
2.8,2.2605769289428466,2.8982234
2.6,2.134750467729809,2.6517572
2.4,1.9379712617626552,2.5509243
2.3,1.8368650113326908,2.370229
2.3,1.9409488791499427,2.263397
2.2,1.579253530772668,2.0394983
2.0,1.523665342314338,2.0014439
1.9,1.324743843758462,1.915761
1.5,0.8896251231262085,1.4806952
1.3,0.81990530928541,1.4099383
1.0,0.5261434489852306,1.0381067
1.1,0.778811016649243,1.2984554
0.7,0.02081584257761193,0.6899753
0.3,-0.676156153015981,0.1703022
0.4,-0.583271994563809,0.1703022
-0.2,-1.184399833672309,-0.08124172
-0.3,-0.9008319387371486,-0.08124172
-1.8,-2.828749192104709,-1.8227869
-2.6,-3.7372110807805257,-2.713339
-3.0,-4.2445548950300775,-2.9840887
-2.8,-3.886456131982264,-2.8519073
-2.6,-3.4778425453650925,-2.744852
-2.1,-2.959468619274695,-2.194127
-2.5,-3.213539651973889,-2.473809
-3.2,-3.8360872435865687,-3.2215333
-4.1,-4.7050179056776145,-3.921994
-4.8,-5.420798734234566,-4.9591885
-5.2,-5.680375246396416,-5.318954
-5.4,-5.591791097977918,-5.2359185
-5.5,-5.348967218670509,-5.741585
-5.5,-5.303733444325282,-5.783791
-4.2,-3.6788874881100924,-4.353414
-3.7,-3.322225086366302,-3.6293454
-3.2,-2.7801799069129913,-3.193378
-2.5,-1.9344643558963952,-2.5440078
-2.6,-1.9153477904122198,-2.5593708
-2.4,-1.546589275576281,-2.4072752
-2.4,-1.6746570847461868,-2.5304239
-2.8,-2.1819231997823465,-2.5488749
-2.9,-2.7770347752256583,-2.9191842
-3.3,-3.4144457264684505,-3.2263706
-3.4,-3.8029069067702324,-3.5026722
-3.3,-3.689050319840696,-3.5484812
-2.7,-3.022323967601018,-2.7006536
-2.5,-2.5285854605022564,-2.6691291
-1.9,-1.5861249229091428,-1.9412165
-1.5,-1.2223082225229476,-1.6107264
-1.3,-1.16769434705283,-1.1339519
-1.1,-0.8555614040291388,-0.85719967
-0.6,-0.3371023228347667,-0.5447051
-0.1,0.18809546389709197,0.08476627
-0.1,0.09192484093129849,-0.0021958956
0.4,0.7606280950558286,0.5802414
2.2,2.745810318028795,2.3297803
3.6,4.175782987140408,3.380565
4.4,5.071084556722482,4.410173
5.4,6.334408443759187,5.5434055
6.8,7.624060521826301,6.5736146
7.0,7.711914329723626,6.998166
8.2,8.851352539666546,8.093917
8.3,8.841040873326659,8.414668
7.4,7.857221253384488,7.44908
6.8,7.130013521317515,6.880743
6.3,6.7512858268353995,6.194662
5.9,6.267846206941265,5.895952
6.0,6.549410650547138,5.9233727
5.8,6.157661437654411,5.5869007
5.7,6.168176705734069,5.5760455
5.6,5.897630581147858,5.4503484
5.8,6.1858007705787585,5.859447
5.5,5.858541490816748,5.4813724
5.4,5.693998362362386,5.432314
5.4,5.672316830205865,5.467431
5.6,5.796051567104918,5.521198
6.3,6.774542593463451,6.363924
7.5,7.9615967712516635,7.5606594
8.6,9.436857061291072,8.840599
9.4,10.161781143757892,9.395592
9.8,10.470056854435786,9.782428
10.8,11.568886450309165,10.703135
11.0,11.694913322184124,10.883035
11.5,12.172855534645908,11.519596
11.6,12.281924988377966,11.705654
11.1,11.739953115549433,11.2317505
10.5,11.029285232505316,10.343256
9.4,9.806900506249175,9.343527
8.1,8.353233982111345,8.308628
7.0,7.138335415844736,6.9909835
6.5,6.63089353615625,6.3957014
6.4,6.457514710992129,6.3829885
5.6,5.551808938963042,5.5537295
3.6,3.4290196616453414,3.420789
2.3,1.8743241696463286,2.4606762
1.8,1.55272719401475,1.718667
1.7,1.368209452048994,1.4767996
1.2,0.9093782775432615,1.1320301
1.0,0.691366922834824,1.0637779
1.0,0.5549451146411499,1.0199405
1.5,1.126882775467358,1.351379
2.3,2.02612294394536,2.2262914
2.3,2.0435980130748703,2.20647
2.3,1.9087614415509933,2.4010868
2.2,1.7208792708918068,2.3587513
2.6,2.1967554200988104,2.6521444
-2.1,-0.7336979568282089,-2.0335827
-2.0,-0.5387686620242889,-1.7736148
-1.4,0.06354603582296647,-1.3788402
-0.4,1.1006117355054172,-0.28638974
-0.4,1.2876971459958781,-0.31202078
-0.9,-0.11770788495950057,-0.6587618
-0.5,0.187466041342347,-0.4089958
-0.3,0.26642195749666087,-0.091176234
0.1,0.5642827921115696,0.0530507
0.5,0.7921189150478085,0.42040312
0.8,1.0302528230773191,0.7369674
1.1,1.328007897701184,1.1916201
1.5,1.5320704510286447,1.5448823
1.5,1.6331436815227036,1.5378174
1.7,1.9148637290623967,1.8404939
1.8,1.8914403122757264,1.8406214
1.9,1.7683467017241412,1.8034995
1.9,1.9499390906569332,1.897438
1.9,1.9912013106070603,1.8940018
1.9,1.89170991432713,1.8823152
2.1,2.115936471024341,2.2022126
2.2,2.3669555005666254,2.3063939
2.2,2.11611201742533,2.1562994
2.0,2.0903822041258877,1.9330549
1.9,1.6773113372659552,1.8254586
1.9,1.7324429230215657,1.9491367
1.8,1.5020115530692948,1.7814176
1.6,1.2263507399814984,1.5379645
1.6,1.119068360897991,1.6776706
1.2,0.3504439280259035,1.2740308
1.7,1.1745452110392023,1.6603917
1.6,0.9628188946600247,1.6566342
1.6,0.6976997407827028,1.479849
1.7,1.1541142062118723,1.663568
2.1,1.6970147934683624,2.2677176
2.3,1.9014633112976753,2.2877944
2.3,1.8779581831061236,2.4159188
2.3,1.5514074973314038,2.2612736
2.3,1.8550503877335132,2.3156261
2.2,1.325559675060461,2.2601335
2.3,1.4496880785663038,2.3225145
2.2,1.4418695276789677,2.3225145
2.3,1.5574829839258015,2.3728123
2.5,1.686729109987084,2.4593606
2.6,1.6894842526313738,2.5204766
3.0,2.1217472847963705,2.9440305
4.5,3.7848681407090226,4.4456215
7.2,6.882217157238415,7.221667
6.3,5.7808204922908,6.171058
5.8,5.447215667361078,5.844895
3.8,3.435850980327217,3.8280923
3.7,3.405216524108937,3.7154136
3.8,3.712051613343718,3.812051
3.2,3.237962786879521,3.2769012
2.6,2.799084071142431,2.8264918
1.6,1.7779005043100682,1.6744727
1.1,1.1887665377119134,0.8634961
0.5,0.7433103913632806,0.592039
0.1,0.2745765361005965,0.33372778
-1.2,-0.9624204268746794,-1.1213956
-1.9,-1.540515308190713,-1.8213599
-2.4,-1.6711673902622337,-2.2127657
-2.7,-2.1483374997434126,-2.5549586
-3.3,-3.25564808638228,-3.273125
-3.6,-3.735876768070632,-3.2881737
-4.1,-4.355799605409452,-4.0379853
-4.5,-4.941253646089571,-4.775924
-5.0,-5.567623144830719,-5.220684
-5.2,-5.780253702068833,-5.246684
-5.3,-5.915074156331805,-5.250614
-4.9,-5.448291003330489,-4.743474
-4.6,-5.221318664196538,-4.79077
-4.6,-4.809749359277582,-4.50026
-4.5,-4.671498784522228,-4.524075
-4.6,-4.945571612948029,-4.7468476
-4.3,-4.728714376726252,-4.274126
-4.0,-4.492272418353004,-3.9698703
-3.9,-4.386181867802605,-4.1131186
-3.7,-3.9875367419165855,-3.9512718
-3.2,-3.4061683883603706,-3.5906386
-2.9,-3.2292321505421953,-3.1307588
-2.8,-3.081881016498933,-2.7292442
-2.6,-2.9775069575082256,-2.7297642
-2.5,-2.8369731770883675,-2.6883605
-2.8,-3.986348949443645,-2.8026502
-2.3,-3.502252351869352,-2.2657797
-1.6,-2.7840894963674927,-1.6733576
-1.1,-2.0613988538333388,-1.0573084
-0.8,-1.657770020487149,-0.760269
-0.5,-1.1695828448707601,-0.5159078
-0.6,-0.9403079855954886,-0.52465934
-0.6,-1.2058649520392208,-0.6148826
-0.6,-1.0835459074057,-0.6176443
-0.7,-1.3027222844351272,-0.6736554
-0.1,-0.5072041714303879,-0.13785066
0.3,-0.1648135103414461,0.34594995
1.3,1.3115973914649146,1.1977285
1.9,2.0919691886190535,2.0341005
2.7,3.04616560600914,2.4290051
3.2,3.7462483027074995,3.0556786
3.5,4.144160858796049,3.7867656
4.0,4.542370688407324,4.1673174
3.6,3.91159927676658,3.3560362
3.3,3.5482386964841623,3.2075484
2.9,2.9644003496221245,2.9862826
2.7,2.6424957313993716,2.6975152
2.3,2.023201647281425,2.2389956
2.1,1.6802603375815508,1.998187
2.2,1.6879372966071315,2.002999
2.1,1.6216450878678685,2.002999
2.0,1.476711530874347,1.9864885
1.9,1.262988705726677,1.7866066
1.6,1.0649691899516114,1.634193
1.4,0.8568141034698584,1.3035486
1.4,0.7245372984017635,1.3035486
1.4,0.8341016587179837,1.3014765
1.3,0.7739858286886943,1.3056757
2.6,2.2203430021849258,2.6335256
5.0,5.321991226869358,5.020947
5.0,5.719713086784338,5.071179
3.3,2.8092053978887606,3.1985931
3.0,2.7314544237908436,3.0431492
2.3,2.0999700343670256,2.391214
2.3,1.8444246487362221,2.0965219
2.5,2.0827289811060794,2.5928285
2.8,2.4528611882494644,2.6447918
2.7,2.2886826295288145,2.7099993
2.7,2.2788480761138175,2.8269567
3.1,3.2459143568050592,3.182459
3.8,4.069628574018722,3.8722553
3.7,3.921482252323109,3.773264
3.8,4.091775644729175,3.8622477
4.2,4.496704959458569,4.158746
4.5,4.82311627194418,4.5617847
4.7,4.818034085952377,4.884944
4.9,5.143803933019562,5.071425
4.5,4.479762169820496,4.4985967
4.0,3.1771319696727147,4.242927
4.6,4.34340856218838,4.5681286
4.7,4.42317547113889,4.7018456
5.1,4.953957340185646,5.1248035
5.4,5.352254641942423,5.3593235
7.8,7.660016283903552,7.6824293
14.1,14.712454404978526,14.015201
14.3,14.977227395625249,14.599143
13.4,14.042214235186666,13.454199
13.0,13.516879516371347,13.273919
13.1,13.58886574905997,13.060405
13.1,13.503076805665227,13.362734
10.8,10.940496388886206,10.803634
7.3,7.31766986991299,7.2440753
6.0,6.075762937569166,6.1559825
5.5,5.422265453704412,5.6136007
5.1,5.0004342241513555,5.192555
4.7,4.764751961867731,4.8611627
4.8,4.659740662408332,4.8524747
4.9,4.7614898846182285,4.9287887
4.8,4.564021238751792,4.8523226
4.7,4.494656663427122,4.8541584
5.1,4.851734786051978,5.183715
5.1,4.834337364423277,5.1825852
5.0,4.81572215273183,5.177069
5.1,4.844089687027008,5.255043
5.4,5.402919063644617,5.444417
4.5,4.292512436187586,4.609362
4.2,3.885324946740603,4.228592
4.3,3.9848031983754524,4.2629786
4.2,3.8818600475323635,4.202956
4.1,3.873037188670601,4.0756836
4.5,4.6978184149183235,4.722733
4.7,4.760428931104016,4.9692564
4.4,4.145622526775057,4.4837565
4.4,4.036586722156429,4.432237
4.2,3.9622166083891486,4.3104978
3.7,3.0908726505269044,3.7601855
3.6,2.8838579680742527,3.6538644
3.6,2.885377156572261,3.6517549
3.9,3.153125209467248,3.8855956
4.2,3.5600097222260274,4.3213816
4.5,3.942177495749121,4.425852
4.9,4.647070340861617,5.0712237
5.8,5.522795045545493,5.891695
5.2,4.888715134234715,5.2289248
6.1,6.026116426841618,6.1106296
7.1,6.927516177038875,7.17935
7.1,6.916726579069795,7.151808
5.1,4.641741235105677,4.9794564
5.4,4.943982974185971,5.3408303
5.9,5.616975908048161,5.8510056
5.6,5.295288946204003,5.551509
6.2,6.004209145746088,6.1462464
7.9,7.907226078178386,7.930154
8.1,8.123581977578514,8.064473
9.6,9.933151809164663,9.87223
10.5,11.259215887411653,10.489327
9.0,9.986030257170817,9.330647
7.6,8.110140693695065,7.8429446
5.3,5.357233647537264,5.327055
4.2,4.080507386691934,4.1962543
3.9,3.7402311569916407,3.798966
3.7,3.4799852190696896,3.6086738
3.7,3.578598237877223,3.6470184
4.1,4.0594507157636315,4.1114335
3.8,3.7680152494713326,3.8005404
2.9,2.214814631919303,2.7785318
2.6,1.775901456829203,2.5980315
2.3,1.7172920725192782,2.5058823
2.1,1.6479665625164657,2.0267503
2.1,1.755758695822756,1.989203
1.9,1.4370942139103349,1.7894956
1.8,1.3276737163720753,1.7537752
1.7,1.2165513398239085,1.6312144
1.5,0.9970264200922117,1.3037276
1.5,1.1531402182893444,1.6378012
1.5,1.0308734985201085,1.642161
1.5,1.1626072890415173,1.3467368
1.6,1.292443637315806,1.675183
2.0,1.5847525843854697,1.9207263
2.0,1.717381954562697,1.9207263
2.2,1.9525477567263323,2.1597712
2.2,1.8707765871638316,2.0623078
2.3,1.907439512229132,2.3534653
2.4,1.86716043626177,2.510345
2.5,1.9247476423048866,2.4354613
2.6,1.9320508293212697,2.5983646
2.7,2.1853470285957926,2.8586948
2.9,2.317813193399637,2.765931
2.7,2.0964209073071416,2.676272
2.9,2.4036150301188925,2.899514
3.1,2.5729132398069723,2.960673
3.1,2.72748217220375,2.9802485
3.1,2.790158205121294,3.1870708
3.1,2.8121838902906475,2.9791615
2.9,2.557814647805216,2.7795296
2.9,2.675252051056347,2.7854128
2.7,2.6848340946797933,2.9028144
2.6,2.6129492704650943,2.7357335
2.7,2.3218382479098096,2.4424329
2.8,2.5702452594919407,2.6990259
2.9,2.639592631919527,2.99015
3.1,2.724479592672658,3.0424023
3.3,3.089405003609407,3.2144797
3.4,3.1417380549024045,3.4940703
3.0,2.847798217832306,3.056803
2.4,2.146749091855412,2.5966506
2.3,1.8511328849618636,2.1699288
2.0,1.5723928204801751,1.92757
1.9,1.3190073417677937,1.8908448
1.7,1.196971567134689,1.8970401
1.5,0.8583416825382173,1.5502399
1.7,0.9764488430382059,1.6744808
1.4,0.6123214766352731,1.4062412
2.1,1.4998015896730479,2.0743911
2.7,2.215480684460829,2.7090032
4.3,4.018476911399034,4.134762
6.4,6.510631280164112,6.384365
7.6,7.910131672217545,7.494815
9.2,9.86149981127685,9.238835
10.2,10.993076272735475,10.159229
10.4,11.173579056331587,10.351891
10.1,10.673971353032321,9.921434
8.5,8.622991582418603,8.479599
8.3,8.161780796521754,8.155839
7.6,7.553702908810493,7.6428447
6.6,6.336151774177068,6.9243193
6.5,5.985311819981298,6.5450764
5.7,5.194455977995574,5.854269
5.4,4.721157163530492,5.171145
5.1,4.3319287558094715,4.8935785
4.9,4.093674375190183,4.838913
4.7,3.9522402300510393,4.7432723
4.6,3.928388051643175,4.5491767
4.3,3.592575964592001,4.3117456
4.0,3.261442228129205,4.025002
4.1,3.6611731667414915,3.958684
4.0,3.752435515969715,4.0280995
3.7,3.500435549353803,3.7006302
3.8,3.6461950544120043,3.9438221
4.0,3.7036727905394073,3.9570334
3.8,3.4755959088057367,3.801996
3.7,3.2182164444403725,3.7274075
3.5,2.8694578033496114,3.6106825
3.4,2.637547820935225,3.2855537
3.7,2.855772040135264,3.5974667
3.7,2.8821506272506596,3.6098845
4.0,3.3604824189495943,4.159064
4.2,3.6140580268962452,4.2136283
4.0,3.2916066737937655,3.8678236
5.0,4.73330049627716,4.9212866
5.7,5.592094022762687,5.5881267
6.2,6.280481189310777,6.3545437
4.3,4.045670510831137,4.4046655
4.7,4.1579797669508025,4.567942
4.8,4.468200638439903,4.743924
4.3,3.54097778272331,4.411519
5.2,4.771672419519298,4.9506073
6.1,6.080990184244918,6.2164927
6.1,6.0525657555693115,6.2164927
7.1,7.111609408345373,6.962432
7.5,7.78115701900937,7.500013
7.5,7.644159565269447,7.347921
7.9,8.151967061384486,8.000872
8.1,8.200579947495743,7.9237022
7.0,6.66186389737382,6.958069
7.8,7.639191406668907,7.81065
6.0,5.586291951610434,5.9981375
4.9,4.365722092691335,4.9674544
5.3,4.815828719734114,5.2769175
5.2,4.776707710634604,5.387893
4.6,3.9506285103947363,4.611772
6.3,5.892945364926874,6.5696373
6.5,6.2640570656881565,6.715888
4.9,4.342921764804757,4.787251
4.1,3.499340909815402,4.0217032
3.5,2.689216011104186,3.5025914
2.9,1.9370310507805257,3.0229087
3.0,2.0314881539131804,3.0229087
3.5,2.8344204823784978,3.583321
3.5,2.60197202052305,3.504061
3.3,2.5962412789750857,3.3000689
3.1,2.397791247370286,3.0298529
3.0,2.498329529169112,2.9762516
3.1,2.650177815461838,3.0374305
3.3,2.840170553841965,3.1954916
3.1,2.906957869094839,3.1207721
3.3,3.0704584700738877,3.2020147
3.9,3.512909651584792,3.7894537
3.5,3.1982458784203445,3.3671906
3.3,3.0622358074677294,3.3453043
3.3,3.1021810378224615,3.1970265
3.3,3.0682418914239875,3.1959746
3.4,2.9113707853769455,3.2172914
3.2,2.5387374756567738,3.1142428
3.4,2.720619440783004,3.377487
3.6,2.954253528202365,3.5402498
3.8,3.1848677641813055,3.864691
4.1,3.793288662896458,4.0399446
4.0,4.00150526216251,3.9826126
3.9,4.023169472183696,3.8105714
3.7,3.782370262680388,3.827916
3.4,3.0824707746371587,3.2274942
3.4,3.409524377334023,3.485694
3.5,3.5650188267403493,3.494167
3.4,3.645191455271288,3.013741
3.3,3.9039201957304357,3.272681
3.2,3.518746519507033,3.0276785
3.4,4.004202946190766,3.2647088
3.4,4.0236091703021515,3.3447816
3.3,3.8333826190261746,3.2532084
3.4,3.6088243204169785,3.235775
3.5,3.399158427018449,3.5606427
3.5,3.2468190712722347,3.3949797
3.6,3.357747973156343,3.589485
3.9,3.7187655341125705,3.9747672
3.8,3.5417225556743333,3.8396962
4.1,3.8322244796319964,4.082516
4.5,4.3222441016198445,4.396233
4.1,3.5608506325678633,4.122292
4.3,3.7764222471519204,4.2269816
4.2,3.6791654318531357,4.173745
4.2,3.6772983279019087,4.179005
4.2,3.777133557962479,4.1888003
3.9,3.5780320663890564,3.9473064
3.8,3.4549839231545576,3.6950705
3.7,3.389480068620827,3.6065717
3.8,3.813268765235719,3.8818493
3.7,3.7948244413091103,3.7914486
3.2,3.498236282316107,3.1982372
3.2,3.3317193878554434,3.2608912
3.0,3.1742101122674526,2.9809883
2.7,2.7528875487127777,2.733667
2.8,2.9033108355521904,2.8651114
3.1,3.1340916038822115,3.1455686
3.3,3.356286952557106,3.275266
3.4,3.2424202234109103,3.2097445
3.7,3.484702042021617,3.724495
3.8,3.5396684648774652,3.7903452
4.3,4.076079074735539,4.269789
4.2,3.9634164908824303,4.2146006
3.7,3.423319663705499,3.6122007
3.5,2.9692549057632363,3.5051641
2.8,2.382013267716907,2.8657708
1.9,1.0936595107109568,1.7411252
1.9,1.0995848435618996,1.7723354
1.5,0.5430673010009954,1.442584
1.5,0.532230702502055,1.4451792
1.6,0.7166965166941779,1.6997262
1.6,0.8458919102193079,1.6281061
1.4,0.5398960296123079,1.4406497
1.5,0.8105683036130173,1.6213448
1.4,0.648326290446775,1.447103
1.3,0.4252897942454297,1.2391433
1.5,0.735086722680478,1.4731201
1.4,0.6257731628598577,1.4358704
1.6,1.1184821174271136,1.6799775
2.0,1.4209039661384395,1.9794651
2.3,1.5729849592814915,2.322598
2.5,1.775168234703635,2.4406147
2.4,1.773069792807739,2.424834
2.2,1.4592349130498619,2.092418
2.5,1.7824162979695544,2.4257286
2.3,1.6636293209216433,2.2076333
2.0,1.3552894963695934,1.9458106
1.9,1.0323465153038853,1.81891
1.9,1.1916668913297173,1.9408869
1.7,1.1387140539016443,1.7148056
1.9,1.3204169346697938,1.8955004
2.2,1.7019121495037766,2.3660588
2.1,1.6845977563276264,2.0195487
2.1,1.7708030225004165,2.0538793
1.9,1.5683016868900026,1.852109
1.9,1.5660548096418125,1.852109
2.2,1.738452472436137,2.0561576
2.2,1.7872587030576028,2.056446
2.4,1.945613137564095,2.5193508
2.5,2.1556972888476693,2.5803695
2.7,2.273749313645908,2.6965818
3.1,2.8661432352374234,2.9676166
2.9,2.6571079398717146,2.8952575
2.7,2.4196529745187476,2.8423345
2.6,2.0694480087931453,2.599393
2.7,2.221006755695207,2.644788
2.6,2.3720271105587756,2.6998723
2.6,2.2705696718677757,2.6235285
2.7,2.2781015033641836,2.6483428
2.7,2.249278683866784,2.8364663
2.8,2.4459240981460866,2.8196507
3.6,3.116816508220829,3.641386
1.8,1.0903083616525109,1.7797344
1.5,0.598093624764104,1.486489
1.4,0.3891761244550693,1.2784598
1.6,0.751498088225496,1.6406728
1.6,0.7199426984789241,1.6406728
1.5,0.7187703504590957,1.4849411
1.6,0.850139823237491,1.5020602
1.7,1.1125149392580553,1.6010901
1.8,1.221348927842918,1.7824808
1.8,1.3159895068298368,1.8223399
1.7,1.2379624426642337,1.7711612
1.7,1.1802485603267385,1.6855574
2.0,1.4967252149471335,1.8222125
1.9,1.6395303600147884,1.9441893
2.4,2.0631252143251686,2.421039
2.9,2.5620157943720727,2.9513285
3.4,3.023842331445742,3.2864556
3.6,3.233514894066573,3.377388
3.4,2.7297232245983665,3.3679774
3.1,2.8922833141022437,2.9795737
1.9,1.8010061834626896,1.888033
1.1,1.3349806949533871,1.1939073
0.8,1.18942028252539,1.0657046
0.5,0.9542041806647319,0.6925533
0.1,0.14040216827474694,-0.04854216
0.0,-0.2697986188822412,-0.11986917
0.0,-0.3310277703577995,0.23115994
-0.1,-0.3417249836392031,-0.14768742
-0.6,-0.6491562367318409,-0.5573157
-0.7,-0.9437452864005564,-0.82609725
-0.6,-0.8765937478711976,-0.6696585
-0.4,-0.6512818116753678,-0.37920272
-0.9,-1.4015402962858303,-0.9404178
-0.2,-0.9385174785988397,-0.2857807
0.1,-0.18422404485008315,0.22576152
0.6,0.45365589706627674,0.4544486
-0.2,-1.0418304791951414,-0.20984489
-0.2,-0.6057447212240987,-0.2442196
-0.4,-0.6950932258663514,-0.24688439
-0.3,-0.45299637207667587,-0.3233503
-0.3,-0.15793405380745185,-0.4090049
-0.6,-0.5373682417036392,-0.47222108
-0.6,-0.30745409224895326,-0.54064864
-0.7,0.13631942333675084,-0.69145226
-0.9,-0.2886832654171414,-0.94656694
-0.8,-0.32090740634222925,-0.7092094
-0.8,-0.8545760774703695,-0.9387932
-1.1,-0.9332657299298859,-1.1685492
-1.3,-1.1961316455735727,-1.1717598
-1.8,-1.952270983767022,-1.9438686
-2.0,-1.9346289179720486,-2.2185931
-2.4,-2.5114135556083426,-2.661214
-2.8,-2.9712259098680605,-2.9256063
-3.1,-3.321231800976001,-2.9357626
-3.9,-4.031670896944156,-3.608129
-4.4,-4.257482088894832,-4.550923
-3.8,-3.7260130711463404,-3.7431867
-3.2,-2.9375229300721344,-3.269191
-3.1,-3.2040298414584285,-3.2195654
-2.5,-2.6947098852084608,-2.3619683
-2.2,-2.1409751988558767,-2.2561197
-1.7,-1.7603124757409816,-1.9518248
-1.2,-1.3115770917372487,-1.27161
-1.3,-1.129375142933064,-1.1844227
-1.2,-0.9616325151386604,-1.1854897
-0.7,-0.4637128088380962,-0.8739793
-0.3,-0.26666711381712105,-0.38963875
-0.7,-0.7615738060162869,-0.9179207
-0.6,-0.5256287296530857,-0.63243335
-0.4,-0.2677125682870951,-0.38298354
-0.4,-0.4097332744002813,-0.44195363
-0.2,-0.18750647180917213,-0.39091745
-0.2,-0.2468983863846006,-0.13139829
0.0,0.12998184731232243,-0.08817821
0.0,-0.058620998932831014,0.10713633
-0.2,-0.4270825115159269,-0.27407238
0.0,-0.20612575846619308,-0.11178815
-0.1,0.19160357551582763,-0.0057532704
0.1,0.4695822963066618,0.1373266
0.0,0.4984268205140623,0.11360239
1.8,2.720548636366459,1.7436713
3.3,4.114055101458675,3.2972288
3.8,4.575357322537251,3.7631977
5.0,5.774904971165107,5.3467503
6.3,7.257036958843521,6.2201676
7.7,8.550325968095457,7.8533545
8.4,9.195948886142777,7.9496865
9.0,9.938919421179818,9.151651
9.7,10.478425214518325,9.518696
10.0,10.683288195246309,9.728546
9.9,10.546948991658699,9.5804205
9.9,10.571657843664582,9.766054
9.4,10.053259909554612,9.34312
8.4,9.023974001847982,8.029679
7.9,8.657333350539762,7.7710814
7.5,8.346044253575187,7.4016376
7.7,8.697256804803391,7.7013683
7.8,8.865959843551565,7.717367
7.5,8.469883044185703,7.506813
7.5,8.502781560499358,7.506813
7.3,8.340437143378917,7.5000267
7.4,8.32321152392139,7.1466627
7.2,8.063376630084726,7.1867375
7.2,8.023821138065767,7.4138827
7.5,8.284837323789507,7.5403023
8.0,8.865010151754099,7.8689246
8.5,9.391036057514867,8.28173
9.2,10.09278215044925,9.336209
7.5,7.395637852901494,7.5863605
8.1,8.09487455019044,8.233579
8.9,8.825636656715432,8.875281
8.9,8.898451701334377,8.8283825
9.3,9.216952929093846,9.431601
9.2,9.185464353355886,9.241712
9.1,9.003145225984081,9.42166
9.0,8.815389284294309,8.70201
8.9,9.085732429923542,8.795926
9.3,9.441888538199795,9.201999
9.9,10.127364872451544,9.919256
10.6,10.880060408475302,10.654567
11.0,11.185317516160936,10.966831
8.3,8.34546811597594,8.365481
6.3,6.131384058949067,6.133419
3.9,3.3904457279281317,3.6679082
3.3,2.884624286582792,3.2735493
2.7,2.426903936919274,2.7189963
2.0,1.7218648131381826,1.9276845
1.8,1.648488247955079,1.8825456
1.5,1.4655817314806043,1.4622059
1.2,1.3483253495062328,1.212691
1.7,1.9372286127923104,1.6875082
0.8,1.1744261070608886,0.7639236
1.6,2.131691275602755,1.4465785
1.9,2.3535617636705766,1.8256947
1.9,2.611737855695175,2.002245
2.3,3.1899798172609124,2.097396
2.7,3.7175738751492062,2.809716
1.9,2.80927414481458,1.4961984
0.2,0.9133772081445741,0.037549607
-0.5,0.37995092611194536,-0.6330923
-1.0,-0.19946297586861306,-1.1104714
-1.6,-1.0754295228589683,-1.7898293
-2.3,-1.6468446082673225,-2.5147216
-3.2,-2.582216291963391,-3.1004803
-4.2,-3.2158233943466783,-3.8307753
-5.2,-3.739312443420559,-4.8387284
-5.3,-4.3274508878155515,-4.909816
-6.1,-5.423109714708659,-6.3278775
-7.4,-6.300003676732537,-7.183309
-7.8,-7.559954315275043,-8.1081295
-9.2,-8.726062237429012,-8.922369
-9.3,-8.789694126634735,-9.84654
-8.3,-7.687210160351505,-8.021534
-7.9,-7.316726745617395,-8.046009
-6.8,-5.652475830433467,-7.1740274
-5.5,-4.102442322177154,-5.2554355
-5.0,-3.5507401249540536,-4.838862
-4.3,-3.213332291827456,-4.3456016
-4.3,-3.379857484668655,-4.225144
-3.6,-1.9978430177610065,-3.4953713
-3.4,-1.714433624508814,-3.5073485
-3.7,-2.5017047827204166,-3.8213878
-3.9,-2.913935273368402,-3.839356
-4.0,-3.0487930398544165,-3.8327482
-4.0,-2.9193178203036965,-3.8453913
-4.1,-3.2200337737642,-3.857648
-4.3,-3.630565532587994,-4.2721896
-4.4,-3.962209113128381,-4.7194686
-4.5,-4.06731225536565,-4.8622456
-4.6,-4.340813070188716,-4.908396
-4.9,-4.595247694223232,-4.910506
-5.0,-4.541382281714419,-4.9119945
-5.1,-4.921762748677388,-5.484542
-5.5,-5.416541025821118,-5.8015122
-5.8,-5.775226937493045,-5.7432065
-4.9,-4.578201278350392,-4.9730115
-3.1,-2.3859228672071993,-2.96502
-2.1,-0.8534548851748767,-2.0800765
0.3,2.1691655991931995,0.38734752
1.2,3.186467216127575,1.0915391
2.8,4.909307551448926,2.3137314
3.6,5.845710867459658,3.39445
3.8,5.870939426690725,3.8918128
4.3,6.317753616470476,4.3469906
4.7,6.628885935631544,4.7537
4.7,6.610711019473719,4.7537
4.3,6.047904796890229,4.1003437
3.5,5.097697784158605,3.4037497
2.9,4.299123593855924,3.0471745
2.3,3.5008673140773894,2.0071292
2.2,3.350401119356256,2.150107
2.0,3.2365787281447496,2.0307348
1.7,2.9131246201623284,1.5861312
1.6,2.941645099615563,1.5849426
1.3,2.6252557103390544,1.3278714
1.3,2.6881885621887562,1.3287944
1.1,2.6009623618840294,1.200575
0.3,1.4734813756367373,0.24873717
0.2,1.2969480483929772,0.036407687
0.8,2.1242058245428126,0.88191926
2.5,4.292697310548519,2.747525
5.0,7.171090212909775,4.844913
6.0,8.040703560973444,6.0117416
7.8,9.555733130955275,7.644042
9.0,11.048541450715213,9.108038
10.9,12.501394940109051,10.9102125
10.3,11.779245832810851,10.180765
10.2,11.694669905036271,10.102503
10.9,12.13808832230469,10.897429
10.9,11.984299897250352,10.689067
10.7,11.594723584359993,10.529298
10.0,10.8654732006631,10.01312
9.5,10.431823724081205,9.488014
8.8,9.673165327213407,8.961156
8.0,8.987494870415372,8.069661
7.6,8.44212889809058,7.587059
7.1,7.812130609116878,6.8609743
6.3,7.064138677180523,6.0806413
5.9,6.440687197370345,5.8707075
5.4,5.853783623908022,5.3380494
5.1,5.527688724111165,5.142066
4.9,5.401523671712269,5.075229
4.8,5.215094071570547,4.8659434
5.0,5.636261347555269,5.0773473
6.0,6.77549934584917,5.925843
7.8,8.61464571907225,7.510426
8.6,9.391614776013913,8.724267
9.2,10.035400104661154,9.316831
9.7,10.411596260588546,9.516263
9.9,10.719783545884926,9.828215
11.8,12.582177121529611,11.479547
11.8,12.606450415001806,11.491878
11.4,12.368349002972991,11.527884
10.7,11.63099531475708,10.718411
8.7,9.098333096494713,8.610731
7.4,7.383893788070807,7.216737
6.5,6.314735633877696,6.4878745
5.9,5.5446510441302905,5.924365
5.2,4.7862162315513785,5.329666
5.6,4.950765374867586,5.456067
5.5,5.010481292471937,5.464709
5.6,4.960229806804584,5.601805
5.4,4.7055543962971385,5.3942504
5.4,4.859847149598764,5.56895
5.5,4.883871707485085,5.56895
5.8,5.280583993752828,5.764335
5.8,5.393291781049918,5.826281
6.2,5.756648859862757,6.393079
6.3,5.875002100637232,6.408741
6.7,6.329489399915914,6.7290564
8.0,7.79240536243573,7.88946
8.6,8.50167218188119,8.725453
9.6,9.580018452209131,9.75227
10.3,10.34148121486606,10.176854
11.0,11.130089050234194,11.295817
10.4,10.311348662420766,10.202951
10.2,10.084940698492971,10.150319
9.1,9.18243944988216,9.135207
6.5,6.0988165581657725,6.375392
6.9,6.311263594726228,6.978462
6.6,6.171520254331718,6.5527143
6.1,5.693298016809223,6.1036825
6.0,5.244651620816796,5.848487
6.2,5.462361621521687,6.196073
8.0,7.707501365635331,8.02271
6.0,5.1851771273819125,6.040324
7.4,6.936801803904281,7.483479
7.6,7.2873593819079545,7.693954
8.4,8.077291376444613,8.396526
3.9,2.912364671390833,3.9411333
3.5,3.0688468644346685,3.549022
3.3,2.7732159884376273,3.2903538
3.1,2.5532036730164833,3.0207098
3.1,2.391341357795845,3.10299
3.0,2.1520625494017054,3.0217166
3.1,2.3697016674757805,2.972869
3.3,2.842263666007014,3.3095896
3.5,3.1854359568401875,3.5767496
3.4,3.07680669745406,3.432864
3.7,3.2566802823693664,3.6451077
3.7,3.354252859777162,3.6968899
3.6,3.131004798696601,3.5915313
3.4,2.9652022821887556,3.4918404
3.3,2.8456862610221236,3.4502342
3.3,2.8450190734321197,3.3812904
3.4,2.8728980548926373,3.5845904
3.5,3.1047928526665984,3.5915313
3.4,2.7946586178930914,3.5847178
3.5,2.9003310422442965,3.5850768
3.4,2.803411647235187,3.3718941
3.8,3.3918353218418744,3.8271308
3.6,3.17652977139268,3.5916586
3.7,3.1920890512129247,3.645235
3.7,3.276251209508395,3.6996124
3.6,3.182594414132666,3.5942538
3.5,3.0774506140122995,3.6176775
3.5,3.0961639174289317,3.5675755
3.5,3.2181690606998785,3.617311
3.7,3.316549958313665,3.8280718
3.6,3.2079119504674267,3.7933376
3.8,3.3366443776779064,3.9033327
4.2,3.6477087935986603,4.21616
4.2,3.5328562922118465,4.1273546
4.3,3.9426268539868516,4.3525915
4.4,4.2473376219518215,4.443932
4.4,4.175543521374202,4.4859247
4.5,4.214480603092547,4.4528008
4.4,3.999365168299356,4.406342
4.5,4.439768712624932,4.4113145
4.5,4.549521218192105,4.4645743
4.3,4.192482608858803,4.2776537
4.1,4.228133032439693,4.212739
4.0,4.1498438721999875,4.1153183
3.0,2.7499582562672344,2.941212
3.0,2.7312004523585642,2.9406092
2.7,2.180590009769574,2.650818
2.7,2.175824728220718,2.6486416
2.9,2.4929056501056266,2.7805486
2.3,1.820411182399937,2.3900476
2.1,1.4925085946950176,2.1317062
2.2,1.6230925095095614,2.2661505
2.5,2.2160416793039275,2.58049
2.4,2.0960721715638897,2.4270358
3.0,2.700897114169159,3.0343883
3.1,2.894093176613744,3.179299
4.9,4.981044330250292,4.9207315
4.9,4.934881413293837,4.955003
6.5,7.271013503439782,6.3462324
6.9,8.0246981780212,6.608597
7.1,8.33696358781781,7.27439
6.5,7.41738540721083,6.508813
6.5,7.1656094117925875,6.5826063
6.4,7.013609284839461,6.409859
6.8,7.2510890383872635,6.8819485
6.6,6.970872983496363,6.4108586
6.0,6.14851491804194,5.90999
5.6,5.810559419286662,5.7196226
5.6,5.824596378844802,5.7182217
5.1,5.25969017560454,5.0294147
5.0,5.292617352336634,5.18238
5.1,5.645820735240264,5.1674414
5.5,6.172698678499522,5.3706336
5.8,6.772447801104583,5.6461015
5.4,6.4368689681305185,5.5128975
5.7,6.66277153250207,5.553535
5.6,6.399177608205875,5.6455073
4.7,5.400904783005572,4.562002
4.0,3.6419029081103744,3.994736
4.8,4.572890620844973,4.9097514
4.5,4.123380061924415,4.574235
4.3,3.7992723217125146,4.3044624
4.1,3.4530286242362536,4.0643477
4.4,3.6627061724010943,4.462176
5.2,4.638745232348128,5.147233
4.3,3.5341878095274524,4.42549
4.7,4.184123432712298,4.8446765
3.4,2.646584183320762,3.3849812
2.9,2.094109492364737,2.8685198
2.9,2.0611970946219316,3.0285604
3.3,2.5804353475239736,3.3380873
3.5,2.7785648221363957,3.5941267
3.4,2.690493866486655,3.330389
3.1,2.3529723026646323,2.963804
3.0,2.376052935074995,2.9928353
2.5,1.9395852593463516,2.5312364
2.5,1.7436713738629024,2.537692
3.2,2.5701742310789655,3.0249133
3.8,3.207739614356541,3.8619196
3.8,3.1566798381070953,3.8605618
3.7,3.2566857739141497,3.612075
3.8,3.3742454871212004,3.8430145
3.6,3.2310085261731416,3.7479243
3.5,3.190974769516039,3.5617456
3.5,3.3895892753596257,3.6237063
3.4,3.26480456415117,3.1992333
3.2,3.352070695633877,3.1918776
3.2,3.142845945598964,3.2096972
3.4,3.5219924945655805,3.48315
3.2,3.232068375612492,3.2109783
3.4,3.366621284477489,3.2312295
3.3,3.322765465993797,3.2580655
3.6,3.690141177475489,3.6935556
3.8,4.422266855190337,3.837922
3.8,4.349814175747959,3.837495
3.3,3.615535262481103,3.055058
3.3,3.775580961824147,3.0645227
3.3,3.9463552237234865,3.2060776
3.2,3.9003607935486286,3.29863
3.4,4.2497999609046815,3.3582451
4.5,5.835631053813955,4.3953114
4.6,5.948997297590381,4.8350887
4.6,5.933398079991882,4.855611
4.5,5.283579826032074,4.40552
4.7,5.239037071135115,4.9150834
4.9,4.95697877376341,4.8692584
5.5,6.1498768563514545,5.362113
5.4,5.948728326546437,5.3755817
4.6,4.624450936955171,4.7720513
4.6,4.8234292347173024,4.8289948
5.0,5.53295598835809,5.0662484
4.3,4.462601247099023,4.3693895
4.3,4.108518850485083,4.243235
8.5,9.258644871394736,7.933642
7.9,8.694823270461153,7.720035
7.4,8.205330191288294,7.426395
6.5,7.516950645017204,6.6103125
6.2,7.329297306402587,6.5214605
5.8,6.850377452602729,5.8122997
6.1,7.257937350346744,6.0893254
6.0,7.167106066722717,5.9805856
5.6,6.564780403309044,5.5327272
6.0,6.879425827611968,5.8005905
6.1,6.661570352259922,5.7775655
5.5,6.081081921753736,5.3781037
3.9,4.168029713112681,3.8512144
2.9,2.7648183944017433,3.0016472
3.3,3.588813443724618,3.0375326
2.3,3.0472809366207443,2.365988
1.6,2.1421432683429202,1.438661
1.1,2.486124338376669,1.0835936
0.9,1.7193347387697813,0.8155505
0.7,1.8274668815945674,0.67740095
0.4,1.2704231752742032,0.57368743
0.6,1.495653587740847,0.5926746
0.5,1.1396136637133907,0.5254636
0.6,1.1001701035963478,0.73585206
0.6,1.3138500529575268,0.51966405
0.6,1.092443643972807,0.5266522
0.7,1.1786804449473536,0.7359795
0.6,0.8660591399093462,0.66934425
0.5,1.075867922052801,0.525591
0.4,0.7761426569782159,0.4259856
0.2,0.2474731218940036,-0.017630663
0.0,0.12506648885924676,-0.024461076
-0.2,0.2806594086234995,-0.026040846
-0.1,0.43004342567608944,-0.30481836
-0.1,0.928071349661252,-0.15194404
0.5,1.5398875734144397,0.56327415
1.9,2.9663331675172984,1.7528465
3.0,4.40179840895572,3.037551
3.2,4.16913386843288,3.295569
3.4,4.0397756525837,3.7997165
3.9,4.115573954976782,4.0210323
5.1,5.414344894648586,5.033637
5.5,5.672064695005254,5.5793805
8.3,8.595372485795988,8.453404
8.9,9.306198384674147,9.063504
9.9,10.395055544611203,9.821537
10.5,11.040815196605546,10.461981
11.2,11.561537700968305,11.09838
11.0,11.615597117702265,11.066172
13.7,14.276465804458734,14.050208
13.9,14.479016890860425,13.771024
14.3,15.054844281133509,14.236372
12.2,12.518061107503964,12.331502
12.4,12.677775557511769,12.479587
13.2,13.473893283806191,13.068425
13.0,13.131170285277747,12.98963
13.0,13.180566158120303,12.905648
12.7,12.760795545555993,12.890299
13.7,13.779197204029533,13.407558
14.6,14.805450841723388,14.698946
16.6,16.92449603912788,16.617764
17.3,17.578054746195082,16.989819
19.1,19.35442492827766,19.051378
19.3,19.653953853322594,19.340218
20.7,21.00294836647474,20.573864
19.9,20.31728234226611,20.055178
16.4,16.975433659412754,16.347385
16.1,16.490287478417965,16.087809
15.4,15.907166977120951,15.755067
18.6,19.53252841472169,18.597626
14.4,14.920876485442346,14.359138
15.1,15.599544718167255,14.833128
14.4,14.785743286768728,14.368603
13.6,13.771787461888454,13.597836
11.3,11.741750926714229,11.43091
9.7,10.133488506518027,9.649275
9.2,9.77405966619774,9.186469
8.2,8.479996386085915,8.30116
7.1,7.359697463763133,7.145491
4.0,3.8073453788084493,4.16023
3.8,3.5551693205994965,3.8463147
4.4,4.289775864797804,4.2537584
3.9,3.8866212541507323,3.9642615
4.2,4.116946703600789,4.091918
4.9,4.866495342957506,4.926439
5.6,5.576036041898639,5.6203794
5.5,5.404917173798758,5.537423
4.0,4.2967894100358635,4.1913953
3.6,3.6479328873584933,3.6447854
3.5,3.6116189318493284,3.6120725
3.8,3.853141200170839,3.8723674
3.1,2.724572962108361,3.0631402
3.1,2.703174933131642,2.993228
3.2,2.804957005507525,3.22558
3.2,2.821709066016787,3.053225
3.2,2.9491834667499432,3.2124798
3.1,2.848019465669303,3.1302776
2.9,2.7022179751209023,2.907487
2.8,2.478588448581661,2.693126
2.6,2.3671532326963174,2.6240666
2.3,2.0265306046503113,2.3763053
2.5,2.2547381697341393,2.5860183
2.5,2.279933676229362,2.4833524
2.6,2.296482147671213,2.5884764
2.6,2.411384669706969,2.6590836
3.4,3.334069696499391,3.311371
4.2,4.242611881302878,4.215106
5.4,5.519330459312165,5.4308653
5.3,5.477091572154833,5.205275
7.1,7.540796169022727,7.251794
8.3,8.759575317682348,8.312962
9.4,9.976887498554937,9.228107
10.7,11.269444983319552,10.66879
11.5,11.942992822054144,11.425229
10.9,11.41031280184652,11.031062
12.4,12.893589186353843,12.308429
12.9,13.172154906845055,12.951227
12.8,13.14293529624996,12.952829
12.5,12.89071327172843,12.454691
12.1,12.291834165354754,12.008106
12.2,12.468674065231834,12.109266
12.4,12.554270231740905,12.11236
12.6,12.889783585379924,12.731735
11.8,11.92927561791759,11.913944
10.8,10.952125848387258,10.902361
10.0,9.973466939130397,9.866599
10.4,10.514472927983817,10.514008
11.1,11.842554954553375,11.208175
10.3,10.80840751835095,10.350849
10.7,11.216573231795877,10.601356
11.6,12.521347144997154,11.756291
11.9,12.796323171715464,11.871122
13.0,13.865257186743069,12.494016
14.6,15.437752159572852,14.367483
10.8,11.221327508803864,10.683423
14.1,14.548127273432428,13.854466
13.3,13.978014676844918,12.803465
12.7,13.24761203405987,12.623048
10.9,11.348501750014492,10.782399
7.7,7.440897065393919,7.5745955
8.8,8.895788492973661,9.001297
7.7,7.290412150420892,7.760729
6.6,6.012128086123049,6.647905
6.5,5.901641411933241,6.418472
6.3,5.978617340776921,6.3183713
6.1,5.236739016778195,6.0489297
5.9,5.0334326864075365,5.9491105
6.4,5.650825874039178,6.3962736
5.9,5.381069547494718,6.047903
5.9,5.055351628062098,5.8875027
5.9,5.362651072533517,5.8896976
6.0,5.26878595399964,5.8875875
6.0,5.548275081997346,5.885152
6.3,5.728672054157435,6.303582
6.3,5.758296398380487,6.3960896
7.4,6.897826299346001,7.496797
7.6,7.158470598235702,7.6281667
7.4,7.067202424026796,7.473913
8.1,7.880611210552793,8.276489
8.3,8.274292708453146,8.308525
10.8,10.760343808953952,10.87116
10.3,10.210098190061501,10.360076
9.7,9.58095254910937,9.857337
10.8,10.656515986271657,10.800077
14.0,14.333114725412685,13.920353
14.6,14.999912662318714,14.643143
13.7,14.181129008309153,13.73849
11.9,12.195159852673598,12.054196
16.1,16.62581249711277,16.015139
13.4,13.621609227775078,13.4426565
13.3,13.416045741075752,13.279892
21.9,22.25449462210225,21.794628
20.1,20.684348808938758,20.188343
22.0,22.381344605689094,21.961658
21.6,21.884612354643252,21.646332
21.8,22.35253271084288,21.708921
21.8,22.40190642925484,21.746073
19.3,19.73010859269441,19.527308
18.0,18.41415763058894,18.004017
21.9,21.714475111679135,21.765688
22.6,22.251160314760373,22.287603
22.1,21.982730585054867,22.073017
21.7,21.601269167934525,21.830816
15.2,15.284113101138892,15.219605
12.0,12.035199900243477,11.993962
10.9,11.030144273579623,10.743086
10.6,10.836401728733765,10.722054
9.4,9.684161784799397,9.340242
8.3,8.407110354876263,8.371013
7.4,7.566339279748206,7.3454113
6.1,6.237453000202763,6.0400276
6.2,6.2235553751819594,6.0291142
5.8,5.89580637564039,5.8975954
5.6,5.93386970551861,5.5835357
5.1,5.337319844688693,5.1821804
4.7,4.950696823163646,4.910575
4.2,4.323533381217672,4.013513
3.6,3.836925161575145,3.792157
3.0,3.6067015422636217,3.1903846
2.3,2.5199082267169786,1.9426545
2.0,1.9787555908490901,1.8559726
2.9,3.1013855600420044,3.1415286
3.4,3.9159449985010752,3.2849047
4.8,5.675880832581662,4.8792114
5.8,6.789063959160444,5.83114
7.1,8.24953882231415,7.1512384
9.0,10.01283853472665,8.983444
9.8,10.788067780802958,9.853114
10.9,11.828234301447527,10.872702
11.7,12.70949879780002,11.69967
12.0,12.852729813733532,12.041909
11.5,12.383617104990506,11.362057
11.2,12.145852880766867,11.184844
10.8,11.558015391870391,10.817293
10.1,10.791228853619756,9.955483
9.3,10.058562751638519,9.378423
8.8,9.553824241189695,8.8600235
8.1,8.721855870185518,7.9719124
7.6,8.389096862149728,7.52518
7.2,7.950618543832164,7.2705107
6.7,7.357795611117986,6.8003635
6.0,6.32049633842788,6.060334
5.2,4.9993141395567875,5.1413846
4.4,3.7711643437636724,4.219402
4.4,3.9165209161835293,4.249818
4.4,4.215792378300662,4.409555
4.4,4.4030623421793535,4.519425
4.5,4.554936697764276,4.7494144
4.5,4.052445841559496,4.4596643
4.4,4.011834594848736,3.8918264
4.3,4.189696742535119,3.961552
4.2,4.1642033298949315,4.1387806
4.2,4.196895481988598,4.154891
4.2,4.380774402209056,4.0619926
4.6,4.5721429733863275,4.525663
4.2,4.013866653610052,4.153027
4.5,4.384277949138678,4.3977246
4.6,4.498155252338584,4.7451215
4.8,4.561855243877211,4.8791156
4.6,4.136501124415879,4.734598
4.4,3.6692689671833563,4.399999
4.3,3.463908686495003,4.279245
4.4,3.721907947654344,4.4564056
4.9,4.479051891548437,4.982317
5.4,4.945698285343681,5.41483
8.6,9.117302549982124,8.4887085
8.7,9.30063415876587,8.889177
8.6,9.131725808676663,8.899646
8.4,8.814021380072944,8.394141
8.1,8.400000383051296,8.188737
9.0,9.47287374560549,9.130524
8.8,9.481911768373731,9.018358
7.1,7.098311869861099,7.140761
7.5,7.646509078931729,7.4743414
8.1,8.292264389596934,8.031732
9.4,9.77518824891893,9.488119
9.0,9.232729341950247,8.9421
11.1,11.769576595730907,11.138204
10.0,10.563232936670587,10.265536
10.8,11.405219216291826,10.851002
11.1,11.753076092589222,11.151381
11.2,11.880316808165453,11.550947
11.2,11.799934509181234,11.094809
11.2,11.70615101781907,11.154175
10.6,10.990854334858032,10.800847
10.0,9.92614459346051,9.792504
8.9,8.810477079203775,9.121064
7.3,6.491150907899829,7.2326965
9.4,9.410961457766962,9.3261175
11.6,11.985516928022086,11.413889
11.2,11.596865617002301,11.127003
9.7,9.793704152664123,9.722096
9.9,10.087300429999129,9.798519
10.6,10.985264703338679,10.852563
10.9,11.011636800975214,10.78538
11.8,11.974066280306882,11.719453
14.3,14.672703613898047,14.443715
16.0,16.269949567052254,15.840535
16.0,16.08859817052452,15.844859
15.9,16.07129616857823,15.875024
15.5,15.7550532802207,15.493869
14.8,15.128078301864534,14.578943
14.5,14.835465413455012,14.482316
15.4,15.544831789302801,15.084904
14.9,14.991188896061932,14.766234
14.8,14.90496849825978,14.710438
14.6,14.792534310190021,14.708226
13.8,13.915187104567348,13.764277
12.1,12.117800598751089,12.097332
12.3,12.252932873510538,12.183404
15.3,15.437751350187039,15.636888
15.2,15.417083372251135,15.315505
14.7,14.888198801119444,14.50361
14.5,14.80049734074624,14.433129
13.8,14.034450243229493,13.959355
13.0,13.374212395840008,12.949306
14.2,14.561604389496605,14.20434
15.3,15.454373586879129,15.440888
15.3,15.39912688492209,15.620312
15.9,15.925660629721278,15.997224
16.6,16.578354966727506,16.705347
17.6,17.49799685729005,17.442585
18.4,18.115849498617848,18.302603
16.7,16.728514465236255,17.04346
18.1,17.938932273638898,18.247986
18.1,17.817015671545985,18.131939
18.3,18.06015176836607,18.248686
17.9,17.66396295316653,18.142715
18.3,18.068732573851754,18.868847
17.8,17.680441714542717,18.089615
18.6,18.37091757393637,19.009556
19.0,18.62204266137443,19.415066
18.7,18.4194042863055,18.639402
18.0,17.668953776949444,17.739836
17.1,16.91790929274996,17.011894
17.0,16.949498569421607,17.01911
16.8,16.53305287579443,16.846989
16.1,16.111174398454594,15.971717
15.9,15.844949146886922,16.009504
15.4,15.442152271401234,15.582741
15.5,15.426465368682663,15.582741
16.4,16.361902301020258,17.00265
18.1,17.821146845699218,18.116526
19.7,19.192161664553144,19.701174
21.5,20.644346940328788,21.487797
22.9,21.885164689297355,23.184788
23.3,22.157104011960044,23.079716
25.2,23.53688149868699,24.887703
25.6,23.949684902134145,25.470133
25.7,24.156698421233102,25.966911
25.3,23.990777060094487,25.618904
25.3,23.806029781704208,25.412802
25.1,23.603195461602063,25.00034
23.8,22.655291221646024,23.948479
22.3,21.52064176060008,22.287474
22.4,21.545169554793706,22.288414
21.5,20.780918428855347,21.364592
20.6,20.012533942618617,20.410913
19.4,18.916627021467484,19.391624
19.3,18.977954569834985,19.348991
19.0,18.660946143574623,18.918564
18.3,17.98650901598865,18.07997
17.8,17.597440702499703,17.776665
17.7,17.435403096256234,17.737688
18.8,18.512344505146388,19.15948
20.7,20.16985814614713,21.032944
21.9,21.136546115935648,21.81115
23.6,22.700983094731686,23.617529
25.1,23.855039427885906,25.064838
25.8,24.371593808879847,25.887495
26.8,24.89383805953054,26.96288
27.3,24.896055177512537,27.080532
28.1,25.58384482363254,27.753843
27.5,25.073418383931177,27.226097
26.6,24.5859664942889,26.686937
26.5,24.491890205706312,26.197279
25.9,24.076534855482194,25.855162
24.7,23.264914827587337,24.680937
23.7,22.440119888735808,23.896276
23.1,21.97983569005622,23.012194
22.0,21.093105134243544,21.865807
21.2,20.51206655577413,21.364191
20.6,19.979980067529862,20.827606
19.5,19.038044732291834,19.469717
18.9,18.43585540458488,18.540758
18.4,18.08387887442553,18.341894
17.8,17.42965207245573,17.873789
18.6,18.15504664038719,18.37616
18.2,17.79567682137003,18.103117
19.6,19.134343455437733,19.476997
21.3,20.613825652005843,21.345177
21.7,21.15214640952612,22.354385
24.3,22.91595226757387,23.982815
25.1,23.4884324848418,24.920784
25.6,24.003257836115466,25.336098
26.2,24.292458419373585,25.456516
27.5,25.143117496168003,27.078587
28.2,25.361351601220996,28.452644
27.7,25.208164223576887,27.7318
27.0,24.581100503927917,26.645884
26.1,24.0377022808524,26.090336
25.0,23.348714316015915,25.109455
24.7,23.013834979337346,24.844257
24.1,22.46974216588404,24.100067
22.8,21.35139088380511,22.647644
22.4,21.247442879309048,22.462328
21.7,20.73289815296041,21.784937
19.1,18.70893767237817,18.890745
16.6,16.566950357035775,16.740555
12.4,12.186154120891505,12.147202
13.7,13.633770808709595,13.512837
14.0,14.100588217743017,14.166916
15.7,15.78517132202137,15.753964
18.9,18.603844121320623,18.898508
21.2,20.373304424556515,20.880476
14.8,14.790416164584936,14.616724
20.2,19.79049964996853,20.243895
19.6,19.326334337758933,19.777786
18.6,18.53396408369935,18.646097
20.0,19.71681333963179,20.105227
18.8,18.76484528176963,18.85245
18.7,18.638047511188976,18.482018
20.1,19.711866506024787,19.81139
21.5,20.83673130611603,21.463684
20.2,19.846813408146268,20.130514
19.6,19.412641692158093,19.819042
20.9,20.300872181566135,20.572702
20.2,19.920805739707124,20.029636
22.4,21.86746710059503,22.352959
23.2,22.706542293198506,23.431465
22.4,21.863779832859105,22.319244
22.1,21.750007845769115,22.099323
22.1,21.664711051331267,22.010168
21.7,21.25469692768747,21.606401
20.8,20.514975167921364,20.924543
19.7,19.518340330789798,19.749691
21.2,20.934769485289088,21.534199
21.1,20.824342795996863,21.129303
21.7,21.51484679122634,21.731512
22.2,21.903442551569864,22.21583
23.4,22.891471338089545,23.604637
26.9,25.464687374047458,26.827957
27.2,25.770853494711428,27.121475
26.0,25.178395087062512,26.002857
19.0,18.88329504666978,18.963957
19.6,19.529516301117305,19.548298
23.4,22.829387863593762,23.40374
20.9,20.693376211,20.778923
20.5,20.49003836977916,20.607365
23.1,22.68191437409369,23.067728
23.7,23.179267697287425,23.85159
22.9,22.310134327124537,22.629564
19.5,19.326150451563304,19.556059
17.8,18.05155649103743,18.114674
16.6,16.664132284887557,16.73254
16.6,16.67190540538545,16.474194
16.1,16.385472184032796,16.002954
15.8,15.92770363481316,15.715932
13.7,13.739885680500475,13.607917
11.4,11.275391164199853,11.56327
10.3,10.321499904912947,10.277699
11.3,11.133553902377269,11.285141
10.3,10.22786984335481,10.208956
7.6,7.113116898698777,7.348968
6.4,6.336146565673658,6.5230846
7.2,7.236848925172616,6.9396315
6.9,6.966557124094869,6.878221
6.7,6.501348826924989,6.3946877
6.6,6.739834912967403,6.47577
6.2,6.325585529812265,6.2909966
5.5,5.496866313178032,5.4725676
5.3,5.216747553806286,5.378415
4.3,4.178404515657952,4.0924387
2.8,2.4737734756610834,2.7294166
2.7,2.3079918674949624,2.8529198
2.9,2.6561691791329096,2.916713
1.6,1.3306898362318549,1.6789389
2.1,1.833043088347857,2.025308
1.9,1.87904031371027,1.8769608
1.6,1.374301606594841,1.6727488
1.1,0.6808076733966502,1.0832503
0.8,0.36176850297388796,0.9779518
0.9,0.45967505873035464,0.90822625
1.9,2.0200011390992003,1.9632933
2.8,2.864259174410762,2.7463267
2.9,2.974941313658121,2.9791346
4.2,4.925299801616944,4.429123
4.1,4.6229096011010355,3.8681822
4.6,5.401547320842063,4.701949
4.4,4.888313088917073,4.2680116
4.4,4.869830145177794,4.2689714
4.5,4.984628475575654,4.3291245
4.7,5.28582961502147,4.939648
4.7,5.25631451171224,4.9386883
5.1,5.739814555735229,5.1742845
4.9,5.427143718519957,5.007951
4.9,5.635470271062033,5.0325513
4.7,5.372806120437183,4.906242
4.4,4.7735923135789164,4.25131
4.1,4.445197117042731,3.9955266
4.0,4.436067479782849,3.8545504
3.4,3.564654770905342,3.2621837
3.1,3.1766251676795463,3.067283
3.2,3.340779414910493,3.0217242
3.8,4.205461819129212,3.8548913
4.7,5.026890189343064,4.51738
5.5,6.038069894101831,5.314524
6.4,7.1181636093428935,6.489987
8.5,9.33268318846368,8.54731
9.7,10.594598140344655,9.757388
10.9,11.703439326721508,10.917599
7.8,7.8834622941009584,7.9730115
7.8,7.778622989030815,7.6404533
7.8,7.763318784934299,7.7573485
9.1,9.464765039943064,9.079702
8.9,9.13561699296384,9.05282
9.6,10.143853042388589,9.538011
10.0,10.451877723189472,9.63206
10.5,11.322516216089717,10.518135
10.6,11.279123810303656,10.5177
8.9,9.176067637938289,8.886864
9.3,9.936590812621343,9.450692
8.0,7.987245020894456,8.193115
8.0,8.106269889268017,8.0407915
7.9,8.061629435116057,8.080063
7.8,8.069282423796171,8.032394
8.0,8.339900730873477,8.36239
7.7,7.839899706605941,7.552983
8.0,8.162928186112104,8.032914
7.9,8.050266375340819,8.118877
7.2,6.939680850317046,7.0501933
7.6,7.503088856864117,7.5822134
8.4,8.322428849872765,8.285857
9.6,9.789745129878874,9.535897
10.6,10.901168149183025,10.645714
10.3,10.424441307158009,10.252962
9.6,9.65592687945649,9.508643
10.3,10.363702235170994,10.136388
10.5,10.599064539235137,10.5604725
11.4,11.64325635269223,11.464567
13.6,13.90542613585992,13.350902
7.9,7.722352707807083,7.930712
9.4,9.302517631861765,9.490186
11.5,11.610206898092635,11.592498
12.0,12.11108294178413,11.961231
14.3,14.470996637947092,14.365404
15.3,15.417832323747259,15.338823
16.8,16.89195810493217,16.934961
17.3,17.546797722528776,17.34288
17.3,17.417113124351346,17.115953
17.4,17.58981695704289,17.63841
18.3,18.527491162050577,18.35772
18.4,18.46188355755355,18.522257
18.1,18.111375567525997,18.04573
20.0,19.948370855096876,19.710371
22.2,21.862515825556834,22.251627
23.4,22.754416040997604,23.17949
21.5,21.28968937199612,21.58625
20.8,20.762069008196217,20.740685
21.3,21.343281652227905,21.465876
25.3,24.57095856805445,25.325739
26.3,25.26304342505513,26.197933
26.1,25.210076189158944,26.006388
25.6,24.855482230062194,25.480976
24.5,24.204919398360516,24.684645
20.6,20.613235972164297,20.560205
20.0,20.074126422515885,20.095026
16.3,16.258534779884823,16.251097
13.2,12.927439886880364,13.034564
11.8,11.588271052162881,11.895904
10.5,10.498338536310062,10.77608
10.1,9.843823346751325,10.162059
9.8,9.630555054019649,9.797757
9.7,9.55831480047533,9.600282
9.0,9.014933816646433,9.145747
9.0,9.09307236436388,9.14314
8.9,9.121639974588486,9.0713215
9.6,9.83767669551198,9.626885
10.3,10.548436416197319,10.163009
10.5,10.792196224512999,10.485929
11.3,11.538089145870305,11.133231
11.8,12.139632987551472,11.844882
13.3,13.773913938475808,13.437485
14.2,14.616587184519446,14.098577
15.3,15.662202682504699,15.559891
16.3,16.59827532561712,16.210138
17.4,17.471625491633073,17.641233
16.6,16.747082024080704,16.425323
15.4,15.719849884169658,15.710602
14.4,14.837921351926681,14.371705
12.9,13.36987707824646,12.722386
11.4,11.955321626784908,11.233816
10.8,11.293457173198274,10.57283
9.9,10.55217683593629,9.607651
9.5,10.084876616470208,9.575509
8.7,9.34186947925723,8.64297
8.2,8.849879621428155,7.9523683
7.6,8.122751480675998,7.695252
7.1,7.5413958962206,7.186639
6.5,6.867474174285121,6.4327135
6.5,6.894836449352347,6.4306164
6.5,6.918277768183707,6.4336195
6.5,6.756818632345251,6.522549
5.3,5.352786674224163,5.342014
6.6,7.046566362092754,6.8119607
4.1,3.5657441039945184,3.9625082
4.5,4.523072603741504,4.769482
5.8,5.901492066090427,5.587281
7.7,8.537367014236526,7.7585855
7.6,8.381056323080834,7.521515
7.6,8.239221133070874,7.655277
4.7,4.780486334564422,4.9914713
6.0,6.157055259603041,5.9248443
6.6,6.8777154236159035,6.418597
6.0,5.769380056008316,5.918089
6.2,6.203193965195219,5.907364
5.7,5.851591020600324,5.728328
5.4,5.194515170699212,5.3299117
5.4,5.273116568003822,5.4640875
5.3,5.326406287204264,5.367017
4.8,4.5614776793626675,5.032148
4.8,4.49349196529721,4.984346
4.6,4.269460943468772,4.4418674
4.0,3.6921114018797496,4.022048
4.0,3.689684820525237,3.827915
4.4,4.290757600124536,4.5000997
5.1,5.267135812001484,5.1338954
5.1,5.244817332640942,5.0324574
5.5,5.7878930428339075,5.438761
6.2,6.828895333677224,6.1740727
6.1,6.487300461677876,5.9870534
6.2,6.687308299249111,6.0974755
5.9,6.537514036263531,5.793313
6.0,6.609313951270039,6.0335255
6.1,6.6251774725259835,6.0356355
6.1,6.602882897512522,5.789872
5.7,6.103245621947266,5.5384645
5.7,6.266379006830334,5.651074
5.7,6.2987563888269165,5.49207
5.5,6.133374266740084,5.366767
5.4,5.9355551997307,5.3418646
5.3,5.711269995511856,5.2693276
5.1,5.614357221027106,5.1832895
5.0,5.415274962804759,5.0704093
5.0,5.5143481302358595,5.1486845
4.9,5.400134992211122,5.073204
4.5,4.766299753828619,4.2336164
4.2,4.429664710567742,3.9778495
5.3,5.901929833990842,5.340573
5.6,6.2334574986413145,5.6323442
7.4,8.246987690320093,7.4232454
7.5,8.551481447914743,7.6603136
8.5,9.608188514110914,8.385412
9.4,10.476306327440685,9.346652
10.1,11.095247744792317,10.049346
10.1,11.110066423199022,10.139333
7.4,7.879258407511124,7.4819236
7.5,7.985448037498514,7.682294
7.8,8.163539173817313,7.8542995
7.5,7.700669568207964,7.6694555
7.9,8.263913894885654,7.9658065
8.0,8.339191963757056,8.018807
7.9,8.342332464510807,8.014594
8.6,9.04304011851514,8.504593
8.6,9.147057746345318,8.613596
8.6,8.805707833459792,8.771739
8.3,8.587180495533843,8.4857235
7.9,7.830591025565447,7.819999
7.2,6.942337034781104,7.0881324
6.8,6.549855648030672,6.8655286
5.6,5.055827743994634,5.7504764
5.8,5.344994037282078,5.8612576
4.9,4.329013059191844,4.8107686
4.5,3.7473926618012783,4.4877315
4.3,3.707903464476651,4.229023
4.3,3.49196578750815,4.2298555
4.4,3.628800325430852,4.3875394
4.7,4.093834321204213,4.733151
4.8,4.23066251865589,4.783932
4.7,4.250964755028214,4.6212983
5.1,4.7246533260403965,5.082892
4.9,4.596656303504915,5.1247597
4.9,4.505290400847407,4.8648853
4.6,4.273330127895733,4.811649
5.1,4.878950992484,5.2417026
5.5,5.644033758830837,5.484826
5.4,5.641754852266672,5.3845954
5.3,5.218144429634457,5.362606
5.4,5.136646049590858,5.521869
6.1,6.049573853342622,6.192414
5.5,5.337454141996325,5.4453297
5.5,5.365169645511095,5.4462895
5.5,5.350812433017758,5.531229
5.1,4.724177774612507,5.179566
5.1,4.584687846034129,5.1243606
4.9,4.354300806488453,4.8332915
5.5,5.189431774286113,5.4002547
5.4,5.435494205119575,5.3553166
5.3,5.274450652264477,5.518575
5.3,5.305911374614006,5.2922735
5.2,5.179407941662973,5.249807
5.4,5.502677763022284,5.5285306
5.4,5.3820504199282055,5.5819936
5.4,5.25725169133414,5.357373
5.4,5.366145309171451,5.4399695
5.4,5.274140525607834,5.5237145
5.4,5.28350751462898,5.362606
5.7,5.6522547215167265,5.6698227
6.1,6.290308803194009,5.886746
5.7,5.614620585790284,5.69523
5.8,5.528090038963775,5.845803
5.8,5.699494283048303,5.857489
5.8,5.690832708027948,5.8563385
6.1,6.011785903412893,6.191454
6.2,6.123866145361482,6.271956
6.7,6.563795545398968,6.7996473
7.0,6.9932800738477425,6.971633
7.2,7.361265380873505,7.2212987
7.3,7.558624941093385,7.2092586
7.4,7.6749876658056735,7.3195124
8.5,8.93555409317236,8.40384
8.4,8.864892604639184,8.311199
9.6,10.208961818462544,9.508682
12.3,12.977496951952954,12.226989
12.0,12.580203448307948,12.222705
12.8,13.19700869176172,13.005824
11.1,11.21708297738763,11.25291
12.4,12.870641752685778,12.440785
12.7,12.926750556427077,12.710265
12.1,12.393658086567346,11.769375
11.8,12.304195489837394,11.763991
12.3,12.810864711588021,11.964846
11.3,11.708489185491889,11.264339
10.2,10.406462625441954,10.143312
10.0,10.264086703739128,10.027411
10.2,10.37064198073794,10.145148
10.1,10.230942926312693,10.094687
10.0,10.196939474703097,10.13524
10.4,10.574400814359429,10.39446
11.4,11.760362515290389,11.420463
11.4,11.938287030572244,11.768087
11.1,11.431944347113792,11.138083
10.4,10.552771027671898,10.245904
9.7,9.763784411000856,9.877436
9.3,9.43522060166136,9.179829
9.1,9.01040614543846,9.1510725
8.4,8.164694507863143,8.351397
8.4,8.352574433426163,8.370871
8.8,8.814119085961252,9.01303
8.9,8.937055631779778,8.955214
8.6,8.460019467320041,8.668289
8.5,8.632043051980837,8.746484
9.0,8.989563688296524,9.069945
10.1,10.281999439485649,10.152053
9.6,9.839144669456001,9.599492
11.9,12.332365643936235,11.7618
9.6,9.943688744735013,9.6584215
9.3,9.546800535524753,9.373052
9.8,10.181772696176491,9.808365
9.8,10.32605911361648,9.943693
10.6,11.030213923814912,10.337138
10.4,10.87509406640325,10.577879
10.7,11.288885736431034,11.174937
10.8,11.521126496328058,11.215871
10.0,10.759035933643457,10.315166
9.8,10.291908336005953,9.951798
9.2,9.103408691291158,9.221261
9.6,9.582648654030592,9.527407
10.9,11.239398746699322,11.072437
11.2,11.500404792902948,11.35238
12.3,12.694523578244798,12.141407
13.6,13.888483541385103,13.542083
12.7,13.03827441731443,13.206019
10.0,9.717670025270767,9.931452
10.4,10.144896870058854,10.463392
12.0,12.07863418427663,11.974089
13.4,13.674403035925248,13.36211
13.8,14.202864610665742,13.690749
13.7,14.115322218330519,13.6271515
13.2,13.775707959442776,13.140706
12.7,13.131800233239435,12.886578
11.2,11.604311834109776,11.389502
10.2,10.586011161150168,10.245114
9.6,9.876400338025416,9.667251
9.0,9.332753456507252,9.173543
8.4,8.674048524721094,8.471615
8.0,8.163605826837209,8.201956
7.8,7.88480936800557,7.8094606
7.7,7.7821727397886065,7.7643585
7.2,7.1601563282425715,7.062787
6.6,6.442517879966381,6.6495605
7.0,7.002452723787819,6.9111595
7.8,8.025981977077262,7.7960534
9.5,10.053267555097555,9.503152
9.7,10.367077579914895,9.780494
8.2,8.601216827256781,8.418781
7.5,7.471525074774085,7.494018
8.7,8.99393771800408,8.761875
7.2,7.49071966706763,7.0734515
6.1,6.11213578230597,6.1136937
5.6,5.517967803212883,5.5739374
6.2,6.038571984604033,6.262239
7.0,6.864222240441485,6.935666
6.9,6.8752845805657685,6.7537446
7.1,6.9964386110213255,6.968376
6.9,6.905786583619339,6.8928504
6.9,6.953468060340128,6.852713
6.9,7.083215448783321,6.914883
6.5,6.5977189440814925,6.538774
6.3,6.257741840192665,6.2165594
6.3,6.454027595317612,6.361731
5.9,5.708222481142272,5.734314
5.5,5.52685835107188,5.408345
5.6,5.666097388077979,5.663841
5.8,5.73108200472582,5.858776
6.1,6.265199176795292,5.9526176
6.0,6.199770846546329,6.2037435
5.8,5.728532935567337,5.8105083
5.3,5.31409765660424,5.367234
5.1,4.996315304228794,5.0637364
5.2,5.131971299582936,5.0637364
5.8,5.7964146734100055,5.8953667
6.7,6.638689450132333,6.710638
7.2,7.257203987701317,7.2671986
7.7,7.74598460143546,7.575755
8.4,8.557485988625785,8.448415
9.2,9.633307407347594,9.300442
10.1,10.419587616011967,10.144086
10.0,10.390050332887533,9.896738
10.1,10.580782574503772,9.961947
9.9,10.297445341031413,9.8259
9.3,9.727942171308438,9.421042
8.7,9.136236330031274,8.8069
8.4,8.767989866461857,8.363585
7.9,8.311296103954671,7.848807
7.2,7.616382820311664,7.203571
6.9,7.200694913591327,6.9263434
7.1,7.421809431607095,6.921488
7.2,7.409031735505259,6.9142103
8.0,8.345554735582315,8.024194
8.6,9.21310139598673,8.534408
9.6,10.142602550190887,9.534383
10.6,11.240064476885305,10.795526
11.3,11.90104809586892,11.409829
11.9,12.578093224795026,11.743804
7.5,7.676288458389116,7.592691
7.4,7.65420000172152,7.5924015
7.1,7.2526467375854935,7.2931266
7.4,7.579967191811981,7.4602
7.4,7.59491184425778,7.31264
7.9,8.135905197737891,8.095495
8.0,8.077564476274677,8.018728
8.2,8.200858339931369,8.169392
9.1,9.650789776340169,8.919161
8.7,9.351302956344028,8.520292
8.2,8.642125904003464,8.214969
7.1,7.430797792077236,6.9938984
7.1,6.879999594292109,6.961295
7.0,6.891011545960907,6.9579473
6.6,6.559236781645595,6.6691647
6.5,6.3637830961832265,6.530526
6.1,6.0086260169117125,6.1452317
6.2,6.102513990700672,6.156918
5.9,5.711703141195116,6.01852
6.0,5.859464127513817,6.125627
5.9,5.648829771924795,5.69544
6.2,5.970346011216996,6.099482
6.3,6.0934927211512,6.158576
5.5,5.18903173379158,5.4800725
5.6,5.389117406962605,5.6477904
5.8,5.273317199028725,5.8953385
6.1,5.7007851302722585,6.051569
5.9,5.498423360224393,5.983368
5.9,5.382283725341402,5.6505404
6.5,6.041239342359354,6.7211165
7.4,7.35012075339359,7.161125
8.8,9.052464135180305,8.81171
9.9,10.254632584552176,9.898565
10.0,10.413499172786263,10.324377
10.0,10.370159710647961,10.191522
10.2,10.477007531099353,10.122423
10.2,10.336637218583483,10.23782
9.5,9.601464769470375,9.577539
9.3,9.364319890900024,9.319609
9.2,9.387531719197842,9.157202
9.5,9.758847387717982,9.694435
10.9,11.122328002856968,10.838758
10.8,11.116785783233347,10.958852
11.7,11.883134163739381,11.660187
14.7,14.966134753072538,14.977373
14.4,14.652411928822058,14.282278
15.8,15.927535948291595,15.611357
15.6,15.806541615450652,15.611792
16.7,16.84219733276853,16.69782
16.0,16.24636768509845,16.316467
15.9,16.161505896638666,15.809121
15.6,15.809440870692562,15.584879
15.4,15.577237010299417,15.53241
15.5,15.657542244213587,15.585675
16.2,16.303643572078773,16.129732
16.9,16.997945256920428,17.141762
16.4,16.432931869539733,16.208986
17.3,17.22952140925734,17.554415
16.8,16.713759817382144,16.67245
16.5,16.4172610596687,16.50235
15.8,15.838242688280676,15.642433
15.6,15.697872794773286,15.639217
15.2,15.326281293730357,15.171023
15.4,15.391456724502355,15.219981
15.8,15.72023575148647,15.921959
16.6,16.610898637961395,17.142982
18.2,18.03480894268035,18.31815
20.0,19.567801037797178,20.288311
21.3,20.582663741681973,21.177649
18.6,18.401603789587167,18.699722
17.8,17.65594740393325,17.854668
16.4,16.37262278535907,16.344296
22.4,21.48267384293571,22.338078
22.5,21.62487777563459,22.365797
22.3,21.53863735613433,22.416115
20.9,20.422582053109593,20.77046
20.4,19.986884654839468,20.298872
20.8,20.352602492404777,20.768768
20.7,20.092398415664775,20.401764
19.4,19.18931409645367,19.424452
18.6,18.480499611761964,18.699215
18.1,18.023714499460972,17.972864
17.2,17.040686026073594,17.090328
21.9,21.879741142867726,21.91638
16.8,16.6460984957965,16.854141
16.4,16.26847586526634,16.548618
16.2,16.019814443694766,16.056206
14.0,14.222882680588977,14.0418825
15.2,15.141896995334921,15.242666
15.1,15.416242342299693,15.241586
14.7,14.681084749931884,14.756048
14.5,14.475986206312179,14.580694
15.0,15.027843306695665,15.051708
14.2,14.199860242736477,14.219449
16.2,16.18004431794921,16.158379
12.6,12.42225189385298,12.443821
12.4,12.33695560094844,12.4459305
13.7,13.691410409051507,13.676847
13.9,14.026615421131506,14.321115
13.9,13.900590195717125,14.098507
12.5,12.532957481911279,12.456877
14.1,14.12480829043852,14.105018
21.4,21.501836242144964,21.397655
22.2,22.13854717147799,22.18884
21.9,21.99445151470392,21.847143
21.5,21.514626385273697,21.524511
20.6,20.750612375241346,20.623808
17.6,17.831674820303167,17.59806
19.3,19.45567876825243,19.174244
19.9,20.163348248273483,19.979685
20.2,20.41897907784743,20.20224
20.4,20.677806983023167,20.394392
20.2,20.314325143563252,20.165348
20.7,20.84316188196002,20.909986
21.8,21.82994836301877,21.855896
26.0,25.840234172823976,26.075954
24.3,24.017681486823705,24.213158
22.0,22.29795799961172,22.104364
19.8,20.008805132510364,19.898249
20.0,20.101277162530558,19.898659
18.2,18.242723201168545,18.027384
16.8,16.923832785006358,16.654406
14.1,14.132750128403337,14.092943
14.0,14.026473687948627,13.99381
13.5,13.490624045393549,13.435049
11.3,11.081416350800271,11.400949
11.2,10.851892855872805,11.285966
14.6,14.705058583955072,14.698559
14.2,14.448620693987948,14.245387
18.8,18.93228723812249,18.712488
12.2,12.13912881273389,12.119437
10.4,10.113491399854524,10.327423
9.9,9.524754821167612,9.987619
9.4,9.15795157581655,9.393861
8.6,8.120636282899923,8.583739
8.9,8.613494979457776,9.16626
9.0,8.549437499669033,8.952082
9.6,9.22836420211333,9.394195
9.1,8.798289624149447,9.067999
9.3,9.158614612066227,9.191591
9.6,9.44933403546856,9.590799
9.6,9.280118440392535,9.588611
11.2,11.306837053222793,11.298422
10.6,10.208017245477524,10.681227
10.4,10.133595591153078,10.210626
10.6,10.346708412324137,10.630514
9.4,9.01576457018037,9.240244
9.4,9.140920475013385,9.588875
9.4,9.043389582468617,9.2392845
9.6,9.1969097918453,9.588875
9.8,9.520494509816533,9.753836
9.2,8.772019834660917,9.188818
9.7,9.393768805355542,9.814464
9.4,9.122833763307398,9.356871
10.7,10.419313780411048,10.736432
10.2,10.010679252779376,10.634859
11.0,10.755441225468157,10.884708
11.9,11.865532163064902,12.005397
11.4,11.121651989791378,11.280649
11.1,10.678386785449327,11.0501
11.9,11.762744087060792,11.864876
11.9,11.694711053936935,11.905575
10.4,10.020467098167142,10.456254
9.7,9.161478709228842,9.58737
10.1,9.726922151499416,10.322873
10.9,10.6248038281066,10.844202
10.9,10.656276195156142,10.844202
11.2,11.098549648597256,11.278901
11.2,10.98363653942274,11.279226
10.9,10.679779133992753,10.79883
11.5,11.332096289245452,11.4554205
12.7,12.849729813162345,13.186748
12.7,13.071652749433337,12.696129
12.5,12.685154950397674,12.365429
12.4,12.420967434634754,12.375134
12.3,12.2880566595862,12.324093
11.6,11.697332692438078,11.665185
13.0,13.119869165579203,13.1653185
14.5,14.651520410253848,14.445766
14.6,14.760378514677349,14.923107
13.3,13.223123750594862,12.957661
11.8,11.512730240378406,11.905305
11.1,10.73499761687344,11.281905
10.9,10.510968385247047,10.900863
11.2,10.853336665087816,11.281191
11.0,10.647090121628956,10.91077
11.3,11.03962897455197,11.385682
11.3,11.025271474724576,11.03382
11.8,11.584397848103194,11.808737
11.8,11.596890117857267,11.772519
14.0,14.049360701506544,14.317733
16.5,16.577866204864726,16.748728
17.0,17.041173192033952,17.231827
17.5,17.626245016550868,17.674175
16.7,16.819599903825612,16.850775
16.1,16.17791347276818,15.901606
16.6,16.6864436307722,16.653704
15.3,15.415066433859366,15.175842
15.5,15.616513224193579,15.380954
18.2,18.11389195408096,18.09164
19.6,19.35342914811793,19.736645
19.7,19.3081750823847,19.567574
19.1,18.88237118978755,19.129387
17.7,17.54288138626733,17.70438
16.9,16.775156084853833,16.954834
18.5,18.290802243718495,18.426367
18.2,18.003748782488373,18.12305
18.8,18.499483384083774,18.435772
20.7,20.249900957920765,20.795305
20.5,20.067713581553612,20.366737
21.3,20.748825790715394,21.268402
20.9,20.559452731257906,21.257475
18.7,18.547335308842168,18.614845
17.9,17.73990353885586,17.952427
20.5,20.28292688991257,20.608807
20.9,20.58838922134142,21.072214
20.7,20.21920389356379,20.424566
21.2,20.617703402405652,20.976082
21.1,20.6069242332407,20.972134
20.5,19.982156088897145,20.301807
19.3,19.01876847897924,19.375694
19.0,18.8119945697025,18.954475
18.8,18.633211683836493,18.748043
18.8,18.682466118815356,19.08877
16.9,16.864673201195817,16.956804
17.3,17.13653454382423,17.276463
17.6,17.448330069198505,17.320698
23.0,22.109433990758077,23.10897
22.4,21.673132305119747,22.425787
21.7,21.131480577354292,21.746546
16.5,16.564755556147855,16.62505
13.8,13.584651958068992,13.624978
13.5,13.351047580982701,13.435282
14.4,14.162023313461788,14.266159
14.7,14.612859391010403,14.642471
15.7,15.647480591953567,15.739422
16.1,15.985966435645501,15.814402
15.6,15.765676654739778,15.5698595
15.9,15.858182007065253,15.945587
16.2,16.208502322930702,16.302341
16.0,16.02610202241437,16.010956
14.7,14.688657563513612,14.676659
14.6,14.870757538674873,14.797663
15.1,15.34842089019364,15.359755
15.0,15.089058601146203,15.049711
13.9,14.02682033258068,13.744828
13.3,13.140813634400292,13.052514
13.3,13.259704746476196,13.069754
13.3,13.29226527694422,13.067918
13.3,13.16222015393858,13.359909
13.6,13.501533149583398,13.264463
13.0,12.944046184225236,13.013973
12.4,12.239234025808223,12.423075
12.5,12.326732811438234,12.27782
12.5,12.450382876488703,12.599412
12.7,12.468149802728266,12.584522
12.5,12.288298967745451,12.577951
13.2,13.177310902195554,13.257383
12.7,12.509377413771148,12.4559145
12.5,12.368204785557975,12.432561
13.1,12.947669551803006,13.252832
14.0,13.815492005880646,13.988567
14.7,14.626093212686623,14.56683
15.1,15.194710061509038,15.044053
13.7,13.864811871426262,13.606067
13.2,13.043516155970476,13.266721
12.8,12.61502483312356,12.594086
12.8,12.610359354292815,12.595563
12.4,12.170701491945582,12.58921
11.8,11.436175690513188,11.87603
11.4,11.084813466625572,11.366626
12.8,12.739767659898316,12.847514
12.6,12.502085092531239,12.476264
13.1,12.914532463036064,13.142731
13.5,13.345361222392487,13.674047
13.0,12.79008622440897,12.88847
13.1,12.889767390965549,13.378383
13.2,12.91977969674721,13.093044
13.1,12.907956873589349,12.887671
14.4,14.321378685153945,14.324617
15.3,15.15935320045364,15.239505
15.2,15.185807961599195,15.221267
13.4,13.35017527608602,13.234142
14.1,13.9872883363915,14.171214
13.1,12.901712378954748,13.031418
12.7,12.772547301670965,12.748594
12.6,12.417892872900492,12.718392
12.5,12.35472249202778,12.569481
12.7,12.660181990793443,12.652796
12.9,12.951653845926899,12.752601
11.8,11.912136601517158,11.953087
11.8,11.749469324922767,11.953071
11.8,11.550697970312296,11.893592
11.1,11.01778296520795,11.259789
11.5,11.209954084187089,11.471954
10.9,10.54549626412561,10.780151
11.1,10.864845538266618,11.173712
12.3,12.202714282670698,12.077951
11.3,11.175872719459235,11.234428
10.9,10.737428974704173,10.925238
11.1,11.069966400103635,11.230734
10.8,10.796144390712207,10.973383
10.8,10.675160477235838,10.931852
10.4,10.201716647845572,10.1671505
10.5,10.41389986952571,10.61741
10.7,10.645518183771404,10.671528
10.8,10.623702023925425,10.82202
11.1,10.979548585110049,11.066419
10.8,10.668252975401185,10.832724
10.5,10.466339747271562,10.517755
10.6,10.430690324874519,10.389666
11.0,10.929184123922347,10.949515
11.0,11.039900306749843,11.228757
11.7,11.858380293440696,11.818815
11.6,11.694639729969417,11.518122
11.9,12.005542393363186,11.889304
12.2,12.617394811065878,12.20812
12.2,12.565190671154589,12.260403
12.3,12.563229936689357,12.186863
12.1,12.488257635927354,12.209204
11.9,12.44388355679503,11.938909
12.5,12.886714216990427,12.668812
13.5,13.719957437132646,13.378183
14.0,14.367901309845621,14.032545
15.5,15.854521972580478,15.105693
14.9,15.260266634569351,14.68356
14.6,14.958639638013501,14.81279
14.4,14.576148119480138,14.828045
16.0,16.06568488062921,15.664463
16.7,16.856084227557428,17.166594
22.5,21.683130502334684,22.543839
24.1,22.957431646353264,23.986172
24.2,23.00854201055117,24.46623
24.2,23.15863390344208,24.211515
24.6,23.34633840780677,24.722933
23.9,22.924151172250756,23.963974
23.6,22.533798197340403,23.517435
14.9,14.93404333894323,14.901766
12.5,12.379693800530546,12.601214
11.2,11.003550380586908,10.977516
10.6,10.477297759643694,10.78002
10.5,10.391753070714447,10.353292
10.4,10.280530702217629,10.552603
10.0,9.894398045555036,10.002314
9.4,9.424795855583117,9.543252
9.3,9.209776273569712,9.315897
9.0,8.76160994284485,9.00084
8.8,8.577821587368952,8.697119
8.7,8.56098674838907,8.9972105
9.2,9.026727739494309,9.377042
9.4,9.234055308480439,9.403749
9.7,9.52942222320295,9.718557
9.9,9.743716435660208,10.033463
9.8,9.62417723439026,9.968735
10.0,9.738974581183566,10.023565
10.4,10.231125001624061,10.635452
10.4,10.337028326417396,10.69249
10.1,10.017940328208745,10.00845
10.3,10.294285726255175,10.275466
10.3,10.291018361473228,10.277783
9.5,9.503261835152855,9.58939
9.4,9.256710413988458,9.415619
9.1,9.058980745027768,9.222054
9.2,9.18299118038317,9.072173
9.1,9.060566824467184,9.134602
8.9,8.945644491643915,8.794892
9.4,9.358730219310477,9.142432
9.7,9.641079567962766,9.62539
10.5,10.503062714123747,10.481929
11.1,11.064236870478634,11.3222
11.9,12.00507227761489,11.931059
11.9,12.212162048338147,12.193732
12.1,12.526658512508043,12.215509
12.2,12.967651158213915,12.217486
13.0,13.556077878181188,12.724335
13.5,13.927359544726492,13.505621
13.8,13.89720297389458,14.057774
14.5,14.712590404325034,14.868241
15.1,15.331963705684949,15.140933
13.9,14.048521055079277,13.664737
14.6,14.735485489604905,14.756888
14.8,14.991304263776808,14.743171
16.7,16.76848804064029,17.158562
17.1,17.143312556363018,17.006872
17.4,17.491309638987303,17.599514
17.8,17.806762450369973,17.66991
18.4,18.44060371955376,18.489378
18.8,18.544328049545857,18.457893
20.5,19.999907340211212,20.636255
20.7,20.026545640518535,20.628222
20.4,19.819144196654207,20.651497
20.5,19.872090967060753,20.55647
20.4,19.809435023550787,20.115162
20.0,19.528415293270687,19.879791
19.5,19.135390499613706,19.036047
19.4,19.183954625115867,19.25289
19.1,18.815592568058978,19.05825
19.8,19.56698478989137,19.64637
19.8,19.655715065993604,19.62848
18.7,18.72154143698569,18.431454
18.0,18.033513191109517,18.136293
18.9,18.90694003047631,18.668003
20.0,20.1384420465868,20.08519
20.1,20.175908324802137,19.95253
21.5,21.943511832324873,21.632397
23.8,23.094409522220023,23.852093
23.8,23.0998603764332,23.770903
14.9,14.96622313989188,14.834963
13.9,13.973043580947117,14.127416
13.3,13.242577361082414,13.601586
12.7,12.585984549298896,12.725376
12.1,12.03730905571668,12.028143
12.7,12.728707243125985,12.791348
13.8,13.83038928988939,13.528885
13.4,13.426753148069782,13.271612
12.6,12.7035291491474,13.186822
11.0,10.8909506750635,11.280065
10.6,10.471173948542774,10.486532
10.2,9.893266263076075,10.233258
10.9,10.788141439839155,10.981794
11.4,11.42491892817618,11.28144
11.8,11.742656691470842,11.903339
11.8,11.763722584064059,11.621115
12.4,12.3831978194757,12.584839
12.2,12.049936932838914,12.029176
12.2,12.178236233736989,12.494997
12.4,12.43785289033606,12.470994
12.5,12.566522838085948,12.555578
13.8,13.846430428722527,13.936073
14.7,14.864863161093957,14.6974325
14.8,14.902721304534584,14.852002
16.6,16.642812068004332,16.400505
17.6,17.527487792678464,17.531185
18.0,17.891621990485756,17.80536
18.3,18.114453303456433,18.309845
17.9,17.799383710293196,17.76296
18.5,18.27141874628176,18.387558
18.1,17.899688893559496,17.986887
17.2,17.028290891155702,17.52919
16.9,16.83684215968798,16.31425
16.8,16.76940005575919,16.998476
16.5,16.48796875309024,16.395988
16.2,16.056401965257297,16.056257
16.1,15.899508957641032,16.01744
16.9,16.71832176037075,16.950535
20.0,19.639879729826998,20.170837
22.6,21.710083870306438,22.55982
22.5,21.563899305858406,22.690111
21.6,20.918661039627203,21.84383
21.1,20.639505373397174,21.38664
21.0,20.48152853613462,21.090097
19.2,18.9615404489605,19.134876
20.8,20.272217755000277,20.782053
20.0,19.536421771509755,19.784597
19.8,19.43086990763891,19.791769
19.8,19.478826913411428,19.852491
19.7,19.272555313363657,19.73061
20.1,19.572649712370602,20.318972
20.0,19.46408026429327,20.05901
20.6,20.012855977072988,20.926714
20.0,19.59763694522321,19.782263
20.3,19.80383965430182,20.221983
20.3,19.772700188300885,20.480934
19.5,19.120087661542765,19.497072
16.8,16.70334399217663,16.92825
16.7,16.52945206521192,16.789833
15.9,15.749659904633937,15.902193
15.4,15.217258781888152,15.492594
16.4,16.296724915268708,16.617615
17.3,17.170867718633097,17.079155
14.7,14.68242553291756,14.636944
14.8,14.714800506885545,14.701512
16.3,16.304936889630174,16.529268
15.8,15.86014655171255,15.822405
18.8,18.723450845284944,19.082438
19.6,19.37293326356774,19.739485
19.9,19.57374697935806,19.808578
20.2,19.844313813761243,20.304564
20.2,19.839405436144,20.20289
19.7,19.47589404516511,19.840666
19.0,18.759460931246387,18.938786
19.5,19.165857133919094,19.350698
19.8,19.467762677126956,19.709288
19.2,18.943843475207505,19.048237
19.8,19.423136609943292,19.70431
20.3,19.848982816438983,20.181664
20.2,19.75017410536178,20.16304
19.8,19.44415168121221,20.031525
20.0,19.627255228025636,20.128948
16.6,16.41303542385909,16.66636
19.0,18.77622947922673,18.793121
20.1,19.85769922560182,19.917362
20.1,19.865430241462363,19.691256
18.7,18.664899920951356,19.049557
19.0,18.820017541008053,19.03204
20.7,20.45096902516136,20.764385
19.9,19.891080633626096,19.872839
22.3,21.819745757091994,22.30234
21.8,21.40809035489167,21.934278
20.6,20.37546772106556,20.369926
20.0,19.93768995809771,19.897497
20.3,20.016682521126157,20.934069
21.2,20.844922632464915,21.199087
20.8,20.353530971395415,20.797884
21.2,20.63391187946226,20.989773
20.6,20.199324916472086,20.484135
20.8,20.275986498529512,20.518476
21.6,20.89869219288776,21.51081
21.9,21.120059306110168,21.692656
17.7,17.533229167256213,17.959373
17.6,17.461416611461377,17.642263
16.7,16.55098172430325,16.726683
16.0,15.79144207006139,15.810981
18.4,18.274452332102648,18.530613
17.9,17.77397185518452,18.007185
13.3,13.07812342329726,13.381593
11.6,11.096765185824129,11.566961
10.7,10.385623903494515,10.935604
10.6,10.208713146269961,10.783273
11.0,10.823347734159686,11.024156
11.0,10.754493774657249,11.028637
10.7,10.482083604353548,10.79491
10.8,10.463208792581021,10.783273
10.7,10.468557472473151,10.584863
10.5,10.27804966428274,10.688274
10.4,10.276919210594535,10.674552
10.5,10.340085155245486,10.630674
10.6,10.43238542171813,10.7185
11.1,10.983005698766444,11.28145
11.4,11.430135423782598,11.663718
11.5,11.54550565429101,11.4844265
12.6,12.611088128474872,12.580673
12.7,13.027541826700652,12.701586
11.8,12.042923482724891,11.873051
10.9,11.034896090293653,10.912555
10.6,10.669521233222813,10.636679
10.2,10.428805852154596,10.338269
10.1,10.432253187320761,10.127544
10.1,10.365160381926543,10.104002
9.9,10.171534866407093,9.893701
9.8,10.028148834058314,9.726568
10.0,10.03921819174678,9.708087
10.1,10.284210689954179,10.10105
10.3,10.310711856809458,10.408742
10.4,10.425800945567975,10.195912
10.4,10.445877566398682,10.167275
10.5,10.395911221349142,10.528946
10.8,10.864524409115653,10.838469
10.5,10.374803501260274,10.471478
10.1,10.042771266721338,10.164839
10.3,10.34803423838115,10.131314
10.4,10.482944329002478,10.482953
10.5,10.580806750847096,10.594668
11.1,11.189079827608719,11.236971
11.4,11.49282276751794,11.420616
11.7,11.575007554393512,11.698698
12.1,12.19112141081634,12.304397
12.1,12.068010281361246,12.297723
12.3,12.231921316843124,12.3725605
12.0,11.828645541129472,11.975023
11.7,11.408525125409607,11.559758
11.9,11.7917584282503,12.02873
12.3,12.004424176924744,12.141686
12.4,12.26425584169247,12.55775
12.1,11.834940338088973,12.035298
12.3,12.20303488296505,12.105177
12.2,12.125894840588082,12.072695
12.7,12.56144884336959,12.584268
12.9,12.786580405814746,12.894928
12.7,12.722411927487194,12.782376
13.1,13.067445573727376,13.285269
13.2,13.248176817585648,13.327438
13.2,13.34804443573395,13.150504
13.0,13.241196886449732,12.899227
12.7,12.943818480030536,12.691862
12.7,12.779969566458181,12.50907
12.0,12.152178765008017,11.973772
12.4,12.584850458740778,12.254151
12.5,12.679912753334207,12.521951
12.9,12.970035609720718,12.667329
12.8,12.840505101909887,12.605346
12.7,12.702427360680566,12.639091
12.7,12.486916158560074,12.7927475
12.6,12.358740586335863,12.552024
12.9,12.747310726978458,13.325967
12.8,12.501385637973161,12.508319
13.6,13.32250583062012,13.540407
13.4,13.243924078133226,13.5370245
13.8,13.626447893374035,13.588195
14.0,14.051697214441457,14.560823
14.3,14.344511269939822,14.575114
14.4,14.519125356699924,14.745122
14.4,14.50604931210275,14.747975
15.2,15.116926973686418,15.231944
15.1,15.310971925695895,15.2331505
15.2,15.234125068649728,15.248111
14.8,14.758277951700133,14.74641
15.0,15.014888007543899,14.625598
14.8,14.86315466141411,14.709971
14.9,15.042071448426718,14.879081
15.1,15.218132438594541,15.137346
15.2,15.374942895969994,15.115633
15.4,15.386313743340647,15.194474
15.6,15.659918339111304,15.845183
15.3,15.422229170568393,15.373349
14.5,14.497562464393994,14.611593
14.1,13.99430743154787,14.144392
13.8,13.598654978535375,14.019238
13.7,13.585798283371549,14.016214
13.8,13.57372950007916,13.665397
14.0,13.830120347983481,14.082779
14.3,14.219177693896388,14.395436
14.7,14.59138704990811,14.6294
14.8,14.801551135089756,14.787647
15.2,15.18454368290898,15.209944
15.3,15.413061711575327,15.384269
15.5,15.41156367460929,15.300635
16.3,16.39586931044773,16.501036
17.4,17.483702702236847,17.596746
17.5,17.564655450713104,17.537079
17.4,17.48403568092201,17.533379
17.3,17.336514724079933,17.153227
16.0,16.039364547983737,16.05193
15.0,15.046121519446789,15.136922
14.7,14.604253621312452,14.574877
15.2,15.128984424427514,15.239487
16.2,16.204934984042566,16.098469
15.3,15.497158468365953,15.244505
14.9,14.88374420432055,14.68098
15.0,14.934961793353597,14.657546
14.8,14.817255344740563,14.947252
14.4,14.326203175767503,14.529934
14.6,14.583387537769003,14.642681
14.6,14.574208711391755,14.691419
15.5,15.52366968310482,15.399301
15.4,15.422473159992503,15.399301
15.6,15.577377571026329,15.580045
15.7,15.830848448653729,15.648412
16.1,16.154217401883134,16.069437
15.8,15.888359608595085,15.729093
16.7,16.845021342079505,16.677729
18.2,18.34569387839026,18.232801
17.7,17.76957243172628,17.95439
17.6,17.649254444480256,17.753496
18.1,18.132746586952056,17.977976
18.7,18.622898150280175,18.725662
18.4,18.383887561344512,18.62469
18.0,17.964577853591482,17.856812
18.5,18.410458179631487,18.061453
19.4,19.07441418479576,19.31397
19.0,18.85724691385452,19.127222
19.0,18.759481553727298,18.943209
19.4,19.16177498300176,19.417078
20.0,19.797341295238777,20.125387
16.1,16.050801001062325,16.009476
16.4,16.43091587846486,16.362337
16.1,16.10978234622591,15.915585
16.0,15.963587618022373,15.894798
15.9,15.86371784169945,15.813484
16.4,16.465892583112655,16.38692
16.4,16.444202194669057,16.377542
17.2,17.182977798056456,17.182272
17.5,17.47605231435456,17.495104
18.5,18.580010140432858,18.34494
18.8,18.863071248486463,18.551502
19.3,19.2857794763096,19.293217
21.0,20.68550676947022,21.25183
19.7,19.632875385064956,19.776741
19.4,19.474829386026514,19.522789
18.9,19.04521791665705,19.059393
18.5,18.5401093609636,18.425072
18.4,18.448398354966933,18.224894
19.7,19.678105796403095,19.837278
19.3,19.263508948710236,19.17239
18.5,18.66376663469089,18.516195
18.4,18.438907937683346,18.03254
22.9,22.80159669479589,22.92795
24.3,24.147533747701612,24.234516
24.0,23.727837288155456,23.802124
23.1,22.989693564802277,22.866266
23.1,23.122019394242788,23.212997
24.5,24.33500006224424,24.268793
25.3,25.060087887721032,25.216513
23.8,23.84210067633251,23.808949
24.1,24.083560583184408,24.04381
24.7,24.521741559775208,24.61283
24.6,24.446267172778967,24.78336
23.8,23.68092028940261,23.722902
24.8,24.595403269866935,24.933294
24.1,23.942498164735948,24.027405
26.6,26.45759509626008,26.61278
24.8,24.599357713235236,24.880842
26.6,26.035715798694213,26.585035
25.3,25.044684864247955,25.284872
25.6,25.18756556646607,25.503546
23.9,23.786551030807438,23.809088
24.2,24.025055821233195,24.211615
25.9,25.134503735927158,25.897942
25.1,24.405783755134607,24.870335
19.9,20.114044248480592,20.081465
19.2,19.29570190398956,19.160065
21.1,21.078110737417216,21.091795
21.7,21.634429386426632,21.553993
22.3,22.410124797466974,22.322798
21.6,21.806818972161043,21.709812
23.7,23.718137987353103,23.743353
23.7,23.621309383760867,23.627077
25.0,24.86488137554614,24.909847
22.3,22.569967973575498,22.293509
24.3,24.365604262743815,24.236126
24.2,24.16068087830925,24.050755
25.5,25.355568537385444,25.584743
24.1,23.985299288673183,23.94181
24.4,24.095757633834793,24.326332
22.2,22.270249141628103,22.088804
21.0,21.189503568771404,21.132488
20.6,20.75469397886656,20.544645
20.0,20.175640066172065,19.9639
20.0,20.045507057312648,19.942602
19.7,20.015292107806687,19.675179
21.1,21.0544106302265,21.084936
20.9,20.920853077715325,21.026379
20.9,20.814638782525627,20.86651
21.3,21.28647087966005,21.305202
20.6,20.756370945920306,20.680017
19.0,19.1067548980882,18.981062
18.5,18.581225966620554,18.467373
19.8,20.08006547361966,19.890581
19.8,19.94468829695877,19.76389
19.4,19.61719103810817,19.368126
20.6,20.63636508484022,20.555496
20.9,21.030011278771134,20.915407
20.8,20.98865584875808,20.80967
20.8,21.04492447617412,20.924307
22.3,22.064881755845597,22.436249
22.1,22.114579896372263,22.138475
22.2,22.100069344542256,22.1828
22.4,22.364021293838714,22.416378
22.6,22.26952680634879,22.312273
22.5,22.341513284721437,22.61498
21.8,21.598390406001883,21.779106
21.4,21.28957963712349,21.39213
21.6,21.41580720156733,21.639956
21.6,21.383216040802854,21.74031
20.5,20.473403080258464,20.441528
20.1,20.00856803151822,20.088863
19.7,19.681217210610413,19.754751
19.5,19.54931108234033,19.60674
19.4,19.408298704985686,19.198381
19.1,19.263431152447556,19.013077
18.9,19.015407320262092,18.911476
19.1,19.257295798394722,19.057869
19.3,19.51052070012042,19.3719
19.8,19.9679891053406,19.878254
19.1,19.42843333780563,19.18991
19.7,19.994264318963438,19.758707
19.6,19.877881296833618,19.746775
20.8,21.015507071915124,20.996193
20.6,20.801778976374575,20.538507
20.6,20.754763208621767,20.539013
21.0,21.078029426828614,21.054092
20.5,20.646009590604844,20.377422
21.5,21.3934659744341,21.366371
20.9,21.04572462421486,21.054312
20.5,20.633245180304442,20.468393
19.9,20.03060646627865,20.02725
20.1,20.271842331167473,20.090382
19.3,19.533210015893328,19.301058
19.1,19.241663445398938,19.081646
19.7,19.756330428546196,19.755016
20.7,20.71585669945973,20.806484
19.8,19.8645417397312,19.819725
19.7,19.783034818735945,19.795685
19.6,19.612646943422824,19.39194
19.7,19.609129201631543,19.392649
19.3,19.31658766329851,19.228022
18.5,18.6405523580888,18.613844
18.1,18.11641195298619,17.946453
18.1,18.045124574365886,18.018589
17.6,17.58526617082041,17.489008
17.6,17.680788210542374,17.66661
17.7,17.82341558459025,17.894098
18.2,18.32413469973053,18.384167
18.4,18.447438468221602,18.36536
18.7,18.690556616205278,18.560045
18.5,18.56654900380351,18.552238
18.5,18.603607398035194,18.495913
17.9,17.914826164849625,18.27904
17.8,17.75821867331533,17.769787
17.3,17.325919679459137,17.310238
17.7,17.697703645791492,17.770557
17.8,17.614258942071324,17.790953
17.8,17.84121110822702,17.840185
17.4,17.359093513013963,17.346521
17.3,17.350818430038917,17.23161
17.0,16.892652006354126,16.979572
16.9,16.900599616551244,16.905298
17.1,17.074464794842367,17.123005
17.4,17.44212328366811,17.444296
17.7,17.891254678150688,17.784712
18.7,18.80478186014743,18.68545
18.0,18.12260064224557,17.862196
17.9,17.909522479022794,17.637049
18.2,18.08292825080727,18.084633
19.1,19.229544652078005,19.259756
20.0,20.08704923864872,20.17486
20.0,20.148084136177896,20.177553
19.2,19.309394425602065,19.160536
21.6,21.2002076430013,21.698046
21.2,20.818849744841994,21.335295
20.8,20.586619285992857,21.24294
21.1,20.597562270571157,20.854769
21.0,20.56313565272694,20.865704
20.5,20.37583102373407,20.4239
20.5,20.25254680963481,20.523676
19.9,19.70421281815365,19.795935
19.4,19.24789169137512,19.27208
21.2,20.664488556671262,21.179237
19.6,19.40232612125074,19.421284
21.1,20.573199277979747,20.826963
20.7,20.12553962533558,20.446857
20.3,19.878502920305916,20.370134
20.3,19.9471643932449,20.193405
19.9,19.87287229609135,19.984646
17.8,17.90326616129628,17.654364
17.8,18.075032248150492,17.816244
17.3,17.53029487315553,17.578953
16.8,16.97192931390622,16.644459
16.6,16.73612246120163,16.58177
17.5,17.670576735932883,17.503342
16.4,16.674452585935217,16.467262
17.0,17.275481100531092,16.901066
17.8,18.020037540771586,17.798765
17.2,17.559574155020307,17.30425
17.1,17.38463962860014,17.113598
16.7,16.96407983186558,16.9008
16.1,16.317647188840958,15.819186
16.0,16.206942013316752,15.901007
16.0,16.26208054800873,16.167133
16.3,16.453658799614992,16.052435
16.4,16.596235179868813,16.408161
15.6,15.760140592494015,15.675355
15.5,15.743616969503218,15.313081
15.4,15.585169216547985,15.573864
15.3,15.36792712723338,15.392524
15.4,15.59019669884027,15.420798
15.5,15.694946426366958,15.744611
16.0,16.240833933092397,16.186718
16.5,16.724042118996113,16.61563
16.4,16.6130263388938,16.512827
15.8,15.977884021983233,15.748059
16.1,16.35926087091206,16.068428
16.3,16.488675563451224,16.173311
16.2,16.467151032905942,16.240808
16.5,16.904626648127273,16.461012
15.8,16.145864313429716,15.776862
16.1,16.363193548413662,15.900874
16.5,16.83407458817094,16.427418
16.1,16.39530575435859,16.08703
16.3,16.562004770557316,16.581026
16.7,16.849602241026748,16.796255
15.7,15.885369899099455,15.41517
15.8,15.9023884453375,15.911239
16.0,16.071562555591193,15.643979
15.7,15.828332217859156,15.679004
16.0,16.13312894599959,15.889954
15.8,15.86390952044999,15.676049
16.0,16.208375538692614,15.989177
16.1,16.191149550153053,15.947941
15.9,15.946413650891081,15.682218
15.2,15.323849847782267,15.355259
15.4,15.423127117290434,15.432659
15.6,15.715144139528729,15.674154
16.0,16.044096885030687,15.819423
17.0,17.140544886703115,17.132051
16.6,16.834589924112652,16.654875
16.1,16.21939966082614,16.1656
16.2,16.376571986235213,16.079678
16.0,16.184538303466585,15.8869
16.0,16.23704687306225,15.899948
16.3,16.423289539686206,16.22882
16.7,16.765567107051385,16.654825
16.3,16.479838762352905,16.59187
16.9,17.126688625957954,17.319134
16.9,17.002382924581415,16.61929
17.0,17.079342610593375,17.298836
18.0,18.129095248140764,18.122536
17.6,17.57250177475178,17.850035
16.9,16.96621707002577,17.42382
16.9,16.960504446678698,16.855057
17.2,17.21828045613514,17.004992
17.6,17.655895215232498,17.757036
17.2,17.29002592794442,17.369331
16.6,16.683048396161915,16.798758
16.1,15.988753693954816,15.867233
16.5,16.560253501689314,16.621462
16.8,16.87106836537151,16.909903
17.2,17.350782967798853,17.16831
17.4,17.42193353972968,17.494324
17.0,16.988218074966504,16.977745
16.8,16.872159049090683,16.800026
17.4,17.48477151110209,17.495293
18.4,18.53210616627578,18.511486
20.0,19.834500639650138,19.710018
21.1,20.771247353797094,20.84113
20.9,20.523302597728154,20.762966
21.0,20.666493097416797,20.924849
21.3,20.797825115018444,21.394526
21.6,20.928464227164834,21.725872
21.9,21.27155797785452,22.130657
22.2,21.40999865516039,21.952711
22.5,21.54187095020024,22.309814
22.3,21.290991021919698,22.20748
22.0,21.04608696179303,21.92688
21.6,20.807947641920173,21.669151
21.2,20.35991484792579,21.04797
21.5,20.62343885164524,21.61644
20.9,20.179770332097448,20.502808
20.9,20.304294751976677,20.964014
21.3,20.634381068075022,21.359465
22.3,21.580881242481485,22.495855
24.3,23.118212574805582,24.291481
26.0,24.386224829747142,25.777918
27.0,24.892185462861264,26.4946
28.3,25.90607255770169,28.37688
28.9,26.27185555413784,28.89338
26.1,24.54253179857881,26.284737
23.5,22.965630073506343,23.539366
23.8,23.02532385853643,23.642988
23.8,23.015969335198545,23.709333
24.3,23.314410205189436,24.537828
23.8,22.810263318470536,23.608063
23.1,22.560918169379327,23.15699
24.2,23.08062971610561,24.283606
24.5,23.2359262272224,24.34601
24.0,22.972659167749633,23.974705
19.4,19.34041701914002,19.333412
17.3,17.372159806552116,17.258917
16.2,16.288871521808957,16.270329
15.5,15.643546679349843,15.758819
15.0,15.181953071320986,15.257926
15.1,15.20908465340262,15.267431
14.6,14.641761449144592,14.639981
14.2,14.262049406868073,14.135454
14.3,14.581196470724244,14.173434
14.1,14.448078844723156,13.905737
14.0,14.3452202812638,13.909132
13.5,13.62435356686024,13.487244
13.7,14.127870013816686,13.73278
13.3,13.784580321503785,13.403154
12.7,12.757977966708111,12.724897
12.9,13.094593061896571,12.980357
12.8,12.79156556419409,12.750076
12.4,12.4422724560546,12.079692
12.2,12.19812901160008,12.365847
12.4,12.395309425187715,12.409537
12.7,12.834953630699978,12.580075
12.6,12.731977425809959,12.58037
12.6,12.734060146072661,12.393778
12.8,13.129721936978441,13.271374
12.7,12.947735952723505,12.582801
12.9,13.201929793170741,13.00107
12.8,13.00585482936241,12.928265
12.6,12.722363443764806,12.578507
12.3,12.528059483080032,12.512675
11.9,11.934450693343823,11.911304
11.2,11.246092077222787,11.356523
11.6,11.664411526776103,11.564296
12.4,12.710133899124898,12.527241
13.0,13.189639112631383,13.17958
13.8,14.13171777247517,13.363475
13.7,13.946423590902175,13.976699
14.4,14.637668729916818,14.715063
14.8,15.06318097937842,14.703277
15.7,15.860290602883282,15.405684
16.3,16.394445072814417,16.530884
18.4,18.451939325246315,18.27982
20.3,20.077485167830037,20.238678
20.2,19.9800063679248,20.140713
19.9,19.906223203571656,19.841034
17.5,17.783457886867687,17.714241
17.3,17.31540174570977,17.527874
16.6,16.66925950790815,16.774502
15.8,15.989550156930186,15.799355
15.5,15.649046639331353,15.353225
15.1,15.044963102899771,15.161906
14.5,14.566885903380278,14.4019375
14.7,14.638837879957954,14.87324
14.5,14.52579373559566,14.69035
15.1,15.193258180013544,15.219369
16.1,16.37422799022311,16.115103
17.1,17.35163574775923,17.125078
17.8,17.961882541337445,17.900808
17.7,17.880462811655676,17.792013
16.3,16.638463698152837,16.229158
16.1,16.413667261429776,16.285402
16.2,16.58525696745742,16.194057
16.5,17.0124026356082,16.58792
16.6,17.100720031732976,16.586893
16.8,17.309529990897786,16.751677
16.7,17.283107685055807,16.501717
17.0,17.586995917115747,17.009724
16.8,17.26776333955863,16.845526
16.5,16.79411044303895,16.504019
16.2,16.48348304975549,16.079836
16.1,16.44765357396473,16.116587
16.4,16.72447556605242,16.473406
16.5,16.84053517846983,16.5851
15.2,15.62432952929148,15.389913
15.0,15.403012974550023,15.274127
15.0,15.28464324164468,15.262963
14.9,15.19051201163121,15.245431
14.1,14.266487465028721,14.072953
14.6,14.937776302003453,15.002266
14.8,15.1372450362833,15.245141
14.6,14.913272047633985,14.679018
15.0,15.22261394976994,14.934841
15.1,15.24613917460514,14.934483
15.2,15.368218137881026,15.262221
16.5,16.826367212378795,16.620718
16.6,16.9557003829382,16.639544
16.6,16.97112781306308,16.547722
16.6,16.840254867226225,16.620686
17.4,17.733022326496826,17.533537
18.0,18.446165742210862,18.093351
17.7,18.081154576357953,17.687283
17.4,17.733414066270246,17.428553
17.4,17.72029893514938,17.428686
17.5,17.83065658643005,17.505053
17.7,18.013368730835655,17.689896
17.7,17.935816687545234,17.600706
18.1,18.28790447520292,17.88571
19.1,19.350904700758058,19.144388
19.2,19.452400311606,18.973759
20.4,20.63896233104049,20.378088
20.5,20.78487830751987,20.497513
20.9,21.05037148134059,20.829103
20.8,21.031984775553024,20.996172
22.2,22.2461257877026,22.154816
24.6,24.294151127858683,24.420456
24.5,24.485256202787145,24.5451
14.7,14.840804158283333,14.680053
13.5,13.53304808159098,13.389701
14.0,14.127717333099579,13.993679
13.9,14.102516549731032,13.948149
13.8,13.903415291028686,13.818955
13.3,13.452925863812801,13.292878
13.3,13.422868415124096,13.071047
13.8,13.916940593017031,13.643999
13.5,13.7237563478972,13.3638115
13.3,13.484082514733377,13.3610935
13.0,13.178954533344314,13.102364
13.3,13.516347896545774,13.197228
13.2,13.383077705548779,13.227417
13.2,13.356156203001671,13.022096
12.9,13.011651392040733,12.886186
12.5,12.451794997101576,12.435316
12.4,12.373636616719953,12.513522
12.4,12.297259177472526,12.476599
12.7,12.648711397715338,12.731975
12.6,12.648077147505976,12.731975
12.5,12.554914741284957,12.731685
12.5,12.53768801147309,12.72976
12.9,12.874077910978546,12.746682
13.1,13.192399047851264,13.298533
13.1,13.07220720613963,12.984115
14.5,14.510812809571036,14.437853
14.4,14.541389714430032,14.310167
14.4,14.544939154583599,14.417016
14.3,14.557128676576781,14.403595
14.7,14.883732220192968,14.622869
14.7,14.892159667956793,14.504095
14.7,14.770060347050737,14.651427
14.7,14.86259606375312,14.616108
14.9,15.036385389012093,15.032591
15.0,15.180453762013357,15.132109
15.1,15.276224241174347,15.131976
14.8,14.973926809775573,14.935367
14.7,14.86050968923599,14.8240385
14.8,14.812618039831413,14.824494
14.9,14.95979160626825,14.937202
15.0,15.046407191142507,14.980813
14.7,14.804886514185899,14.868238
15.4,15.438033875598016,15.416605
15.7,15.678996041339783,15.5464525
15.9,16.090813780127334,15.966052
16.4,16.526112230512425,16.308416
16.8,17.033399735242,16.881596
16.3,16.434276097135765,16.230986
16.2,16.3223980361409,16.264927
16.8,17.012376779332563,16.8782
17.6,17.716468563598777,17.428911
18.3,18.525964153162235,18.561045
19.5,19.623633089167495,19.584833
19.0,19.162801979317063,18.939837
19.3,19.436293799011818,19.0748
19.0,19.115427773271048,19.032148
18.8,18.905216144939118,18.986488
18.9,18.93094252265149,18.558136
19.5,19.40615813719292,19.606379
19.9,19.783056031028785,19.406902
20.2,20.142781567828006,20.293064
20.6,20.469774697021432,20.419727
21.1,20.7254394548133,20.541864
21.0,20.801674223958543,20.771261
19.5,19.578672106684547,19.458302
19.0,19.06042616911009,18.947063
21.3,21.21437163340139,21.475277
22.3,22.20396935147603,22.157759
22.2,22.09951114702891,22.05755
22.3,22.279294894864567,22.281357
21.2,21.223734310391805,21.185755
19.5,19.788474022013926,19.57135
21.4,21.421461206410196,21.194344
21.3,21.419678162880835,21.194344
22.7,22.58387996193528,22.685698
23.1,22.90397887918085,23.150791
22.4,22.267652495779537,22.315779
21.1,21.146934105442522,21.110437
21.6,21.536152530956088,21.826252
20.9,20.94988415701951,20.854399
21.4,21.347438563863488,21.460798
20.8,20.727036162375367,20.578024
21.1,21.046407004078706,21.221588
20.6,20.573440221415375,20.511143
20.1,20.18757598790629,19.951977
20.2,20.270555048593636,20.189432
18.5,18.660013927317546,18.401188
18.0,18.188230758226553,18.03088
20.9,20.92099333574914,20.846241
19.8,19.925802171760797,19.81489
19.2,19.425394745520396,19.25066
19.0,19.28150642131427,18.988297
19.9,20.136653516853958,20.039478
19.5,19.830421670482362,19.66583
19.7,19.894461830847693,19.775751
19.7,19.968453871714676,19.73776
19.1,19.417363235271292,19.110495
20.0,20.13116794309153,20.001757
20.7,20.72963010258465,20.669563
20.8,21.021477463579433,21.01214
20.6,20.77978855133176,20.555317
20.6,20.759784143832395,20.642336
20.4,20.58091681978754,20.36312
19.7,19.760558033954442,19.505772
19.2,19.21540757334445,19.036932
19.2,19.301012670385795,19.118505
19.7,19.789927261064953,19.743727
19.7,19.659275554687124,19.629995
18.7,18.778612160024508,18.670511
18.4,18.552602087108298,18.565588
18.5,18.651140328510767,18.617332
18.7,18.75515949974481,18.684023
18.1,18.133744693571487,18.074001
18.7,18.718732733779625,18.686174
19.2,19.311602756811638,19.298334
19.5,19.56102884215783,19.474371
18.9,18.998588140005833,19.058899
19.2,19.260031562585844,19.159184
19.0,19.151788438260002,18.935255
18.5,18.704217121907753,18.435274
19.0,19.186447820348345,18.935255
18.9,19.092293175505926,18.868946
19.1,19.292909086833344,18.946547
20.1,20.27115720884803,20.116558
20.2,20.381335667350342,20.201437
19.1,19.30309621873197,19.120644
19.6,19.71175624527452,19.506966
19.2,19.400147207801464,19.295008
19.2,19.39250776915783,19.2837
18.9,18.916052083328093,18.901178
18.7,18.89588410863784,18.483517
18.6,18.74131619207576,18.481613
18.6,18.787076232963262,18.504854
18.4,18.545519572026848,18.278759
18.4,18.68105723066556,18.383337
18.1,18.329904274696627,18.10207
18.0,18.189446041174588,18.023659
19.0,19.32524945662155,19.227777
20.6,20.736469494843032,20.54052
20.1,20.283066223508786,20.099157
20.5,20.775618694257606,20.538685
20.1,20.27748364776951,20.011496
20.4,20.64334329918866,20.319519
21.8,22.037254041132144,21.811907
20.9,21.25151192948171,20.904118
20.8,21.1420921223095,20.82983
21.5,21.833229115199217,21.53861
22.4,22.586633918067893,22.434067
21.2,21.45216177985633,21.387089
20.5,20.762203952539497,20.434832
20.6,20.923127689818866,20.5602
19.7,19.94083162254071,19.82581
19.4,19.662688752564865,19.410788
20.3,20.341068939465774,20.106337
19.6,19.777224542117406,19.590368
19.2,19.43246004467458,19.226154
19.0,19.287287030652784,18.947672
19.0,19.387187312914314,18.96955
19.4,19.737977216530325,19.503105
19.3,19.603885853819666,19.410522
20.0,20.114070727793905,19.88959
20.3,20.443132125580217,20.207733
19.9,20.206525826014918,19.952291
19.5,19.778511005465834,19.488743
19.7,20.023854362775232,19.827705
20.3,20.59609317645483,20.25114
20.4,20.641879115901215,20.427248
20.4,20.726679099583137,20.339127
21.1,21.44829065167947,21.052197
21.1,21.369437796589896,21.126701
21.2,21.60973358069309,21.361773
21.7,21.906354933868688,21.662039
21.2,21.35900764343803,21.199823
19.9,20.128462571475005,20.029818
20.5,20.6108999829358,20.44367
20.6,20.53837130800185,20.38757
20.6,20.77366313156565,20.56853
21.1,21.177452768583457,21.169523
21.7,21.662944810607023,21.715628
20.2,20.430950478956998,20.127623
21.0,20.872110845960254,20.817636
20.2,20.404303074200513,20.15582
19.5,19.72229993875527,19.595072
19.5,19.631740785877295,19.581142
19.8,20.049438237497746,19.817135
19.9,20.150433935904186,19.924744
19.8,20.140030191786263,19.96955
20.1,20.349997389866772,20.034346
21.2,21.398254409890594,21.188444
21.3,21.50740826665758,21.314322
20.8,20.770787229663995,20.67903
20.7,20.903707654231248,20.68122
20.3,20.509937864474413,20.208977
21.1,21.368197024891842,21.132004
20.9,21.150846927378453,20.928741
21.1,21.3836360060433,21.160812
20.6,20.822626822955513,20.486996
21.2,21.270274845846934,21.304356
20.6,20.706396638435997,20.671883
20.7,20.80443986318709,20.487682
20.5,20.62722402299301,20.49193
20.1,20.097211129353884,19.959585
20.7,20.766070791269726,20.738428
20.7,20.676799301727296,20.587282
21.3,21.26205695445188,21.497108
21.3,21.139261323281488,21.322474
21.3,21.262344497987453,21.455967
21.5,21.419954412922934,21.401394
23.2,22.868112346850985,23.043406
21.5,21.66971510544858,21.404985
21.6,21.791677956703033,21.598358
21.9,21.9951041243023,21.891518
24.2,23.870202047287346,23.90955
24.5,24.310364962288254,24.497908
22.0,22.154477455352357,22.009817
24.2,24.088419660159527,24.117462
23.9,23.845713792550086,23.816181
24.3,24.323013261323823,24.449457
23.5,23.575220387820536,23.432655
24.0,24.004021755430568,23.892616
25.1,24.887006994026812,25.008108
25.4,25.078715027332674,25.38634
26.1,25.917597121240078,26.09753
25.9,25.66237447073828,25.711687
24.7,24.747584957207977,24.392115
23.9,24.179447684303454,23.910418
24.1,24.318516286512605,24.179577
21.5,21.891547414673767,21.559256
20.1,20.6155275968118,20.161697
19.7,20.256588182125384,19.751543
20.1,20.72980549990923,20.264837
21.4,21.90123640662785,21.393402
22.0,22.480467548629406,21.974447
23.8,24.17220073342104,23.745564
25.8,26.131107990579995,25.753622
27.5,27.79187355522775,27.483465
28.6,28.908464462457527,28.804804
27.1,27.242206285850603,27.026934
28.7,28.59772715712635,29.03167
28.7,27.68773799613971,28.510721
27.4,26.84170242634005,27.421686
25.8,25.479220734087832,25.789316
25.1,24.605989992738753,24.809431
23.6,23.78169853114849,23.888073
23.3,23.332627957023746,23.646719
21.4,21.752779900834373,21.446783
21.3,21.56855401933963,21.222364
21.4,21.676432982532933,21.494255
21.4,21.748347617956135,21.447666
21.2,21.67670546038365,21.385208
21.1,21.569838165976496,21.197332
21.1,21.524015373785723,21.12109
21.2,21.641657294057186,21.326435
21.1,21.54528630405256,21.247295
21.1,21.565819403388872,21.246164
20.5,21.12045646386862,20.632576
21.0,21.472127391691505,21.03565
21.7,22.242407006150763,21.734428
22.1,22.440900317596377,22.024696
22.9,23.267897336171547,23.069355
22.0,22.345538242877872,21.987846
21.7,21.890589579685134,21.643942
23.0,23.165653309599207,23.149052
22.6,23.16030404739071,22.67698
22.6,22.763678009072937,22.413809
21.9,22.44672109038466,21.882368
21.6,21.87176045807773,21.643791
22.7,22.838170492752404,22.610605
23.1,23.18855655657739,22.834743
23.3,23.37579216171461,23.293303
23.3,23.381610165989393,23.292385
21.6,21.989050807287846,21.56177
19.0,19.430967579444555,19.206717
19.5,19.95592217528896,19.564558
19.2,19.410875587236898,19.282862
19.7,20.091412564989934,19.837679
20.1,20.434340903071213,20.2363
19.6,19.765658414789417,19.687254
19.2,19.3865456001332,19.247454
19.4,19.56081233758201,19.361372
18.7,18.972530440550056,18.895815
18.2,18.52774568152484,18.140781
18.3,18.473412230721895,18.195993
17.8,18.146888419468894,17.836012
18.4,18.709032455805666,18.576109
18.6,18.85925852941329,18.679235
18.3,18.565915944388404,18.282375
18.6,18.771656439157585,18.366295
18.5,18.758541503936183,18.438704
18.8,19.03311737976662,18.898237
18.4,18.54925344164279,18.568724
18.4,18.61719698826579,18.36728
18.2,18.48493745530597,17.970709
18.1,18.34995046763273,17.970709
18.6,18.74082699828563,18.52813
18.7,18.834064998558418,18.708471
19.0,19.136496995038566,19.12756
18.9,18.877968501856486,19.027794
18.8,18.94338314490123,18.70593
18.7,18.713234003558227,18.908031
18.9,18.72203391655388,18.564648
18.3,18.420145621915072,18.381573
18.0,18.109953224289413,17.977085
18.2,18.30951801222742,17.967573
18.8,18.98938435397057,18.87217
20.3,20.436587989416317,20.318438
22.4,22.39609131887793,22.339449
20.9,21.13888541292945,20.95899
19.4,19.773483602456047,19.50581
21.3,21.512255242031596,21.333298
19.8,20.160178027227012,19.681854
20.4,20.849221335287623,20.500103
21.7,21.958684079734933,21.740221
22.0,22.273627089094408,21.993332
21.5,21.88115983387109,21.568933
21.8,22.05651871505155,21.768633
22.1,22.218764823775782,22.219103
21.9,22.002867898219378,21.762894
22.5,22.731292885021634,22.58166
23.9,23.89198477831328,23.812326
23.6,23.664748334136537,23.65074
22.9,23.06915841018645,22.858015
23.3,23.36047499671677,23.27937
24.0,23.97441107067074,24.042406
23.7,23.699000167035646,23.742119
23.2,23.442312016296842,23.338247
23.1,23.339402043714593,23.184393
23.2,23.471427246621964,23.320066
23.6,23.79304616498348,23.661112
25.4,25.555292092348854,25.328264
27.3,27.329346940912227,27.189793
28.6,28.475082292121233,28.70264
28.2,28.18547861598364,28.098097
27.7,27.989139238995676,27.971779
26.9,27.21063634994968,26.838907
27.8,28.162646378486706,27.69551
25.7,26.587724820697435,25.653875
22.7,23.41743622711765,22.60127
21.9,22.620286264781225,21.908955
22.3,22.93209112462255,22.311926
25.2,25.730264821173243,24.916498
24.5,25.12245206296978,24.504923
24.5,25.216633370603546,24.562935
23.8,24.362550112381456,23.83751
23.9,24.605121809642082,23.991962
23.5,24.23303472118151,23.51831
23.2,23.996036919373594,23.268583
23.0,23.666553060777062,23.051702
23.0,23.714543796825225,23.050571
22.7,23.441444988662113,22.80073
23.2,23.850365519205454,23.164389
25.8,26.25895004523327,25.99628
26.6,26.955074275476804,26.74293
27.8,28.044909887005133,27.815182
27.7,28.016965811727076,27.767748
27.6,27.490500659157235,27.429354
27.2,27.572423075310272,27.320467
25.0,25.470132177877435,25.06436
30.0,29.409965894887243,29.89286
27.8,27.659408533908604,27.818657
26.2,26.349376507938675,26.179932
26.0,26.174682834688667,26.163471
26.7,26.659471469571155,26.66017
24.9,25.440166177350108,24.994406
26.0,26.045812696303955,26.01909
27.3,27.318792351021905,27.121355
27.2,27.42289464533677,27.31713
26.6,26.63986315105678,26.60259
26.3,26.34062922303474,26.214724
25.8,26.0439823022633,25.997448
23.0,23.419389922100343,23.066963
23.1,23.520978044914585,23.040632
23.1,23.52627355470875,23.040476
24.4,24.741282771746647,24.281176
24.5,24.91589053940544,24.613445
24.6,24.95605533694563,24.615343
24.9,25.295098869425722,24.837976
24.5,25.079962279282498,24.467428
24.8,25.287050654024092,24.834047
25.6,25.89602958590591,25.599342
25.1,25.45306442297615,25.159065
24.7,25.10956631108796,24.659393
25.9,26.004671066416975,25.986612
23.4,24.094191141253695,23.470367
22.9,23.486942607582854,22.867195
23.3,23.96280138792514,23.276312
22.6,23.208600056938934,22.56654
22.8,23.43156335625036,22.80631
22.4,23.088681289796256,22.393139
22.6,23.20791959981355,22.498121
22.4,23.00528803118317,22.315557
23.0,23.524658355169937,23.066202
23.2,23.770404472383902,23.254154
22.5,23.334288056712744,22.449696
21.5,22.43852259159358,21.561821
21.4,22.39267682587808,21.473707
21.0,21.94347480908557,21.089684
20.7,21.536565813035658,20.832535
21.1,21.83563996993238,21.116554
20.8,21.43611232124945,20.684338
20.7,21.386747276129128,20.698456
20.5,21.174822315808495,20.606054
20.1,20.587091430223744,19.978334
19.3,19.909284375026747,19.343946
18.9,19.24716492331796,18.746027
19.0,19.706549069643373,19.194574
18.8,19.451460119407113,18.788969
18.6,18.954397566646634,18.48168
18.7,19.23493822281001,18.654596
18.5,18.95958692895526,18.74169
18.7,19.120530892093125,18.828688
18.8,19.16043753566016,18.876953
19.6,19.84803545406591,19.43698
19.5,19.63713492130535,19.307737
19.7,19.887603749388642,19.740667
19.5,19.6881751648457,19.380001
20.6,20.524606182958504,20.496683
19.8,19.862657100945324,19.938303
19.7,19.78077064071349,19.74895
18.8,18.93069235575508,18.798464
18.8,18.91179249416422,18.550226
19.1,19.008476549651203,18.880915
20.9,20.821775038900892,20.952734
22.1,22.093468017429444,22.087318
21.8,21.934756315656443,21.849644
21.8,21.831135968825294,21.739391
21.4,21.551361432029193,21.437262
21.1,21.26827254228574,21.054081
21.4,21.586791364826755,21.406424
21.4,21.587633091940095,21.48921
21.5,21.52043053244882,21.438807
22.7,22.80252391667549,22.755728
23.0,22.98101203678841,22.878567
23.1,22.99070552993932,22.878567
23.6,23.43770747125719,23.800869
24.4,24.005749061572796,24.326424
24.5,23.95727090427505,24.601252
24.4,23.957870616338734,24.370317
24.3,23.872585075873033,24.3235
23.5,23.257765383274126,23.525124
23.1,22.847543110732875,23.068605
23.7,23.420037457907718,23.86078
25.1,24.74650621417205,25.148033
24.8,24.431025201564637,24.76183
24.9,24.96485874210169,24.976196
25.4,25.24082952369912,25.509157
25.7,25.578035922390683,25.787704
26.2,26.05616979720972,26.239813
27.6,27.17084895103232,27.781727
29.0,28.144822508273506,28.982967
24.4,24.6330072063815,24.434544
28.0,27.610675797800305,28.122307
28.4,27.913217846523008,28.464607
28.4,27.921502919021584,28.147614
28.9,28.18358226733472,28.896322
28.9,28.21027584413342,28.816597
29.3,28.300255253352724,29.370872
28.3,27.54806064366135,28.697668
26.1,25.90968818559686,26.05764
25.2,25.3064460612271,25.436708
25.4,25.38894095231739,25.46064
25.1,25.292202886915895,25.212198
28.1,27.692483376574458,28.186512
28.3,27.677179716180383,28.090658
27.7,27.305640464984975,27.807856
27.3,27.01025060989118,27.366653
26.8,26.613155777274226,26.8382
26.6,26.529227936842847,26.68997
26.3,26.229616107640467,26.414516
26.2,26.290370549691545,26.166681
27.4,27.389791298084127,27.420088
27.8,27.786996635698337,27.687885
29.2,29.006164805174755,29.375364
28.4,28.271089850487822,28.265547
28.3,28.38145368825826,28.42594
28.1,28.367773521948614,28.274027
28.0,28.157027187564644,28.090363
27.9,28.06809178304146,28.04424
25.2,25.439290876981737,25.151302
26.2,26.32410550392506,26.250965
27.1,26.946036919211387,26.878286
27.3,27.362330337222517,27.12337
24.6,24.69083018752246,24.412865
21.5,22.045480909418227,21.52789
21.8,22.450056461147053,21.796463
21.6,22.43437568428526,21.589533
21.0,21.610400713858912,21.088066
21.4,21.857816173781906,21.313148
21.9,22.542685128407992,21.87218
22.3,22.865640439065846,22.347397
22.2,22.825070006031662,22.345499
22.6,23.02576648713816,22.561945
20.7,21.21158392264628,20.675709
20.7,21.207463454051904,20.676659
20.4,20.84303496050765,20.368126
20.4,20.8698745312494,20.433655
20.4,21.01090863254015,20.46081
20.6,21.117607848346594,20.599924
20.7,21.23042528766282,20.778841
20.9,21.176980481388362,20.953
20.6,21.01798007040422,20.657324
20.7,21.10601402908531,20.800638
21.0,21.417243278433894,21.0691
20.2,20.494651883346997,20.127813
20.2,20.612126869590057,20.33547
20.2,20.490288161601637,20.290869
20.4,20.501216269552252,20.256199
20.1,20.14072333273358,20.080677
20.2,20.390914356761737,20.179436
20.4,20.39314340890104,20.321377
20.2,20.373074467458025,20.209778
20.1,20.09238306353184,19.992805
20.0,19.958867836519335,19.872765
19.8,19.963006290785966,19.848688
20.0,20.06833135821796,20.081095
19.9,19.88469938048724,19.931238
19.9,19.89435206707098,20.03105
19.7,19.74411015232024,19.733213
20.4,20.474634013067266,20.365868
20.2,20.30288960964169,20.197416
20.1,20.295685737443108,20.122776
20.2,20.299058480050192,20.128502
20.7,20.802943269672372,20.71901
20.8,20.919928549434097,20.77595
21.0,21.273935698990705,21.051325
20.9,21.275857967352646,21.01221
21.0,21.364704222081343,21.087975
21.1,21.481206509874237,21.03141
21.1,21.482578743211445,21.065512
21.0,21.39393725801133,21.084322
20.8,21.05013399565276,20.817427
21.2,21.562762047364835,21.1833
21.0,21.28801449226012,21.296885
21.0,21.17943341904878,20.960117
21.1,21.197136174465115,21.005325
20.9,20.999386077295796,20.888187
20.6,20.683968386792632,20.499334
20.9,21.166820592760526,21.14126
20.1,20.379849198348836,20.02021
19.6,20.032094483874022,19.587097
19.6,20.061045873045497,19.706408
19.3,19.50109958989914,19.346012
19.2,19.366654344220652,19.261492
19.0,19.2071696279946,18.901228
18.3,18.614894653060094,18.282389
18.1,18.326920767646982,18.18911
17.6,17.94366841171101,17.61649
17.3,17.519404088840687,17.346138
18.7,19.059194207473297,18.986088
19.2,19.49928120765287,19.263046
19.5,19.774285115611313,19.49111
20.1,20.2438324417222,20.088167
19.7,19.907687437887645,19.709553
20.0,20.21601365619916,20.04607
20.1,20.21283272805835,20.193684
20.2,20.258780480362503,20.432848
20.4,20.315390410044778,20.328205
20.6,20.47267265567081,20.525425
20.5,20.319079969047536,20.51523
20.6,20.253097123551317,20.293802
20.8,20.424215553265654,21.070839
20.5,20.28536070764842,20.294569
20.1,19.97795479273143,20.297123
19.3,19.251134233470136,19.299446
19.5,19.328344805875467,19.383585
20.2,20.087881948670887,20.21256
21.5,21.277985447420075,21.38884
22.4,22.19954666506909,22.415993
22.1,22.060508236959123,22.041927
22.8,22.883416556733735,22.994167
24.8,24.21304359802488,24.885725
23.7,23.560120179852678,23.77367
24.4,24.14515364698235,24.290695
23.6,23.597254842044165,23.563858
24.5,24.158876649306137,24.489151
23.6,23.42706850410876,23.666994
23.5,23.36187259353985,23.74072
24.3,23.713245768246136,24.51074
24.2,23.630746344452174,24.339977
24.4,23.66088969769048,24.507286
24.5,23.823239241910503,24.592665
24.2,23.513007249267947,24.432518
23.5,22.874258176723096,23.56522
22.8,22.279354336808403,22.689611
22.3,21.797159103765633,22.388493
22.1,21.709459800132777,22.187922
21.5,21.24909023772552,21.796146
21.5,21.092422034535417,21.579472
22.1,21.881309746964277,22.262493
23.3,22.916907522853815,23.108482
25.1,24.362198245254316,25.220234
27.2,26.130375077509015,27.259687
27.6,26.31368060216083,27.660816
28.3,26.787087579204254,28.16441
29.1,27.328015040341313,28.9399
28.9,27.276139649028586,28.939981
29.6,27.902075404182526,29.919996
29.5,27.696567215114342,29.335346
29.5,27.816723659726584,29.51872
28.6,27.18299277908382,28.41767
28.3,27.151334549899694,28.317108
27.8,26.537342382797,27.554932
27.1,26.242513066229293,26.936676
26.5,25.950773183761672,26.596737
25.8,25.236984288062743,25.69661
25.3,24.792270781897145,25.465826
24.9,24.510918564756395,24.95673
24.6,24.268760854493316,24.62858
24.5,24.07815599436838,24.486612
24.2,23.676876392700354,24.041248
23.7,23.338916514648275,23.660088
23.7,23.470410656486532,23.74148
23.9,23.615992181678642,23.81549
24.8,24.502673168686005,24.891323
27.2,26.439022537670134,26.914848
28.2,27.2918472155636,28.139153
29.7,28.522776285405406,29.485678
26.6,26.388292363673056,26.568485
21.0,21.320674766492036,20.873993
19.7,20.09047991760818,19.581945
19.3,19.48761835357255,19.298485
19.9,20.229887657360564,19.77339
20.1,20.241678574111553,20.06968
20.1,20.25988263818851,20.088581
20.2,20.399765737060907,20.216341
20.2,20.140190678960813,20.03856
20.2,20.25863424909645,20.208
20.4,20.44402915601408,20.32197
20.7,20.78043393463983,20.682291
20.8,20.899516076421808,20.94298
20.8,20.920568990561776,20.94298
20.4,20.528426937530163,20.389187
19.4,19.335097598287447,19.441267
19.1,19.304413191273742,18.95068
19.2,19.28548696542201,19.229105
18.9,18.85718554709354,18.546898
18.3,18.27719869347089,18.221146
19.3,19.466721597141337,19.253717
20.0,20.329839104286705,20.091848
19.9,20.30245369085478,19.87342
19.6,19.87992144334433,19.689192
20.5,20.920543112772688,20.603012
20.1,20.818002408403835,20.181526
20.5,20.88676387771339,20.41582
21.0,21.547602100148772,20.986729
21.4,22.015207405637575,21.38312
21.9,22.512952575842377,21.829454
24.6,25.24398692784557,24.513393
23.8,24.765331284477703,23.68623
23.9,24.283094845502475,23.725998
22.3,22.79038414479281,22.407293
19.3,19.582445079519047,19.23661
19.5,19.84030399963169,19.51654
19.1,19.37259395917711,18.970446
18.8,18.98471863795735,18.76068
18.8,19.075533799498384,18.772314
18.7,18.875985003506965,18.82566
18.5,18.657120071507556,18.432096
18.5,18.70201978798772,18.43583
18.5,18.755388125660907,18.592258
18.2,18.374783348521568,18.058859
18.3,18.401464879723875,18.293976
18.6,18.704180684340788,18.45676
18.9,19.174847232921326,19.044806
18.9,19.148158760329753,19.045708
18.9,19.15651757611638,19.044806
19.5,19.72841299642696,19.49147
19.7,19.94931159405414,19.621365
19.9,20.185795895654714,19.829535
20.5,20.861169609224447,20.562576
20.5,20.863310475707358,20.562866
21.2,21.45600224113756,21.23307
21.7,21.819539120417858,21.567848
21.7,21.908670732292624,21.671711
21.8,22.000083869228874,21.794643
22.9,23.190738351356533,22.835752
23.3,23.40965268635437,23.418604
23.2,23.199411987844655,23.212042
23.1,23.137622903957737,23.181826
23.1,23.234949500273096,23.261347
22.9,23.224955928405212,22.95252
22.8,23.059906100554024,22.71518
22.6,22.98713454190596,22.686678
23.0,23.374600158704315,22.938576
22.6,22.960150742812626,22.587967
23.2,23.455159973466532,23.210098
25.1,25.088509177496274,25.184605
27.2,26.684897373306725,27.175737
29.2,28.708177648204313,29.251352
30.9,29.842278011443184,30.77672
31.8,30.276548869196453,31.771023
32.4,30.690800940960607,32.776173
33.0,30.93287110253979,33.225338
32.8,31.149787649315527,33.01022
31.3,30.151646608965166,31.345743
30.9,29.994426055765707,30.797691
30.2,29.617021255353787,30.28468
21.8,22.061540713840056,21.747787
22.3,22.673360981866683,22.171164
23.0,23.039632987444016,23.17528
22.7,22.932082132895545,22.803787
24.2,24.084566117411008,24.180918
22.8,23.092119157758265,22.707586
22.6,22.794257965549267,22.596865
22.0,22.542862162023823,22.030966
21.9,22.404925713364953,21.85135
21.9,22.593596682145343,21.95044
22.1,22.5163771080793,22.004797
23.8,24.249485919126663,23.824347
25.2,25.590585897069836,25.230127
27.0,26.858609245055533,26.885166
28.2,27.901447044329387,28.166586
29.2,28.549054866452575,29.108662
29.7,28.809462979533272,29.346449
30.0,29.10053518905186,29.928286
26.2,26.171131419093584,26.314434
24.9,25.13663514203634,24.886349
24.5,24.816313313083427,24.54644
26.6,26.21292002641118,26.38669
26.7,26.47270816929629,26.663372
27.0,26.624198595003854,27.27935
26.2,25.68654799795246,26.087116
25.6,25.17070950241424,25.590714
25.2,24.718460663887427,25.100372
24.5,24.058459666485366,24.520712
23.9,23.58665555868102,23.96604
23.1,22.831507826114645,23.116152
22.6,22.48561972018402,22.443247
22.2,22.001012845307397,22.039461
21.5,21.52715052100956,21.566847
21.2,21.130688224822467,21.317896
21.8,21.705230087396096,21.860855
23.4,22.955702251433905,23.333838
24.0,23.267190169315757,24.000706
25.4,24.426014362766786,25.47173
26.2,24.881793713983793,26.262028
27.4,26.13681762896934,27.780993
27.8,26.435442808051654,27.83261
27.3,26.123111520113106,27.29467
27.3,26.049254916771474,27.288149
27.1,25.802999754995227,27.15105
26.9,25.653900745827478,26.754595
26.6,25.581438617247137,26.6499
25.9,25.116859556937637,25.938656
24.8,24.111376371054966,24.539726
24.5,24.052362977982252,24.463394
24.1,23.6818705370432,24.09433
23.4,23.064927563647608,23.533396
23.3,23.01654029254469,23.508303
22.5,22.238191981066645,22.488707
21.9,21.86440790420114,22.019896
21.4,21.293982930439732,21.38297
20.9,20.84283607078132,21.040161
21.3,21.114287649890425,21.195976
21.6,21.256987957104304,21.569979
22.0,21.723739601774664,21.967966
22.1,21.790783250177004,22.189926
21.9,21.743302652571874,21.88257
22.1,21.81728461687887,22.038477
21.8,21.706407178882593,21.721981
22.1,21.902757062675406,22.074482
21.8,21.747245049382684,21.721691
21.9,21.878824637887867,21.859655
22.3,22.2443536823672,22.33194
21.8,21.694191114715007,21.91513
21.9,21.918510648967207,21.86781
21.9,21.757252279574853,21.982359
22.1,22.002078705555046,22.19306
22.3,22.14145875865726,22.229391
22.9,22.43099256508579,22.766243
22.7,22.227431606052598,22.55719
22.2,21.784744716628303,22.055786
21.4,20.974308125890364,21.488815
20.9,20.56887409136078,20.82933
20.7,20.557269835360408,21.174587
20.3,20.040292014980587,20.196009
20.2,20.093595046669037,20.26577
20.9,20.82874304757189,21.083261
21.2,21.04305826743675,21.274368
21.0,20.92296394734743,21.038292
21.3,21.2159962337026,21.339273
21.2,21.168868564959535,21.245985
21.1,21.056463351164034,21.114546
21.4,21.34862302123633,21.395407
21.5,21.53299221905352,21.563778
21.7,21.676683710302257,21.744423
21.8,21.772752227965942,21.715229
21.8,21.848600678493224,21.831707
21.6,21.56022939144897,21.580944
22.1,22.122733530469002,22.253244
21.4,21.384686431802855,21.456335
21.4,21.307489228805565,21.554482
21.4,21.25591743037849,21.57238
21.5,21.420684516446475,21.512241
21.9,21.64589240039647,21.953602
21.7,21.460621337515747,21.819506
21.5,21.208285002641524,21.472488
21.0,20.85762790860222,21.033115
20.9,20.605626026842952,20.8103
20.8,20.491865794758226,20.57086
21.2,21.058584963236612,21.303999
22.1,21.917105549410554,21.956762
21.9,21.79457084439965,21.859222
22.2,21.981434026580374,22.167831
21.8,21.73977729514105,21.6641
21.8,21.845608271495287,21.869919
22.3,22.412385903102493,22.263248
22.3,22.434751253166215,22.295568
22.5,22.586111265324476,22.512579
22.9,23.051369491366405,22.931963
24.1,24.003981938328657,24.066753
23.1,23.3390964448963,23.115942
23.9,23.96074671866208,23.943071
24.9,24.813728933121638,24.911875
24.2,24.225757897379097,23.843933
24.3,24.40581321640618,24.153763
25.3,25.026918949944406,25.194214
25.4,24.7931161470052,25.382414
25.1,24.703004229952022,25.263327
24.8,24.381820743596542,24.862022
24.5,24.074460132097165,24.542202
24.7,24.22754392386279,24.657227
24.8,24.41410437733684,24.83578
24.7,24.44821492053482,24.843742
24.3,24.21789971958789,24.2405
24.6,24.498236458037766,24.455343
25.5,25.539266539125514,25.326488
27.2,27.295827587742494,27.318045
30.2,29.33374964277631,30.077139
30.9,29.190986046398862,30.55104
30.6,28.75255681149055,30.830357
30.4,28.402924168213964,30.143604
29.8,27.845521316300815,29.863325
29.5,27.946770750422502,29.427326
28.2,26.978172354422064,28.117834
28.1,26.604101024126827,28.170036
26.5,25.52648200524966,26.608978
25.5,24.56498066050753,25.450361
24.8,24.198934862354758,24.880749
21.9,22.009189796798907,21.879236
21.9,21.838472515446092,21.79481
21.5,21.651231671238506,21.525558
21.1,21.28282627589467,21.02002
20.9,21.10429382227981,20.964325
20.7,20.91062455425647,20.794106
20.5,20.757323146891693,20.52912
20.3,20.51957094871334,20.192265
20.1,20.3076722872902,20.006832
20.3,20.57546149101681,20.19704
20.7,20.909444796303365,20.76147
20.8,21.03092829497815,20.80907
20.9,21.174399230972284,21.003174
21.2,21.50147242790019,21.297775
21.6,21.73402883651769,21.540863
21.5,21.724760262601293,21.488607
22.1,22.316049726395672,22.194258
22.5,22.56567574442056,22.460337
22.5,22.531752186875927,22.574963
22.0,21.96138534044847,21.950083
22.7,22.55833731238532,22.727362
21.9,21.88807730988453,21.970556
22.4,22.144256027310963,22.316647
22.7,22.35132926736372,22.795582
21.9,21.82598686916783,22.043535
21.9,21.6812240156971,22.064556
21.9,21.757046985545642,21.836304
22.4,21.960411835339514,22.350826
22.4,21.79371743288555,22.223135
22.3,21.89196845025386,22.328249
21.9,21.461893187610897,21.959194
21.3,21.088396618498848,21.34244
21.6,21.37893543507172,21.752695
22.5,22.125758761810797,22.348623
25.2,24.429832921630084,25.081654
26.9,25.78439402654497,26.91736
27.9,26.598024250271784,27.855314
26.2,25.55315303245397,26.356068
25.1,24.703335070354314,25.265903
23.0,22.791813950240037,22.73297
26.5,25.526555940486965,26.517761
23.7,23.538872376584774,23.77843
20.6,20.603401011673476,20.458843
21.2,21.21351668739516,21.11469
22.9,22.746289043252286,22.952778
22.8,22.49840666931042,22.555864
21.8,21.77062803652995,21.896162
22.7,22.370138890655067,22.79406
22.9,22.75353314250951,22.890972
23.3,22.921150752474805,23.208708
22.3,21.95655737116122,22.161667
20.3,20.344030094834526,20.120972
20.2,20.423688577638863,20.16851
21.4,21.364274137908424,21.390488
21.3,21.33517845321173,21.401047
20.1,20.20197779874057,19.953808
19.9,19.998045016449392,19.820322
21.2,21.257048361610405,21.131826
22.1,22.155631845134668,22.104446
22.2,22.251110420016136,22.150528
22.1,22.14211677373046,21.999775
22.4,22.492089032896,22.551329
22.5,22.577554777192592,22.586374
24.1,23.961434984038483,24.114546
23.2,23.447206903670406,23.363953
23.7,23.966264774991643,23.74455
23.4,23.605379205142516,23.367012
24.0,24.18307934678475,24.088408
24.6,24.276606137685867,24.565948
25.2,24.7955110302027,25.099209
25.1,24.623216054202345,25.200302
25.4,24.819240875192158,25.387207
25.4,24.86269389020312,25.360733
25.3,24.80490442937337,25.380922
25.0,24.653053520128346,25.084692
24.3,24.104541615049822,24.127752
23.7,23.871339203294397,23.864662
24.4,24.177414717026473,24.193266
23.9,23.810044493467863,24.005077
24.0,23.78387344735638,23.94101
24.2,24.011265714178364,24.091162
24.6,24.585649432399382,24.551733
26.0,25.718845326137693,26.040956
25.4,25.0772154344209,25.26413
25.2,25.087115828696064,25.229504
25.4,25.356634458166003,25.476034
25.1,25.038250560809068,24.954788
25.2,25.14329010852294,25.253357
25.3,25.30005753175518,25.404703
24.1,24.4164532631685,24.040255
24.0,24.400971511908146,24.151531
24.1,24.428250386266598,24.151531
23.9,24.228786816170143,23.853508
23.5,23.756769655501607,23.549568
24.1,23.89262893428705,24.100899
24.4,24.127715294323533,24.11301
24.8,24.293183670677394,24.567535
24.6,24.204460264682762,24.703032
24.2,23.961321441505973,24.140892
24.6,24.37883128737338,24.8353
23.3,23.472516597652493,23.277813
24.4,23.90992288780864,24.324503
23.8,23.60164920104104,23.784014
24.1,23.679005474131525,24.302341
23.8,23.83767522150594,23.692587
24.6,24.131232989731586,24.453283
25.8,25.202971708952013,25.924194
28.4,27.296803916575506,28.809418
28.6,27.577665115844496,28.625587
26.5,26.391823303582576,26.427622
28.2,27.580904330101582,28.365812
26.5,26.52778362395143,26.560253
27.5,27.16274544826372,27.573748
28.7,27.869194225119998,28.595078
28.2,27.589652086491064,28.27962
27.6,27.431840689860493,27.664696
27.4,27.36680206067354,27.489557
29.3,28.409559202037272,29.256035
28.8,28.39843156312962,28.778307
27.9,27.58042330830029,27.88836
27.2,26.983672337400996,27.093851
26.1,26.082950665790882,26.19729
26.3,26.22809396125922,26.254942
26.8,26.569353414572042,26.732533
27.0,26.78682688598796,27.015774
25.9,25.944740262922217,25.905037
25.7,25.956047623748077,25.626446
25.4,25.81099810383155,25.489796
26.0,26.263262273287534,25.867357
27.6,27.826567705273668,27.348171
27.3,27.52178036715005,27.318226
27.1,27.52623863315235,27.059704
23.1,23.692109778546126,23.05993
24.0,24.61254094583866,23.995014
24.3,25.061734944855086,24.513216
25.4,26.133955269897044,25.336758
24.5,25.372830795875203,24.405739
24.9,25.82552188656143,24.874283
29.7,29.960138237525115,29.881462
24.6,25.52754667591034,24.581226
24.0,24.92788433169318,23.972134
24.2,24.982793235446756,24.152058
24.7,25.44510422731711,24.76288
24.5,25.20047982565329,24.472229
24.9,25.75427997107706,25.05374
25.5,26.027999283811976,25.464607
25.8,26.235857663830387,25.934126
26.9,26.979961570136904,26.624044
26.3,26.51055331263855,26.287676
26.0,26.375012783423614,26.056519
26.1,26.47510913766584,26.254993
23.5,23.98544595028382,23.339731
24.8,25.13730936400593,24.64172
24.5,25.008077810516415,24.575764
24.9,25.44269428327615,24.973375
24.9,25.44004123561323,24.695452
25.4,26.014954083976804,25.308527
25.2,25.88789495808423,25.246761
24.9,25.563194377434364,24.890379
24.8,25.563905414001795,24.748184
25.0,25.9096347755482,25.064934
26.2,26.617195396919684,26.259068
27.4,27.757379550601755,27.34813
28.2,28.101536102169554,28.059103
28.8,28.44735820139257,28.690132
29.3,28.651612406340092,29.113121
29.0,28.628468730426277,28.852924
28.5,28.31313802513653,28.544891
28.9,28.723534619507028,29.057774
28.7,28.56468749409657,28.774763
29.3,29.35771929347836,29.646458
28.0,28.497039990528787,28.313946
23.9,24.492034144562357,23.875992
23.1,23.700338946983052,23.123848
22.9,23.597619031941615,22.879454
22.4,22.87561969214011,22.280954
25.2,25.515743846208032,25.336983
27.7,27.77876936309235,27.765299
28.7,28.429450589179396,28.486704
30.3,29.983488895772936,30.353712
31.9,31.114490079689787,31.981438
32.3,31.6932165118459,32.245644
32.0,31.731304837154273,32.94441
28.3,28.656317201018428,28.632826
27.2,27.85262754840302,27.14894
28.7,28.897362904456852,28.55372
25.1,25.738774628002908,25.06374
25.3,26.12547934996887,25.216667
26.2,26.802679572795448,26.256023
28.0,28.606311924504844,28.25811
24.9,25.44459273394815,24.970217
21.9,22.228476084235172,21.792887
22.2,22.431364812916325,22.18274
22.3,22.64984799541545,22.166544
21.4,21.82881032676929,21.378885
21.5,21.80719419002471,21.51669
21.9,22.23684362980942,21.847433
21.8,22.231038905437824,21.823313
21.8,22.201816185273042,21.72876
22.2,22.65562744601729,22.212852
22.4,22.88020880757329,22.4414
22.5,23.030043503314122,22.565468
22.2,22.6551366539138,22.255888
22.6,23.04381294188607,22.595135
23.2,23.589694010657542,23.3356
22.8,23.092914205344428,22.734512
23.0,23.221502642878498,22.810402
23.0,23.335838422780757,22.925684
22.9,23.203769886405702,22.829985
22.7,22.898682960079828,22.67843
23.5,23.441909183318458,23.491894
22.8,22.966678788162866,22.767057
23.0,22.916003018633127,23.100178
23.2,23.07908227031602,23.36545
23.4,23.078884402432926,23.26742
23.7,23.289368182821313,23.666449
23.2,22.954800711663733,23.36468
23.1,22.72104269423941,23.19063
22.6,22.092363818701404,22.57046
21.9,21.752190319513442,21.969479
22.7,22.344282270585172,22.620602
24.0,23.569461202324575,24.125273
24.0,23.49745588228481,23.958138
23.3,23.379940507920217,23.435165
23.3,23.40004998907802,23.441496
23.6,23.64046348415067,23.543327
22.9,23.04595285554072,22.851387
23.0,22.992675583371216,22.929537
23.1,22.868228785751835,23.053055
23.3,23.113448514619076,23.289423
23.0,22.787879273979993,22.937721
22.8,22.48965445949867,22.636606
22.9,22.554643913102407,22.891958
22.5,22.043346659640562,22.493351
22.3,21.91087319964315,22.318241
22.6,22.053391805524996,22.470312
22.9,22.168096582091884,22.605606
22.6,22.139281091730034,22.510607
22.5,21.93869835841497,22.33032
22.5,21.97768371738633,22.296392
21.8,21.272040428731746,21.79034
21.9,21.27137258452374,21.791351
21.4,20.852083746761007,21.278393
21.7,21.125233541817085,21.998898
22.0,21.562361592982235,22.10258
23.9,23.107072879951573,23.878687
24.9,23.77578915604393,24.941969
24.8,24.00283456740179,24.73779
23.8,23.347793974001487,23.878683
23.9,23.576718195347947,23.7993
23.6,23.39479438020211,23.621695
24.6,24.265551988536878,24.599913
24.4,24.002171090762616,24.261738
24.1,23.64922248705041,24.134838
24.3,23.892974376300703,24.174856
24.3,23.823469784226674,24.247635
24.4,23.96820109637686,24.414677
24.1,23.664364539214596,24.158266
24.0,23.46466319499363,23.727476
23.9,23.512059080280906,24.003428
23.9,23.38196758542873,23.882423
23.8,23.456677407900493,23.829363
23.9,23.488648320265217,23.797272
24.4,23.63328742735501,24.65487
24.0,23.255618270069952,24.046864
23.5,22.88558625544549,23.678484
23.1,22.6368129426923,23.190977
23.2,22.798156565269974,23.287714
23.0,22.673063571551243,23.058353
23.1,22.660279786696552,23.047758
23.9,23.507540056384236,23.79233
24.9,24.35384251876192,24.868767
25.3,24.95656070419517,25.505426
25.9,25.192253525457872,26.017076
27.6,26.75432482798982,27.58272
26.1,25.900259251573104,26.206255
26.5,26.027179563993215,26.28536
25.8,25.650874541083077,25.993486
26.6,26.249421926491888,26.643488
26.5,25.98233540372094,26.29979
26.2,26.025953200291315,26.282255
27.2,26.36117366503719,26.892609
26.7,25.97900081728425,26.837406
26.2,25.36153987362522,26.070183
25.8,25.037744353262553,25.785524
25.3,24.782404520171294,25.287203
25.6,24.68126220172786,25.485435
24.7,23.998359512240206,24.802135
24.4,23.781609804903734,24.364136
23.8,23.395374207185885,23.800354
23.7,23.156700323139134,23.688883
23.5,22.981309783665303,23.42482
24.3,23.662705147528225,24.278406
25.0,24.36783931900544,25.049347
26.3,25.33481831086361,26.520023
27.1,26.056053382572074,26.992773
27.7,26.622400242274413,27.746372
27.7,26.42095823926535,27.497526
28.2,26.900356618844945,27.918615
28.1,26.884246322487357,28.109955
27.4,26.68413028429044,27.215775
27.4,26.833381182581412,27.63595
27.3,26.81127067452003,27.606049
25.4,25.628613110010953,25.376371
26.4,26.168369180231075,26.504984
27.1,26.426642431492763,26.879362
26.3,25.767997486365054,26.3748
25.7,25.248370136617716,25.903135
25.1,24.887070244883013,25.426899
24.7,24.48890298189737,24.666527
24.6,24.313765770075527,24.624159
23.5,23.437890108320182,23.65441
23.6,23.431803517019905,23.655413
22.4,22.470284559193406,22.320892
22.6,22.54157925763767,22.392485
23.4,23.362371812658942,23.321653
23.8,23.87031873001472,23.863007
23.7,23.888717347003617,23.877699
23.7,23.889154170032533,23.648964
24.1,24.275228426913912,24.150232
24.4,24.517860411220617,24.30592
24.8,24.90862409852244,24.95358
25.0,25.233013792960303,24.943966
25.7,25.669685628003656,25.894886
25.6,25.72051659480863,25.59614
25.2,25.44833058296186,25.219854
25.7,25.910706784803676,25.732101
26.3,26.386484833721383,26.415014
26.1,26.24929956229927,26.170786
25.4,25.5993522718108,25.185062
24.5,24.987845134350216,24.574306
25.3,25.693832752297215,25.176538
26.4,26.303782435922006,26.208967
26.1,25.951897938824793,26.129705
25.6,25.58347561046252,25.623291
25.1,24.99103502043645,25.12397
23.1,23.387038235910047,23.049156
23.5,23.839651874890762,23.646011
23.5,23.94267949370997,23.513702
24.6,24.956039392850357,24.450203
24.8,25.170149525828258,24.713552
24.9,25.393776106559887,24.976154
24.6,24.964042011582627,24.451393
24.6,25.09090705186943,24.579584
24.9,25.12118820080326,24.866064
25.1,25.196279167469587,25.065584
25.1,25.222283179941584,24.945068
24.9,24.872864819211497,24.932314
24.9,25.033520683632315,25.012396
24.6,24.65391103631001,24.781654
24.2,24.259857474677478,23.834661
23.9,24.216233836912213,24.075733
23.7,24.06504975887129,23.613373
23.5,23.827492779129678,23.54806
23.5,23.80412043951096,23.517408
23.6,24.031064753444674,23.732908
23.4,23.73800899432067,23.528076
23.5,23.60412430205981,23.4186
23.6,23.801080782155193,23.607775
23.6,23.88211082469227,23.502987
23.7,24.202531217444186,23.830622
23.9,24.311451086027404,23.895088
24.0,24.13467949526195,24.071507
24.2,24.27274775111207,24.106491
24.1,24.245922275905205,24.114927
23.8,24.218779080534027,23.684664
23.4,23.839984955809815,23.48197
23.3,23.712679372080107,23.404354
23.1,23.706602598435815,23.153748
22.1,22.560132127641804,22.133162
23.2,23.824130977694573,23.171253
23.3,23.91944687593934,23.362535
23.0,23.45836245317817,23.153679
23.0,23.358641092786204,22.877283
23.1,23.461244421372413,23.098354
23.3,23.677191198077935,23.36412
22.6,23.181419821740135,22.813166
22.4,22.883519383096104,22.383684
21.1,21.520335481166686,21.164818
21.0,21.594068168970534,20.92121
20.1,20.472895467544483,20.144514
19.9,20.641574147753946,19.857885
19.8,20.58112551798226,19.816402
20.1,20.59027278952155,20.000614
21.1,21.5068564448406,21.084143
21.0,21.523902109992463,20.979471
20.4,21.073129212694028,20.518974
20.4,21.09003208664661,20.412663
20.5,21.20027823598184,20.556824
20.4,20.908187264671326,20.477451
20.4,21.04991661573456,20.53654
20.6,21.138090701584677,20.556696
20.9,21.4127256465413,20.979265
20.6,21.03444805144905,20.547384
20.5,21.026463586943855,20.520733
20.9,21.264448612312698,20.893122
20.9,21.352223106970264,20.895672
20.7,21.253558260588736,20.779167
20.8,21.229078539793438,20.78618
20.4,20.904215979501142,20.483149
20.5,21.041263728499683,20.572598
21.0,21.60265234522386,21.021442
20.8,21.381989330605094,20.865162
21.0,21.385486859564512,20.858528
21.0,21.5081947278903,20.965473
21.0,21.413747364916468,20.859774
21.1,21.655930491576235,21.055672
20.9,21.31574989333705,20.920914
20.8,21.338223786668653,20.904285
21.0,21.441919654966092,20.997156
21.1,21.629656844252967,21.155252
21.1,21.51279935597842,21.059534
21.4,21.868221548447767,21.491192
21.6,21.98835249478101,21.556896
21.8,22.335885113729358,21.88279
21.8,22.199872422980487,21.913576
22.3,22.497608113424032,22.245834
22.2,22.381923440056028,22.07659
22.5,22.694961314832184,22.470612
22.8,23.10348286013375,22.765703
22.5,22.733489118708835,22.456644
22.5,22.74860212283275,22.523182
22.6,22.801698935489924,22.514963
22.3,22.618310477798467,22.301395
22.5,22.578728939130418,22.52506
22.4,22.704727977385428,22.351086
22.3,22.439077883874354,22.29774
22.6,22.468812050538084,22.583902
22.1,21.99045940585382,22.002687
21.5,21.450470156535143,21.500898
21.0,20.997877316874355,21.097752
20.9,20.897924712900554,21.073914
20.6,20.565710329921043,20.544107
20.7,20.73312214641712,20.606216
21.4,21.467580913669654,21.576014
22.1,22.106471228465367,22.04137
24.1,23.84630907824525,24.057476
26.5,26.011712527336215,26.452541
27.5,26.599522069774302,27.520405
27.9,26.434700188349012,27.794832
28.8,27.247316401982083,28.939465
29.5,27.642882060838897,29.404428
29.2,27.457360931273726,29.388182
25.3,24.897450879619093,25.222433
24.5,24.42523540440853,24.627048
27.2,26.566089825848593,26.95346
27.1,26.197770437757356,26.868132
26.4,25.347929248792077,26.277925
25.6,24.880091847457123,25.584572
24.9,24.3626388076202,24.784288
24.2,23.888007709913463,24.211462
23.4,23.144984581365076,23.339716
22.7,22.67168701190855,22.669933
22.2,22.21263888416203,22.18627
21.8,21.90861375767671,21.912418
21.5,21.671873737204834,21.552994
21.4,21.707242438874758,21.551825
20.8,20.86573992168921,20.800335
21.7,21.806823918304005,21.62481
22.1,22.30976273395391,22.182693
23.9,24.016519966105257,23.80863
24.8,24.69538926617683,24.845814
25.2,25.06540651558416,25.103762
25.7,25.741242120111096,26.031887
26.2,26.052955674882234,26.283504
26.6,26.137223173174597,26.619205
26.5,25.99301634429648,26.392954
26.2,25.962924118642082,26.421741
25.9,25.674964009427484,26.093224
25.9,25.703243094711766,25.939144
25.6,25.61599026285861,25.75719
25.0,25.01315868386304,25.146542
24.3,24.08089596132389,24.235125
23.8,23.582259990487795,23.737545
22.7,22.752256402800644,22.739168
22.1,22.117038436658948,22.0746
21.4,21.50124721370577,21.443422
20.6,20.81008867691233,20.606348
20.2,20.505394021821758,20.370323
19.9,20.302556195089092,19.838287
19.6,19.968902023972106,19.679564
19.8,20.078463183650918,19.634907
23.6,23.618870345986316,23.661798
25.3,25.22533330002565,25.243128
26.9,26.581594658294662,26.672852
26.1,25.827958782963293,25.981375
27.1,26.673781643819385,26.80207
28.0,27.490613221021256,27.981892
25.6,25.76874712806643,25.853382
25.4,25.494311741876906,25.681467
25.0,24.94982835351641,25.076616
25.2,25.255450311027055,25.076975
27.0,26.668147203037442,26.726498
26.3,26.359224968251127,26.394264
25.7,25.70899830500143,25.680647
25.4,25.41919783218212,25.523062
24.9,24.982200917180418,25.018858
24.2,24.337754932493162,24.237555
23.8,23.85878001242312,23.889086
23.9,24.00154021631633,23.965868
24.0,24.121221964242665,24.036074
23.8,23.918942800568907,23.888725
23.6,23.916183627256107,23.745193
23.8,24.015614879419523,24.015408
24.1,24.135818913158175,24.035892
23.7,24.12104099249281,23.693077
24.7,24.979014965357297,24.737503
26.5,26.56676936548365,26.348804
27.6,27.34237254188139,27.835165
28.9,28.277266816672075,28.795391
29.0,27.991192881515673,29.285109
28.4,27.828515252349614,28.440151
28.9,28.477169353904635,29.175077
28.8,28.30941785411936,29.00644
28.9,28.311665727860913,28.69493
28.3,27.864323812415627,28.209976
27.9,27.573430757180308,27.972893
27.4,27.31197524810126,27.336012
27.2,27.3417694049144,27.321272
26.8,26.92149932007854,26.840971
22.8,22.703872500638376,22.670597
23.1,22.928380249200867,23.44591
24.2,23.984986178696445,24.358465
24.0,23.881607604781667,24.050337
24.4,24.103004584670764,24.470154
24.8,24.73003606029378,24.683865
25.2,25.14954952254619,25.260305
23.4,23.70613799938801,23.527773
24.2,24.198798912403383,24.120691
23.6,23.854194685907558,23.79745
24.0,24.043185296217185,23.971659
24.2,24.352105151277534,23.96777
24.5,24.433397074575954,24.04725
24.6,24.599744755146663,24.81162
24.3,24.324248996364968,24.28067
24.7,24.816404095763854,24.72606
24.6,24.57596213112603,24.490335
24.8,24.802879661982256,24.960772
25.9,25.597850691308086,25.890429
26.3,25.902908970707983,26.403378
25.7,25.70516599812948,25.792273
27.2,26.197434044595298,27.009645
26.4,25.701319226922934,26.405745
25.7,25.169215654036208,25.728737
25.0,24.362636469371374,24.79054
24.0,23.616519546567243,24.133907
23.6,23.24464102301694,23.852943
23.1,22.75584115599844,23.067844
22.7,22.352758824012493,22.736258
22.4,22.134845596711834,22.389246
23.6,23.197670653656814,23.731873
23.9,23.586727938477978,23.749048
23.2,23.43019090722285,23.31702
22.8,23.098352416382863,22.670631
22.8,23.130361560295587,22.804266
22.5,22.82543049560193,22.470922
22.2,22.507119853034272,22.26673
22.0,22.27460745502248,21.992565
21.9,22.189869733540593,21.89828
21.8,22.09676569930299,21.800678
21.8,22.122467257437034,21.716002
21.8,22.238701886745588,21.758797
21.8,22.26961431259698,21.758507
22.1,22.508547706994687,22.073824
22.0,22.358397081257497,22.053036
22.2,22.687437585957746,22.226412
22.2,22.65452226715756,22.233173
22.3,22.613437143748076,22.275677
22.3,22.541155592605993,22.314146
22.5,22.733454161551347,22.400873
22.6,22.8861441198867,22.45043
22.6,22.988913127010967,22.676085
22.7,23.099616502659487,22.798662
23.1,23.45138346451574,23.097462
22.3,23.060004390236195,22.268553
21.1,21.567093667827535,21.016441
18.9,19.40208226751506,18.818007
21.0,21.834879344041006,20.971996
21.2,21.597332937400854,21.1923
21.4,21.939447800709086,21.30331
18.2,18.815661462231784,18.230724
18.5,18.70910345489992,18.489744
20.0,20.693202835090815,19.986454
18.3,18.447174248531915,18.248604
17.9,18.05971603136269,17.962801
18.1,18.301648188993788,18.156546
20.3,20.629047081094825,20.194023
21.1,21.366757168115356,21.17811
20.3,20.430373812526767,20.043379
20.0,20.184479377857233,19.891994
20.7,20.936950549453563,20.66259
21.1,21.42659605821815,21.10363
21.4,21.540172596884357,21.229515
21.8,22.000128390392884,21.732662
21.9,22.16900039145175,21.918892
21.8,22.049520920604508,21.888226
21.8,21.982759980407614,21.855978
21.9,21.905740993813726,21.778744
21.4,21.299616294313797,21.387438
21.4,21.315544562215187,21.518766
21.4,21.249979763314307,21.346634
21.3,21.136953924305395,21.407892
21.1,20.805926318630988,20.94615
20.8,20.580759225723664,20.707392
20.6,20.301759504329613,20.54619
20.0,19.766426059299384,19.930983
20.3,20.121946535342286,20.18028
19.2,18.989948658682458,19.109816
19.3,19.11237301112203,19.064247
20.1,19.77647782227615,19.7466
20.4,20.18970253540695,20.518396
22.4,21.98774133207472,22.483835
24.5,23.820807852262618,24.591177
26.1,25.069592556575415,25.911633
26.5,25.361297461341962,26.242743
26.4,25.264443804203538,26.08076
27.0,25.80365379165255,27.014812
27.3,26.255962899019416,27.239092
27.5,26.274218315730423,27.271372
27.1,26.031049985398433,27.060234
26.4,25.46251894273846,26.399923
25.8,25.122270958986608,25.75891
24.5,23.885627259621213,24.46564
23.8,23.371962753411164,23.649258
23.1,22.772944345672343,22.947212
22.7,22.382100259013757,22.69001
22.4,22.15722767963914,22.410103
22.0,21.801726068029748,22.079865
21.6,21.45303562272991,21.590847
21.6,21.49943106839074,21.590809
21.1,21.05152760614947,21.184452
20.9,20.893491449195007,21.104483
21.3,21.364910012664698,21.423342
20.7,21.094539686792363,20.632496
18.8,18.64669966543725,18.69651
20.0,20.356963637979312,19.837816
22.8,23.062755358011433,23.08139
24.7,24.60102999443248,24.6703
25.8,24.74569850129236,26.094679
26.3,25.119637288168057,26.26639
26.0,24.995912155006472,25.983984
25.5,24.725799819834016,25.565065
24.3,23.538647188616892,24.344652
23.5,22.84840009679924,23.515867
22.9,22.32680231821933,22.55526
22.3,21.7569111183876,22.209452
21.5,20.87492031044158,21.11652
20.6,20.23497897154338,20.634699
20.7,20.17023106319855,20.63075
20.1,19.683791664819637,19.912498
19.4,19.100968085442815,19.420692
18.8,18.403609431284277,18.910593
18.3,17.9564957321893,18.337852
19.9,19.49955745916412,19.749105
21.4,20.959201159333116,21.595266
20.6,20.33653888259866,20.477676
20.6,20.487315375882552,20.56203
20.8,20.52353379780494,20.829845
20.9,20.66334731006537,20.84677
21.8,21.33585040910791,22.023472
22.3,21.566960734193376,22.29629
22.4,21.818576210624787,22.597424
22.5,21.890422769032902,22.71332
22.4,21.793210201866298,22.511915
22.2,21.640815630181933,22.143505
22.1,21.464293227517746,22.015394
22.0,21.446346294089984,21.875465
22.1,21.269026554352653,22.009947
21.7,21.058726629504154,21.807266
21.5,20.77615445504889,21.443687
21.4,20.775820236869727,21.445782
21.1,20.515553764691834,21.074228
20.7,20.153117360294054,20.772667
20.7,20.272662615179208,20.77084
20.6,20.035378241213078,20.282967
20.7,20.274099240884333,20.690176
21.1,20.759608178455228,21.254477
22.1,21.53635345178697,22.256203
22.6,22.17367159597427,22.69748
23.2,22.829632381655205,23.318027
23.9,23.411975987895747,23.795694
24.5,23.944940236079947,24.459738
25.6,25.054545443542672,25.672356
26.8,25.930889122829207,26.654963
26.4,26.01465900745783,26.414934
28.0,26.914897384318166,28.049213
27.9,27.00779546758038,27.490585
27.5,26.765281916923904,27.15525
26.9,26.315917603337965,26.835588
26.3,25.77109251149863,26.173075
25.9,25.41332446382443,25.935427
25.5,25.06510533442256,25.606077
25.1,24.796720919093325,25.239527
24.9,24.527451122254107,25.140287
24.7,24.379924536470007,24.669298
24.6,24.3773817297576,24.493135
24.2,24.135354386462268,24.27168
24.0,23.892457269632636,23.905622
23.9,23.90100102631228,23.981895
23.9,23.894697270500608,23.99701
24.1,24.086118920497047,24.09818
25.2,25.160444553967714,24.942879
26.2,26.122422911199692,26.213837
24.9,25.026096442180233,24.761528
26.6,26.618006457008015,26.469078
26.9,26.880891621350944,26.828138
26.9,26.88033883037091,26.625368
26.0,26.146965121477802,25.87131
26.0,26.371252173674428,26.072927
25.9,26.443428354228274,26.05962
25.4,25.7861149051132,25.299065
24.7,25.23239462867796,24.5773
24.1,24.659520321999608,24.038883
23.5,24.13279310783554,23.455902
23.1,23.686637359939926,23.057442
23.4,23.59370141159493,23.392632
23.5,23.80500813648022,23.49881
23.4,23.554487365083073,23.414919
23.3,23.673926788001957,23.397263
23.2,23.602276167752198,23.296541
22.8,23.117694998951425,22.667992
22.8,23.123394762521723,22.852844
22.5,22.905576876836736,22.541105
22.6,23.010619361930623,22.64308
22.6,23.042812778975218,22.644228
22.4,22.719407571779758,22.268291
22.5,22.856125025175587,22.476238
22.5,22.84038042979774,22.645712
22.6,22.9664204627756,22.58895
22.7,22.9726031690948,22.58895
22.5,22.86286154345885,22.381002
22.3,22.65488375036511,22.230995
22.0,22.41674236055093,22.029703
22.1,22.546264335951253,22.13213
22.0,22.439556668783762,21.919088
22.1,22.431152173759685,22.181656
22.0,22.34173474264668,21.883318
21.8,22.22243670922095,21.845001
21.8,22.164347101946685,21.899391
21.8,22.330682286236446,21.98569
21.9,22.41424032197236,21.945343
21.9,22.247269108082083,21.848211
22.2,22.574896001831696,22.106455
22.4,22.921317609436972,22.450598
22.6,23.132882381800073,22.494278
22.2,22.639193956785004,22.264662
22.0,22.290199780552033,21.94702
22.2,22.625812799757963,22.186487
22.6,23.006991746778365,22.494379
22.8,23.262061328188093,22.70581
22.7,23.14530650683203,22.72699
23.2,23.72071762674549,23.397095
23.2,23.61930403537715,23.297562
23.4,23.842343180064788,23.348623
23.9,24.423166517522574,23.984457
23.7,24.21233047023083,23.56266
24.4,24.90740315794531,24.426044
24.5,24.917886059302408,24.426044
26.0,26.349203016194565,26.12869
25.6,25.879924635893406,25.440636
26.7,26.912360413327278,26.592915
26.7,27.08360354253083,26.71027
27.3,27.726536678657745,27.203848
28.0,28.404002902278048,28.333433
27.7,28.155976861689904,27.593678
27.0,27.40909288111296,26.818804
26.7,27.17214197950794,26.780298
26.2,26.621588622065744,26.379375
26.0,26.464615501478605,26.073345
26.2,26.71274397877186,26.23612
26.3,26.77849007123976,26.0352
26.3,26.90912733287379,26.3409
26.7,27.326450671555836,26.855053
27.6,28.14307702942946,27.343884
29.8,30.246201930425112,29.040422
31.2,31.61316924687221,30.119959
33.2,33.08088651570849,31.196512
34.6,34.089401316874174,32.713737
35.7,34.674532120136796,33.181026
36.6,35.1107664850464,34.49033
36.8,34.71209400334992,35.37244
37.0,35.42264713433201,34.27665
36.8,35.2279533120079,34.620586
35.5,34.47341071415715,33.597492
34.9,34.192447205340976,33.020184
33.7,33.380064266543386,32.326424
33.1,32.94753247848616,31.414253
32.5,32.66357397730431,30.966925
31.7,32.03739510195084,30.497108
31.2,31.384199114722755,30.13751
30.9,31.09532482588734,30.248104
30.5,30.88439825325006,30.189072
29.4,29.98019622399309,28.743242
28.9,29.557691151261494,28.725159
28.7,29.39827157196111,28.284702
29.0,29.62347631229719,29.095129
29.8,30.3413825520664,29.437714
31.3,31.461368704594975,31.100986
33.1,32.81524295657212,32.398743
34.6,33.99846818811963,33.257233
34.7,34.05442609385097,33.20475
35.9,34.79995507098995,34.235775
37.4,35.69634791425964,35.444237
37.6,35.95024914475828,35.391876
37.5,35.98203580665902,35.396538
37.1,35.54439303378825,35.004234
36.2,35.17410143278967,33.691906
35.3,34.583899671059925,33.539516
26.5,26.96815266390715,26.378546
28.6,28.839420238181518,28.7785
24.5,25.029162700170872,24.512625
23.9,24.466009169976154,23.833773
23.3,23.80371909083711,23.258095
23.1,23.738589272975442,23.164175
22.9,23.499383857196403,22.998892
22.9,23.41734804607434,22.926085
22.4,22.977490252677686,22.445984
22.1,22.685076935846485,22.108963
21.8,22.254172664532522,21.72938
21.8,22.38407964043979,21.853056
21.8,22.278444656731583,21.728603
21.5,22.12794035196231,21.68057
21.9,22.495919902587598,21.948263
22.1,22.47627869615658,21.921017
22.4,22.94599261822915,22.441273
22.3,22.77668565779823,22.160458
22.1,22.652349546965493,22.125504
22.0,22.40497861093637,21.887014
22.4,22.85227391935475,22.269835
22.7,23.199461512139084,22.735281
22.4,22.849864699585,22.269653
22.4,22.94867474867435,22.437887
22.2,22.71039498375385,22.21296
22.2,22.704551635846823,22.256664
22.3,22.815905715485606,22.394867
22.4,22.918542156439525,22.46329
22.2,22.768589745229516,22.248156
22.3,22.760823513647395,22.248156
22.4,22.889473085205793,22.313402
22.7,23.100571792408587,22.604544
23.0,23.439026487945288,22.917429
22.9,23.289572539919185,22.953468
22.5,22.997939288238346,22.543974
22.6,23.166051170727542,22.60875
22.4,22.825246425566565,22.396685
22.3,22.720017632212777,22.167637
22.6,23.136478661934568,22.602737
22.4,22.8606687586706,22.514326
21.9,22.2690414256569,21.84738
21.6,21.938328393243975,21.60018
21.6,21.86063972805867,21.542383
21.7,21.958911246431725,21.67289
21.8,22.13185683430694,21.856407
21.4,21.767831977841368,21.487507
21.6,21.754385628712452,21.525082
21.1,21.362561536726105,21.069807
20.9,21.17748141934831,20.840452
20.6,20.78773198339627,20.715902
20.6,20.805643041059174,20.52941
20.8,21.1235822224149,20.900988
20.4,20.662475472121766,20.314466
21.0,21.331053291947352,20.918743
21.6,21.978187685505223,21.648552
21.2,21.345127571585945,21.180653
20.5,20.674025381433307,20.429947
20.5,20.54251874228204,20.381529
19.9,20.0123867562404,19.948793
19.6,19.611198221619137,19.628405
19.3,19.28451618394412,19.336943
19.3,19.327427536034676,19.34867
19.2,19.16226342061681,19.230093
19.4,19.38591475776064,19.345156
19.4,19.391077149513603,19.346115
19.8,19.746415151945673,19.734468
20.0,19.90372898317111,20.02341
20.6,20.52270112145009,20.482254
20.6,20.564857198302242,20.61466
20.6,20.47228595062708,20.503016
20.5,20.47369724307427,20.511005
20.6,20.545297457287642,20.678337
20.9,20.86854151460288,20.90073
20.9,20.956790834563876,21.06332
21.0,21.07381375329273,21.141504
20.9,20.938221128916943,21.018324
21.0,21.070711457224856,21.077461
20.9,20.955343623041706,21.018324
20.6,20.571219719690536,20.542145
20.5,20.35845304987174,20.386347
20.6,20.41377760854101,20.509634
20.3,20.088032664121588,20.066732
21.0,20.7606530953557,21.036613
21.5,21.266341171917407,21.462824
21.6,21.349585286672518,21.811087
21.7,21.461168967792382,21.761477
21.7,21.42599009196755,21.469736
21.8,21.408763036522913,21.723745
21.9,21.651082166718624,22.023138
22.1,21.83363924107758,22.121536
22.2,21.755345459021417,22.121872
22.4,22.13313170120603,22.486626
22.4,22.078378516104745,22.494072
22.7,22.349834755860435,22.60004
22.6,22.059237027269475,22.492464
22.6,22.21859253766201,22.52481
22.6,22.206014046406978,22.590303
22.6,22.19369003561103,22.582047
22.7,22.300032480007765,22.696203
22.9,22.382789079866892,22.815033
22.8,22.20972041619227,22.794764
22.2,21.690175047187527,22.179214
21.3,20.984100080533633,21.317074
20.8,20.53477972245543,20.739477
21.0,20.781171587180367,20.919239
20.1,19.893204118228734,19.956512
20.5,20.37551452280563,20.494865
22.4,21.994638613456306,22.311848
23.4,22.96914220145896,23.192688
24.8,24.39198841791839,25.038687
25.8,25.28087054854231,25.929165
27.3,26.549738003653424,27.15258
27.4,26.88447123691133,27.642416
27.8,27.106870575788392,27.49827
24.9,25.087796436854486,24.804474
24.8,24.727972706959925,24.8496
22.8,23.05408540817337,22.717619
22.2,22.401515686663465,22.310942
21.8,22.073381143962642,21.803995
21.3,21.481451929970895,21.421778
21.3,21.438868135109114,21.297726
21.3,21.29871036282421,21.333618
21.1,21.207719300262784,20.999504
20.3,20.349143027832703,20.097284
19.9,20.034477972614116,19.977272
19.5,19.51878069905772,19.301033
19.1,19.07312195637106,18.920322
19.0,18.96341323135578,18.883795
18.3,18.158280497434543,18.258362
18.1,17.960583527606545,17.94978
16.4,16.307038698865117,16.27956
16.3,16.20304592759984,16.430569
16.9,16.812265849310425,16.98501
17.7,17.66496986252298,17.70308
19.5,19.384831303595362,19.500328
18.9,18.759785738434207,19.008345
19.0,18.86309556806845,19.010803
19.4,19.32176602084913,19.576979
18.7,18.573054213997548,18.645567
18.7,18.633194993620826,18.703434
18.5,18.512872198873943,18.581272
18.3,18.089177112004474,18.216286
18.3,18.240655825599458,18.215002
18.4,18.203165326764882,18.413704
18.5,18.233284989225226,18.446405
18.3,18.293165080368603,18.37948
18.3,18.106350220286416,18.214699
18.5,18.4119778614314,18.265274
19.0,18.99603841903219,19.119797
19.5,19.500819878358545,19.44902
19.5,19.54420801457475,19.561537
19.5,19.512450036195872,19.571604
19.5,19.462335167424683,19.602137
18.9,18.849302685695022,18.901499
19.7,19.5422917318945,19.768337
19.2,18.975107298603387,19.026344
19.7,19.512210383723765,19.865837
20.1,19.75683754316011,20.27005
20.5,20.14096220476281,20.743881
20.3,19.99739759134902,20.385689
20.4,20.07437341785435,20.4716
20.3,20.20102443452504,20.582249
20.6,20.273921746424822,20.587582
20.6,20.246528916515,20.27968
20.9,20.73361497706362,21.033401
20.7,20.47675226537766,20.579414
20.8,20.653326306529774,20.715752
20.9,20.761185303554097,20.933903
21.0,20.939713820197415,21.079908
21.1,21.03471583385423,21.294434
20.7,20.564019618285094,20.593672
21.1,20.86580671811609,21.11166
21.6,21.301721385418425,21.81818
20.8,20.396863600897298,21.00923
19.8,19.457518729195787,19.790281
19.2,18.84650825540676,19.509403
18.7,18.388340580753916,18.682253
18.3,18.043260926370472,18.038803
19.4,19.05578525579969,19.510551
20.3,19.941971206848724,20.582952
21.1,20.681223046852928,20.935053
21.9,21.575239053922253,22.141226
23.7,23.228322046946094,23.924913
23.4,23.044263109073103,23.57376
23.1,22.87199864751191,23.160458
23.8,23.636593991566425,24.057293
23.4,23.257220424463405,23.355186
24.1,23.944950453876835,24.055109
24.4,24.284505090122593,24.464613
24.2,23.928450046734504,24.200537
23.6,23.68360298319597,23.737246
23.7,23.56972624985434,23.719465
23.5,23.68624185947572,23.547094
24.8,24.1381814551928,24.669907
24.5,24.030844635738333,24.400303
24.3,23.827797002925454,24.194574
23.8,23.374193289291963,23.798317
23.1,22.753518131006896,23.103378
23.1,22.590113458983815,23.081821
22.3,22.01727530439574,22.318869
22.0,21.77093107768763,21.902756
21.7,21.428299092171905,21.584898
21.6,21.259600515377645,21.468744
23.8,23.430650767206046,23.907887
25.4,24.65736413322022,25.376495
26.5,25.730479454838978,26.613865
27.5,26.411192357337864,27.457378
28.2,26.867201455412264,28.037086
29.6,27.780995995061666,29.490362
29.7,27.90798110865351,29.891485
30.5,28.6480611936641,30.575117
30.2,28.276322901988152,30.159931
29.8,27.882383457877573,29.903233
29.0,27.079348182435723,29.135366
28.3,26.726643580780802,28.548304
27.2,25.978759013010034,27.26002
26.9,26.00041456714844,26.809134
26.3,25.357440144997625,26.197712
26.3,25.421110392021436,26.286428
25.4,24.43062734078468,25.309053
25.4,24.51653582079024,25.479
24.9,23.971594929968145,24.877457
24.7,23.747393985100505,24.531836
24.3,23.52336031130312,24.357363
23.3,22.710889842604896,23.424015
22.9,22.508019623943547,22.935562
23.6,23.4473656853474,23.74311
24.6,24.51662574420727,24.52357
26.8,26.43142271619558,26.698212
29.1,27.93502672681958,29.145689
30.7,29.15956048854835,30.585814
32.0,29.93237894771072,32.341465
32.8,30.39004394908341,32.985523
33.1,30.699234439179694,33.43143
33.0,30.57282130523991,32.91758
32.0,29.84905924955457,31.620766
31.1,29.544944550979892,30.786512
30.0,28.949725179974678,29.912113
29.5,28.730566483302116,29.443192
29.1,28.35571517810578,28.828362
28.7,28.159980667226368,28.58302
28.0,27.631714426021436,28.05119
26.9,26.67221499859353,26.920261
26.2,26.186958514190465,26.172583
25.4,25.548063995893788,25.408604
24.4,24.567381577897983,24.465681
24.4,24.652723336482268,24.277054
24.8,24.957806819457907,24.57792
25.6,25.84595065254686,25.511316
27.0,27.188264506821483,27.233105
28.8,28.708464332899403,29.084839
29.3,29.052719913307747,29.338348
27.9,28.07921601829291,27.821815
29.2,29.178372799426292,29.39626
31.4,30.580323783608925,31.51156
31.9,30.85462075809062,32.067715
32.2,31.226130236169418,32.147194
31.8,30.772946917804852,31.827595
31.7,30.676293917613286,31.772457
31.3,30.70931866472798,31.280748
31.1,30.444014697586795,30.850487
30.1,29.705515390823187,30.391146
29.6,29.45314040633339,29.757755
29.1,28.94211033648994,29.323528
28.5,28.32711983664764,28.724846
28.2,28.18922849144515,28.46064
28.1,27.903940572606714,27.822054
27.6,27.56017085068052,27.633467
27.3,27.350255462273957,27.42419
26.4,26.321697576646454,26.493624
26.0,26.017642738668386,25.983633
26.2,26.200180356937487,26.25125
27.1,26.780823525083605,27.0204
29.0,28.51939120241547,29.158997
30.4,29.52749742847803,30.11321
28.8,28.180764726888423,28.780365
30.2,29.268407083058957,30.011623
31.3,30.204170528704513,31.461185
31.7,30.49245463778776,31.731285
31.7,30.21093637392442,31.41075
30.3,29.104298185772333,30.114481
29.9,28.935061955251726,30.052866
29.7,28.800312067532225,29.72773
29.5,28.866092274159666,29.75694
29.0,28.465409225622,28.779604
29.0,28.488543652546912,28.83231
27.8,27.493346070196935,27.718647
26.5,26.45067782293286,26.572853
25.9,26.375538769635284,25.771877
25.2,25.77017089713186,25.140188
25.1,25.53010327154832,25.063412
25.4,25.753043130603817,25.251879
25.5,26.372113408245568,25.689049
23.1,23.321224782330393,23.16006
23.3,23.580331264385567,23.412949
21.8,22.207745894014046,21.8523
23.2,23.479032558001627,23.069662
25.3,25.432767358386997,25.374115
25.4,25.80674391695989,25.376
26.1,26.278290140306655,26.177229
26.9,26.486747223198385,26.856075
26.6,26.20267171292895,26.610613
26.6,26.31906447437287,26.555178
25.0,25.082972590966932,25.440386
22.3,22.523319530317846,22.32453
22.0,22.451266929556937,22.123262
22.2,22.449794740569402,22.124432
22.1,22.56191011203061,22.214966
22.3,22.64262839887749,22.306301
22.1,22.578428024245834,22.18289
22.3,22.81170618964444,22.279953
21.6,22.36712296325877,21.656399
19.9,20.35017710472342,20.045227
20.3,20.756744637678114,20.406658
20.1,20.47050749835887,20.004766
19.7,20.170135883291014,19.746796
19.7,20.195778717961637,19.738218
19.1,19.39721803211895,19.223095
18.7,19.075650615461207,18.572243
18.8,19.17829170844221,18.884634
18.4,18.742752846989095,18.433643
18.8,19.223899279483764,18.865305
18.9,19.19896060721164,18.866264
19.2,19.58370713630929,19.199394
19.4,19.665292564687576,19.308985
19.5,19.758757147923184,19.300095
19.5,19.684527836451505,19.380663
19.4,19.625306224089588,19.392763
19.6,19.654978290939397,19.571287
19.6,19.737245989125537,19.65081
19.6,19.926401246044595,19.620436
17.9,18.18110501807738,17.696598
17.4,17.63691798706771,17.412384
17.9,18.08378307552537,17.617687
16.9,17.176510977929272,16.857967
17.3,17.728455077981796,17.310884
16.9,17.053381476552172,16.868963
16.9,17.06927876433172,16.868963
17.3,17.412444541551952,17.298096
16.8,17.137097317704853,16.743221
16.9,17.35105357933864,17.136114
18.3,18.60535868642482,18.387453
18.2,18.748710756058543,17.961924
18.6,18.93698170782532,18.49805
19.2,19.405211769123618,19.059963
19.1,19.505862675278635,19.264502
19.1,19.4068699355846,19.054203
19.1,19.49510200649973,19.264502
19.0,19.2800151478519,18.967552
19.1,19.282339795930415,18.944124
18.8,19.083076630303488,18.53622
18.9,19.05169166236307,18.539227
18.9,19.066342127191778,18.784706
18.9,19.14912466368491,18.820274
18.9,19.030969099758522,18.864994
18.7,18.909458581660264,18.725994
18.7,18.8253921466224,18.631517
18.7,18.78217949500851,18.659918
18.5,18.623075772236778,18.261978
18.6,18.70931174422982,18.657879
18.9,19.009327879006406,18.927402
16.5,16.522810570844385,16.573397
16.9,16.969368367606755,16.98076
19.6,19.611260586603866,19.655626
19.7,19.76185521787007,19.782705
19.8,19.770323449718152,19.789408
20.1,20.1291332449661,20.025438
20.1,20.13353523343982,20.110226
19.9,19.87414187736678,19.787146
19.8,19.748411011825997,19.783514
19.6,19.61935180571299,19.61457
19.5,19.53255511314715,19.42207
19.5,19.568202021425304,19.511507
19.4,19.39881880297238,19.248526
19.3,19.298347411400353,19.23078
19.5,19.44010813734542,19.589293
19.6,19.575915969737952,19.388094
19.8,19.587655628638984,19.763256
19.7,19.706816433780723,19.389688
19.9,19.699395056622794,19.959362
19.7,19.54807335526856,19.664299
19.6,19.64909718745714,19.759499
17.7,17.737892629907257,17.77736
17.3,17.15459056910076,17.386086
17.4,17.266148573588936,17.490374
16.9,16.699879885260316,16.795368
17.9,17.916851629119773,18.204033
19.6,19.378463903857696,19.50476
20.5,20.532458034831272,20.66667
20.3,20.38525167186856,20.303585
20.7,20.725153574958295,20.652536
21.4,21.459934289176626,21.43973
21.7,21.80320689809681,21.732687
22.2,22.238193988315437,22.32347
22.6,22.39081964555039,22.611155
22.8,22.554208895532817,22.580511
22.6,22.37350667845844,22.512554
22.4,22.374425285129778,22.18495
22.5,22.534449136871793,22.448044
22.4,22.67126065797283,22.380354
22.4,22.581121201520766,22.468273
22.5,22.540695150203934,22.447134
22.5,22.309659410856597,22.293001
22.1,22.085456239893414,22.07313
21.7,21.77073076012387,21.705517
21.7,21.45644368086953,21.628954
21.7,21.413964274621947,21.596617
20.5,20.32411264875113,20.585619
16.8,16.931569641250537,16.642029
18.3,18.78093277844676,18.295553
18.6,18.777198717463918,18.687218
18.6,19.035900800318924,18.572565
19.2,19.49329763223017,19.277147
19.1,19.484078982276696,19.102844
19.2,19.57195007788567,19.22778
19.4,19.999940533419462,19.500628
18.4,18.82403397900592,18.514265
18.4,18.892680676291725,18.512587
18.5,18.935750258904886,18.46652
18.8,19.34729028892866,18.633993
18.1,18.68853970122373,18.053091
17.9,18.160503403238582,17.913687
18.6,19.072119832427745,18.66217
18.4,18.718233956402248,18.275167
17.3,17.635416756901126,17.33552
17.2,17.593831010872904,17.270235
17.1,17.22655974571794,17.167927
16.8,17.014346959045184,16.857388
16.1,16.210198897082016,16.131426
15.6,15.644936741462491,15.651914
15.2,15.222027677741977,14.994457
14.7,14.759402619833697,14.880254
14.5,14.43092378448901,14.434213
14.2,14.060361473491575,14.095099
14.6,14.63309793153078,14.808501
16.7,16.847667641389695,16.66543
16.8,16.876405098888785,16.792677
17.0,17.119015400034723,16.912048
17.1,17.286281304179028,16.943562
17.2,17.428282599000433,17.389425
18.1,18.349403569690033,18.247942
18.0,18.200464717596372,17.837517
18.5,18.801983027507518,18.63634
18.4,18.593134145125994,18.26584
18.5,18.636803582862353,18.430733
18.5,18.621930891308526,18.495316
18.5,18.573757151743965,18.430744
18.4,18.521170174247622,18.339157
18.2,18.272614069714614,18.205376
18.3,18.290908746528146,18.305857
18.4,18.392454571929893,18.502975
18.1,17.939133774716456,18.214245
17.1,16.987698274254587,16.846153
16.3,16.19778661184972,16.233675
16.3,16.294010233483103,16.348043
16.5,16.406577976135104,16.346792
16.9,16.999032506336672,16.903748
17.1,16.976842005691438,16.901482
17.5,17.526565578629988,17.49546
17.5,17.50550254002078,17.504713
18.0,17.914800922402147,18.103199
16.8,16.92583734924745,16.652319
16.9,17.043678158610938,17.048183
17.6,17.80645301341436,17.441467
17.9,18.140086308253387,17.835348
17.6,17.77013166703396,17.733543
17.9,18.065287045954936,18.213207
17.8,17.9959583302463,17.876276
17.6,17.805883751859813,17.764673
17.8,17.98499934742076,17.989878
17.6,17.66739138536513,17.52885
17.7,17.723315091136055,17.870478
17.7,17.741339870225985,17.763884
17.8,17.88946735737779,17.835545
17.7,17.733508797070005,17.484816
17.8,17.770666275306116,17.664173
17.9,17.818935184181957,17.661821
18.0,17.970617948042836,17.9064
18.0,17.859394841009316,17.9064
15.3,15.26848648939281,15.312648
15.4,15.242714019806833,15.47761
15.3,15.220787862558293,15.476442
17.5,17.440218794970033,17.703058
18.8,18.742208791194205,18.638588
18.7,18.541189723076705,18.573277
18.8,18.67626281725212,18.698767
18.9,18.79694269818903,18.696964
18.7,18.625106712005213,18.803093
19.3,19.241102677166467,19.273851
19.1,19.09481095980832,19.173723
19.2,19.111095678977012,19.1755
19.6,19.46528049856614,19.471416
19.4,19.458057541515068,19.572361
19.4,19.35345798189953,19.273819
19.1,19.014114040529403,19.042532
19.3,19.196481612794845,19.258085
19.4,19.25201600919399,19.258614
19.4,19.335436599370006,19.557156
19.3,19.01322982134335,19.110636
19.3,19.131741761515226,19.319338
19.5,19.39968580428727,19.495684
19.2,19.075113113628767,19.22892
18.7,18.635133046802775,18.83726
18.4,18.18097736338206,18.026327
18.1,17.95763171999407,18.431337
18.8,18.620624314740454,18.67709
20.1,19.790442425010404,20.114395
21.0,20.722707646902208,21.103796
21.7,21.166482149061263,21.803225
21.3,20.95616251915624,21.404657
20.9,20.74887793933254,21.258018
21.0,20.85870615190624,21.03164
21.8,21.738735673561276,21.927464
21.8,21.666148788531043,22.006165
22.0,21.713484076439325,22.023108
22.4,22.16976688959378,22.38463
21.7,21.483732837847942,21.757284
21.3,21.250511874118516,21.535177
21.3,21.239142959588953,21.385283
21.4,21.421091602188646,21.51428
21.4,21.32659790115805,21.382841
21.3,21.39364205301418,21.451763
21.2,20.82394906188712,21.146072
21.1,20.74226697914859,21.149313
20.8,20.476494264076464,20.776653
20.4,20.10719979018325,20.175625
20.2,19.928174507776838,20.259346
20.4,20.011734401435636,20.20284
19.9,19.694143956146373,19.81655
20.0,19.584127697658246,19.701382
20.5,20.109202319864153,20.534454
19.2,18.960551720631216,19.022652
19.7,19.533138325210178,19.725895
21.2,20.77953148628021,21.293474
22.1,21.609391445715076,21.96909
21.9,21.693134521356335,21.867558
20.9,21.046532611977337,20.8441
20.8,20.77126033919716,20.957975
21.8,21.38321188190646,21.740372
21.1,20.695291305350494,20.759653
20.7,20.599387606588472,20.840902
21.2,21.03818469456981,21.483229
20.9,20.62007702086382,20.759647
20.8,20.583912194023302,20.716127
20.0,20.019558206917356,20.084398
20.5,20.382009081338886,20.908718
19.8,19.8462498787715,19.801485
18.8,18.840485243390436,18.724476
19.1,19.029204483009874,19.12939
18.5,18.72194030808114,18.44257
16.7,16.90239473721298,16.747108
16.1,16.119450311706114,16.019978
16.3,16.176355824555905,16.188984
15.9,15.667134857617658,15.989381
17.1,17.205827127166323,17.142101
16.7,17.027711379287794,16.864101
17.7,17.997669328800065,17.724497
17.6,17.838583166542513,17.52008
18.7,18.91114582329806,18.254124
19.0,19.41507993997312,19.0465
18.4,18.775923596384626,18.413227
18.9,19.160524798416816,18.940252
18.9,19.07770679024675,18.925924
18.9,19.138106580126834,18.936718
18.9,19.12813282236973,18.93557
18.9,19.042039163652408,18.90541
19.0,19.204956626486315,18.931715
18.8,18.966122870508073,18.644676
18.8,19.03683060475916,19.009783
18.6,18.834472035181175,18.580542
18.6,18.620676596678866,18.441236
16.2,16.254117237778555,16.201761
15.7,15.63203248609241,15.599327
15.4,15.408052259977186,15.4331875
15.0,14.835175146660244,14.667875
15.5,15.411225856656458,15.442296
16.7,16.78521583879683,16.828772
18.2,18.271450470925732,18.350008
18.1,18.148623946530506,17.97591
18.3,18.42013708617485,18.215002
18.8,18.895064644604908,18.743156
18.7,18.82108003865823,18.636875
18.8,18.938466579550298,18.573282
18.6,18.578496357517963,18.510267
18.7,18.8027662323513,18.346264
18.7,18.83228869372926,18.702765
18.4,18.53723571566089,18.44231
18.2,18.282456231420408,18.257635
18.4,18.49581647254457,18.441162
18.3,18.363597429089996,18.21605
18.4,18.459337498168367,18.35465
18.4,18.53666358016239,18.427505
18.5,18.435645449176917,18.506428
18.5,18.374458181975633,18.506702
18.4,18.367318523459915,18.38173
18.0,18.01650568019518,18.217916
17.7,17.720754058891874,17.546152
17.6,17.617887437443517,17.36496
18.3,18.162183139311367,18.029629
17.6,17.59383773130658,17.76214
18.6,18.510110352621783,18.52849
16.5,16.6125735838884,16.719515
16.1,16.20017654368682,16.06945
16.9,16.89140924810649,16.886168
16.5,16.726169573991406,16.65858
17.1,17.354823470589835,16.94845
17.1,17.207599632315127,16.91207
17.0,17.371772323404567,17.08957
17.7,17.836041827830766,17.677597
18.8,19.011743459406336,18.848013
18.9,19.397489662526766,19.009787
19.2,19.416049981936123,19.163095
19.7,20.141949756623916,19.775507
20.8,21.069359449125535,20.731312
21.9,21.714583361461823,21.845606
21.3,21.23743729707823,21.490366
21.1,21.013511102142573,21.299648
20.8,20.447197126571627,20.59259
21.0,20.758752628321375,21.332085
20.2,19.986331987488875,20.129433
19.2,18.951997652380662,19.035173
19.1,18.868954412772247,19.121721
20.7,20.38674663757219,20.692505
21.1,20.784566103266496,21.420399
21.1,20.725560729023048,21.203928
22.9,22.490972710117376,22.889555
23.6,23.122548789732267,23.21526
25.6,24.964806423609154,25.589611
25.6,24.93928904360551,25.55067
24.9,24.491729355394796,24.773172
25.0,24.509716152595587,24.7767
24.8,24.33973146785769,24.965689
24.8,24.243915254440665,24.804895
24.2,23.847028791861376,24.050278
24.1,23.778097709104546,24.111027
23.6,23.22690677239374,23.677591
23.3,23.1167912760325,23.265865
23.2,23.138419954007496,23.266022
23.1,22.819464399370492,23.11553
21.9,21.939679972618926,21.991333
21.7,21.640121603402918,21.696278
22.6,22.43777155118799,22.617502
21.7,21.51731368336427,21.55101
21.5,21.38041200759037,21.516819
21.3,21.25202999506278,21.388224
21.8,21.446768887969533,21.804848
21.9,21.677075275440266,22.02088
21.6,21.530039092830872,21.518353
22.3,22.120415702320404,22.32897
22.1,21.962095878063977,21.951725
21.2,21.330533204421688,21.329884
22.0,22.21800153322775,21.950537
21.1,21.47179724035626,21.286337
20.8,20.952019519564477,20.710897
21.3,21.638173761153606,21.487059
21.5,21.642287274497782,21.490704
21.4,21.63109689706915,21.310253
22.0,22.31898070818089,22.031347
21.9,22.05483429001803,21.716093
22.8,22.853077141256378,22.595196
22.1,22.381714192439443,22.093676
22.0,22.11029751363167,21.958044
21.2,21.41830693582511,21.164824
21.6,21.778656092143546,21.610382
21.6,21.809423054880547,21.706663
21.6,21.61460772433072,21.606745
21.1,21.30283193758579,21.328629
21.4,21.40324000566224,21.36777
21.1,21.177810459098904,21.2982
21.5,21.441470005025163,21.516262
21.4,21.44286164543243,21.577156
20.9,21.001289458379173,21.032948
21.3,21.331356482169774,21.360947
21.8,21.847166417987843,21.79548
21.8,21.920853031531053,21.878471
21.5,21.669974576416653,21.514969
21.9,22.15096611398411,21.881092
22.0,22.28089723619403,22.08652
22.7,22.85246307849929,22.660654
22.3,22.595438237191576,22.250528
22.9,23.08519194608038,22.99437
24.3,23.99018073878674,24.17128
23.5,23.41648729132154,23.416708
22.9,23.09251942205192,22.822754
22.8,22.869997806861505,22.716452
22.8,22.729973647185595,22.956284
22.2,22.034189980009238,22.071733
21.6,21.445754080225438,21.47008
21.3,21.34708348290434,21.382763
20.8,20.822168941940365,20.968346
20.4,20.29990689066724,20.444998
20.2,20.290877294008546,20.324745
20.2,20.087936903961783,20.031693
20.1,20.154717381599273,20.092354
20.2,20.370123001350162,20.31519
20.2,20.30181243005297,20.108702
19.8,20.053159598357016,19.941387
20.4,20.630826535954675,20.488605
20.6,20.760502750455316,20.53572
21.6,21.76644129679992,21.552233
21.6,21.749762703183805,21.546589
21.6,21.7471700367332,21.554579
22.0,22.120837218594968,21.91664
21.4,21.66618982294756,21.403763
21.5,21.67251397264924,21.483566
21.8,22.01927762183716,21.861036
21.8,21.857820066301066,21.726524
21.3,21.183025087512316,21.48639
20.4,20.258794849904234,20.180027
20.0,19.89832988101731,19.931087
19.9,19.729817580692792,19.87286
18.8,18.80703446058428,18.716026
18.4,18.426358280549813,18.028648
18.1,18.145756350676685,17.96423
17.9,17.905588252148164,17.95233
17.8,17.77879030981981,17.84032
17.7,17.671587977557156,17.825842
18.1,18.197855405306814,18.215454
19.0,18.964936551088915,19.032806
19.7,19.69961194760475,19.628778
20.4,20.381402865013527,20.518013
20.5,20.582290517458347,20.444088
21.0,20.962073624622512,20.992844
21.7,21.7545657893972,21.661318
21.4,21.512921167315124,21.437143
21.2,21.276706109980076,21.176805
21.6,21.869293087376782,21.713427
21.3,21.50069512410671,21.231684
21.3,21.449190335299818,21.296955
21.2,21.325259092574786,21.096115
21.6,21.812778272369457,21.612087
21.5,21.69876123269027,21.558006
21.6,21.76443213884431,21.695063
21.5,21.606714359805423,21.615618
21.0,20.987562703778714,21.028149
21.2,21.395891859271767,21.387074
20.5,20.676845138480743,20.542145
20.7,20.80952030758709,20.609373
20.0,20.190662428608693,20.079811
19.6,19.689826456261073,19.67135
19.7,19.9486033984991,19.849974
19.8,20.03156474456004,19.921003
19.1,19.4055229321728,19.043896
18.8,18.895152107142366,18.841152
19.3,19.699890086206526,19.50893
20.1,20.383333913107545,19.987053
19.8,20.073641780832975,19.797132
20.2,20.553702482444137,20.04692
20.2,20.573793840525866,20.25336
20.3,20.594450967372087,20.21455
20.4,20.739184379961625,20.340279
20.5,20.90405305755886,20.522474
20.7,21.134098465142234,20.684465
21.1,21.563880312443548,21.057901
21.5,22.157989778727575,21.396255
20.7,21.07415298277298,20.734165
20.7,20.835700551638823,20.714943
20.3,20.55220407724288,20.318565
19.9,20.36329688469606,19.766125
19.8,20.24991332546573,19.797342
19.7,20.01444323366306,19.797342
19.8,20.075940830023406,19.769102
19.1,19.3436393786073,19.230516
19.1,19.35171480645619,18.969316
19.4,19.811483149096002,19.660995
19.3,19.47998484587366,19.261604
19.1,19.636774650918294,19.20839
18.4,18.740344294735685,18.449663
18.8,19.456065864017233,18.811472
19.6,20.058615101397763,19.63971
20.5,20.886392863413974,20.490004
20.6,20.976439129553203,20.5934
20.7,21.10402451731959,20.801346
20.8,21.35806799038431,20.896513
20.9,21.36165671778127,20.723795
20.9,21.44269025821116,20.870983
20.9,21.463205025205568,20.918615
20.8,21.205689838168773,20.900988
20.4,20.661043603010686,20.361526
19.8,20.071692050627348,19.746973
19.7,19.95526960819768,19.586113
19.3,19.770529476919084,19.35793
19.1,19.406136030691574,19.226728
19.1,19.20915731194414,18.898626
18.9,19.26522598140201,18.94744
18.8,19.15203824323593,18.842524
18.4,18.902489300674848,18.46795
18.2,18.479777158326684,18.41357
18.6,18.872778278190346,18.580177
18.7,18.96040744471289,18.666206
19.0,19.30868514633865,18.971231
19.2,19.348360053103942,18.970627
20.1,20.406751563589854,20.006163
19.6,19.860862072090168,19.662117
19.4,19.68386721954885,19.504183
19.2,19.658360078015836,19.297482
19.4,19.7917535951196,19.323368
18.8,19.266687338961734,18.888002
17.7,17.80226618249965,17.485142
18.4,18.56663192650179,18.25858
18.6,18.756281364423256,18.579027
19.0,19.233544864964063,18.94752
19.4,19.699266301092102,19.502953
19.6,19.83823804127754,19.527277
19.6,19.85079234633539,19.527277
19.7,19.862049182370633,19.527277
19.6,19.862135824855418,19.526894
19.8,20.07363384734864,19.798727
20.2,20.517241255018597,20.29056
20.2,20.49990024746178,20.04569
20.1,20.5019386917353,20.289412
19.9,20.215631673035265,19.958532
19.6,19.899289483378876,19.67635
19.2,19.342678529222212,19.101337
19.2,19.347882967749403,19.19702
19.5,19.682006964274418,19.645561
19.8,19.835221756530377,19.923101
19.5,19.580202827355375,19.593973
19.3,19.357546952604256,19.309237
19.4,19.484747237220745,19.51044
18.9,18.97254004805552,18.810139
18.7,18.726339458575545,18.68345
18.7,18.713557733705677,18.743025
19.7,19.73358300242886,19.776424
19.8,19.94046837364702,19.939524
21.3,21.32123991689276,21.38863
22.1,22.11174783697161,21.990902
22.0,22.04406995883216,21.913258
21.9,22.074435346289512,21.913258
22.8,22.91672215407711,22.949608
21.1,21.355651921836337,21.078732
23.1,23.190479356275553,23.187525
23.1,23.188264936266275,23.074652
23.7,23.666500008527716,23.716381
22.6,22.681682854475238,22.53519
23.8,23.691130681045156,23.946308
23.7,23.596389532468674,23.623775
24.1,23.834093432763755,24.071053
24.1,23.734937707836135,24.091572
23.4,23.04705538182328,23.492334
22.5,22.174653972043647,22.530817
22.8,22.416513308928568,22.849949
22.5,22.16324726922493,22.613176
22.2,21.75310483128001,22.178461
21.8,21.511943638541403,21.899954
21.1,20.90245138359935,21.28558
20.8,20.545106740577896,20.872461
21.7,21.449191584002868,21.658798
21.9,21.629830407334232,21.818995
21.5,21.248194090751692,21.484045
20.9,20.875105693858526,20.920267
21.8,21.797977479781363,21.897118
22.0,21.972871617276766,22.06631
23.4,23.227281040272384,23.53812
23.3,23.141348108006003,23.323221
22.9,22.68566979391834,22.9977
22.7,22.47189752684961,22.641937
22.6,22.324685024569646,22.57221
23.3,22.86343047103313,23.102417
23.2,22.854039894790244,23.279625
23.6,23.231838176572445,23.720776
23.3,22.966062350968897,23.37984
22.8,22.63555540579121,22.73262
22.4,22.2622756728538,22.433105
23.0,22.555352205890564,23.000267
23.1,22.778622422069237,23.09847
20.4,20.2975642140202,20.285896
20.3,20.145195917793032,20.205162
20.9,20.872435211288096,20.980572
21.9,21.728587172635596,21.857191
22.2,22.071529308325132,22.159496
22.8,22.71687007611216,22.611168
22.6,22.613606304387535,22.561432
22.5,22.49271729340492,22.445454
24.4,24.156581037945678,24.247133
25.3,24.902333540523372,25.439684
24.9,24.579851758866198,24.930597
24.7,24.415969772064454,24.63469
25.0,24.62430321042867,25.112377
24.2,23.774074152845753,24.09072
24.5,24.064077482370074,24.507114
24.2,23.78014700001002,24.249516
24.4,24.019407968747274,24.395664
24.0,23.623590190839742,23.943983
23.2,23.062231734156562,23.2889
24.9,24.20661448734574,24.793032
22.9,22.635057579993397,22.998001
24.2,23.48125464081694,24.214647
22.6,22.133121326646254,22.526093
22.9,22.416797571578165,22.873325
23.3,22.807639894324012,23.437729
24.2,23.558370654329384,24.289125
25.6,24.82234531615451,25.59306
25.0,24.352697698978954,24.778122
26.0,25.27368824529387,25.950666
27.3,26.243608364563528,27.310877
25.5,25.038963123684532,25.502705
25.6,25.08096255530625,25.507084
25.4,24.829095448127138,25.376356
25.3,24.76328837799236,25.283037
25.7,25.006199699160952,25.4909
25.8,25.136243457107522,25.859674
25.5,25.005026027550763,25.559507
24.3,23.90170206617207,24.21255
25.7,24.793621898712974,25.448439
26.8,25.663748388386015,26.736097
26.4,25.343396758914203,26.407173
26.0,25.132518019317402,26.181566
25.6,24.86544205548479,25.583508
25.0,24.203496774607395,24.864265
24.7,23.955392139390383,24.74126
24.2,23.620899777219755,24.296156
24.0,23.439296822579227,23.738436
23.8,23.284164168667402,23.649067
23.3,23.06437141194724,23.497465
23.6,23.109800075912474,23.517927
24.1,23.508013677057978,24.1063
25.1,24.55271410735632,25.216524
25.7,24.934845121445765,25.8628
26.7,25.80019279934418,26.614603
27.7,26.508789651968026,27.516663
29.2,27.485075967349132,29.226238
28.4,27.01735276953919,28.08818
27.8,26.579631736347075,27.726858
27.2,26.190592441000057,27.255743
26.8,25.56918186790276,26.988688
26.6,25.291354771729505,26.421066
26.2,25.055901080049267,26.15099
25.7,24.680279082713355,25.747326
24.8,24.08476947297813,24.875088
24.2,23.852586488890857,24.286587
23.6,23.33699241697217,23.532587
20.5,20.735720679104734,20.550322
20.9,20.87206294449517,20.93565
19.9,20.054250654217014,19.776617
19.9,20.37679603474587,20.054146
19.8,19.851015626369453,19.745163
19.6,19.681397610082676,19.550198
19.7,20.24017024732655,19.748074
20.0,20.366357233263404,20.090698
20.2,20.435823884801213,20.115862
20.1,20.41409649293898,20.132666
18.8,19.355179934448948,18.883959
18.5,18.71299825104213,18.422989
18.3,18.48628495166044,18.294563
18.3,18.551721900359297,18.12332
19.1,19.405791686565948,19.194633
21.4,21.287411075603703,21.192675
21.3,21.103027388838502,21.323343
21.5,21.30071736620036,21.582727
21.3,21.02641666671177,21.73434
20.7,20.51337203970177,20.921858
20.8,20.494475490231327,21.06958
19.7,19.560175207133963,19.634785
19.1,18.823851915095332,18.755959
18.5,18.181507975045168,18.520164
17.5,17.241732127220384,17.549622
16.4,16.190804077505394,16.521147
15.3,15.200787046976359,15.173082
14.7,14.654618270570182,14.549253
13.6,13.651268469870239,13.662452
12.9,12.8272652514636,12.692357
12.2,12.147444616153471,12.447974
13.2,13.062584962367954,13.297508
14.3,14.100940046194793,14.363476
14.9,14.807793832415534,14.749376
16.2,16.050612610467507,16.07673
16.1,16.177190576002833,16.47494
16.0,15.857238103401087,15.679288
13.0,13.007304222787738,12.977681
10.7,10.481955225164413,10.554044
10.7,10.269661379191113,10.416662
11.5,11.500552671719184,11.727123
10.2,10.04514147676431,10.481422
10.3,10.03049052605283,10.477039
10.3,10.149708690918935,10.516142
9.7,9.40512295156299,9.647265
9.4,9.139787739217173,9.295736
9.6,9.07901265379401,9.860681
9.6,9.186487516078422,9.86113
10.0,9.543335717855825,9.8839655
9.7,9.378692095237025,9.6242695
9.2,8.9045172470796,9.271543
8.9,8.461346127137261,8.892847
8.8,8.337928039236882,8.758484
8.5,7.996591373441216,8.38788
8.2,7.766217612953042,8.185832
9.0,8.576174368785669,9.086178
9.8,9.544530162986199,9.73558
10.6,10.653906830466301,10.621408
11.7,11.78982338065072,11.439413
12.6,12.899545120167843,12.680026
13.4,13.560377037654206,13.473616
13.9,14.148478557411273,14.090178
14.3,14.400002326758141,14.088358
14.4,14.615352754802874,14.215339
14.6,14.735542130736953,14.395981
14.2,14.46975160285453,14.193806
13.4,13.611333874602845,13.621584
12.8,13.11021344633431,12.671316
12.1,12.389550737402121,11.829706
11.3,11.472489628511244,11.316864
10.6,10.640438766240653,10.403518
10.1,9.990222463528081,10.046293
9.6,9.63254916233209,9.793016
9.3,9.149236624316675,9.320042
8.9,8.800387398790814,8.897918
9.2,9.171576776491069,9.311937
9.2,9.135689019476168,9.129385
9.2,9.097111061102535,9.128517
9.0,8.942260976078348,9.137351
9.2,9.010034933480895,9.292181
10.1,10.045710570656524,10.0420265
10.8,10.968015905473539,10.949157
11.8,12.009098053054977,11.906818
12.2,12.43726862469342,12.678822
11.7,11.952820741842416,11.771253
12.3,12.627727350931313,12.796024
12.4,12.683233285093646,12.68382
12.7,13.040659464024966,12.768821
12.7,12.951142992158662,12.768821
12.6,12.905229339361135,12.942182
12.4,12.652374863338359,12.791545
12.2,12.48780447284799,12.680552
12.1,12.343260344306739,12.26045
11.9,11.911235312083345,11.733284
11.4,11.442555598902882,11.289626
10.5,10.559867057774767,10.733805
10.0,10.018837044783574,9.728644
9.7,9.7852478130899,9.572039
9.1,9.156718747757594,9.272396
8.8,8.680499663862648,8.692458
9.3,9.296588346410488,9.369348
8.3,8.29260389930375,8.51249
7.8,8.137069796931758,7.8376465
8.7,9.086667587768606,8.708283
9.7,10.365045204791674,9.778928
11.2,11.807585637368376,11.184059
12.4,12.938753254113177,12.402485
12.9,13.317589020834397,12.642644
12.8,13.347053332045714,12.723438
13.6,13.996544327099816,13.431261
14.1,14.484149366228774,13.810039
13.9,14.201686411194032,13.775203
13.8,14.425988766684135,13.892013
13.3,13.918856062201797,13.305942
12.7,13.467511998598809,12.732284
12.3,13.095648849678945,12.101462
11.8,12.416748513023421,11.847521
11.3,11.869916734148674,11.652549
10.7,11.270959249830312,10.767947
10.5,10.989490826653405,10.582066
9.6,10.104425613475328,9.54304
9.1,9.476783400978885,9.201459
8.5,8.984728382639354,8.421212
8.0,8.339323184225375,8.018386
7.6,7.842745111541198,7.6338854
7.4,7.606084241366631,7.380237
7.5,7.808975366165626,7.6133432
7.8,8.05844725842854,7.895063
9.2,9.405811075042386,9.089829
11.6,12.086569724701167,11.663686
12.6,13.081269960373145,12.4337435
14.2,14.524562558822769,13.864434
14.7,15.092291269505875,15.111913
15.6,15.822213236960987,15.8772745
16.3,16.357897492374736,16.088196
16.6,16.58423595743287,16.601065
17.0,16.84023298026318,17.361727
16.6,16.67524520649036,16.400494
16.0,16.06008349144926,16.003717
15.4,15.56705575251068,15.249866
15.0,15.139380706923397,14.783208
14.2,14.324428659572085,13.939954
13.1,13.319016051671372,13.551313
12.4,12.527696756547755,11.916736
12.0,12.269399709439682,11.730212
11.5,11.713220261211635,11.417552
11.0,11.228748809157352,10.85083
10.6,10.78398265644456,10.328451
10.3,10.585542845998496,10.065105
9.9,10.225663073546972,9.84114
9.8,10.32125339205447,10.061103
10.3,10.780270343159582,10.444846
12.0,12.477355722868271,12.2284565
14.1,14.50112066992886,14.195592
16.3,16.378353858822674,16.236311
17.0,16.976482402986825,17.021704
16.4,16.50952119901224,16.608187
16.4,16.329252192387706,16.57507
15.7,15.699929526154229,15.95505
15.9,15.823174684029489,15.581116
15.9,15.842093119867705,16.013079
15.7,15.60850978088822,15.80978
16.0,16.14450420675946,16.180216
14.5,14.607888282036782,14.822112
14.0,13.778982943468879,13.828687
13.6,13.370140870207955,13.588159
13.9,13.94646205783992,13.828306
13.3,13.294801564301213,13.362648
12.8,12.52126967327656,12.863337
12.9,12.912445002560766,12.598745
12.7,12.582859085428254,12.585742
13.0,13.025217483033959,12.936849
13.8,13.642382916224953,13.826102
13.9,13.70662209730057,13.919135
14.4,14.356077609608214,14.295556
14.3,14.425289884471493,14.244434
13.8,13.873450996641754,13.976399
14.0,14.020641477670292,14.050475
14.4,14.543716795904572,14.443142
14.4,14.33443372157869,14.314653
14.8,14.77073036025697,14.85071
15.0,15.041303567171045,14.979901
14.9,14.9316314620812,14.979901
14.9,15.059160016130445,15.053932
14.9,14.956135656001123,15.036111
15.0,15.070325757917221,15.052973
15.0,15.063098596643318,15.074924
15.1,15.172112281138336,15.053932
15.2,15.41751372565875,15.084062
15.2,15.259394268068107,15.084062
15.5,15.47547821176883,15.556946
15.4,15.240435941027801,15.24261
15.4,15.302955102206443,15.413981
15.4,15.310941542673508,15.354461
15.0,14.87127102004094,15.06137
14.7,14.601055856747685,14.807131
14.6,14.4064803818945,14.638203
14.4,14.352814561308769,14.532307
14.4,14.161021139799573,14.34967
14.0,14.124610587283481,14.107215
14.2,14.096151131044365,14.154349
14.1,14.113939251418447,14.466044
14.2,14.344408967307874,14.134939
14.3,14.21900566679961,14.448668
14.5,14.566428285689383,14.38279
13.9,13.84048036806503,13.970814
13.9,13.85305603785293,13.921651
13.8,13.95921475987278,13.793142
14.6,14.587740811841456,14.509564
14.9,14.785433867593621,14.877849
15.0,15.283957521557948,15.148407
14.6,14.586314073703171,14.763069
14.0,14.02628736441332,14.047087
13.7,13.771204130343236,13.477583
13.7,13.586865892020182,13.777477
13.1,13.17050765536181,13.308688
13.1,13.277027203388926,13.320981
12.9,13.140056978368051,12.99536
13.2,13.394997338169993,13.414434
12.8,13.065433452705399,12.893777
13.0,13.160155489856624,13.028717
12.3,12.488168060037982,12.120691
11.8,11.698920087730457,11.743277
11.8,11.69749377057449,11.743277
12.2,11.991447484003128,12.290846
12.5,12.657463398600036,12.583371
12.8,12.81274295670989,12.9354105
13.0,13.1316487329359,13.262079
13.3,13.504072383988191,13.562652
12.7,12.7494344708556,12.863415
13.3,13.284937988433889,13.545386
13.7,13.67195160348178,13.8649235
13.9,13.89830380262541,13.892146
13.8,13.777129148216854,13.88997
13.6,13.644322243888496,13.57803
13.6,13.495912822494613,13.552983
13.6,13.462656448196928,13.550387
13.2,13.106746533869813,13.256367
13.2,13.116110566172487,13.57048
13.1,13.022801513622692,13.040203
11.4,11.069383300590406,11.38567
10.0,9.766383610175133,10.21664
9.2,8.706198256474497,9.167175
8.9,8.195994421238144,8.819486
8.6,7.949462769756369,8.656748
8.3,7.609539033819878,8.337937
7.9,7.429018656167052,7.7756996
8.9,8.30316556993684,9.07296
9.7,9.35396488223606,9.795358
11.2,10.994523294208857,10.7811365
11.8,11.668602869427964,11.630815
12.0,11.85280732854335,12.012059
12.5,12.46571963308233,12.478625
12.5,12.41158947786009,12.482093
13.1,13.205986795436253,12.876988
13.0,13.09289613943345,12.85449
13.0,13.08936471908375,13.006267
13.2,13.201805982233964,13.392051
13.1,12.936484725835527,12.855696
12.9,12.851052197423769,12.7619505
12.8,12.85284680183462,12.720782
12.1,11.978525997352598,12.106319
12.2,12.089875270532605,12.108537
12.5,12.350459296486143,12.481349
13.1,13.004231783891449,13.323349
12.5,12.27892201924693,12.370818
12.6,12.476576835044085,12.62708
12.7,12.702958578362036,12.924176
11.1,10.779229984694595,10.979233
10.5,10.199119032544491,10.279999
10.5,10.018695634016805,10.221478
10.3,9.915870527822559,10.62976
10.2,9.638121469201895,10.206834
11.0,10.571300171128907,10.839812
11.4,11.01642168656295,11.344787
11.6,11.320409872839207,11.483038
11.7,11.56548373987216,11.875542
12.0,11.731703709216887,11.967927
12.3,12.207798416756575,12.34996
12.3,12.05428532909924,12.154534
12.4,12.282488022934498,12.432655
12.2,12.18204605965473,12.0685835
12.1,12.08608727713342,12.0685835
11.8,11.743335663580812,11.717999
11.6,11.499471024373527,11.505654
11.1,10.832968608624444,10.965422
10.7,10.47965203497331,10.635436
10.4,10.072774598208518,10.450007
10.2,9.819920919450066,10.089435
9.9,9.508300826469945,10.015921
9.5,9.164154813739067,9.520594
9.1,8.685955131933053,9.210481
9.5,9.183617744031686,9.4672165
9.6,9.302145353860528,9.532776
10.5,10.338581283948056,10.633848
11.3,11.153813570007216,11.247767
12.5,12.50908172356673,12.489468
13.8,13.83974215295909,13.770517
15.2,15.177761627529343,15.234643
16.1,16.027839236720194,16.284094
15.9,16.001834726944093,15.689754
16.4,16.330176281712582,16.297672
16.6,16.52445531227374,16.423359
16.2,16.2503084076392,16.287369
15.9,15.932138303995156,15.688681
15.4,15.252614692228644,15.3828125
14.9,14.954615887007382,15.23951
15.2,15.14600298235435,15.252705
14.6,14.494509149053403,14.74507
14.5,14.425728566854989,14.760197
14.2,14.18371690633904,14.439182
13.9,13.83476789511635,14.235453
13.5,13.410955461254286,13.477882
13.5,13.423495256962383,13.476878
13.5,13.526509193109291,13.570589
12.8,12.704900613548453,12.6168785
12.9,12.792097139060196,12.726575
13.1,13.07293476458499,12.971358
13.1,12.904692110502499,12.769824
13.7,13.57858458035777,13.590018
14.4,14.308332015231688,14.599282
15.9,15.824601255039177,15.679255
17.0,16.957566064752967,17.25933
18.3,18.299982267851657,18.392769
18.9,18.641227034126945,18.618462
18.9,18.723496658275636,19.109829
18.7,18.587198575677853,18.627056
18.8,18.610506535187916,18.883305
18.9,18.702428251986998,19.01331
18.4,18.194385942032383,18.336277
17.7,17.60520729119245,17.865183
17.4,17.59426185898053,17.655813
15.8,15.831020546700415,15.840848
14.2,14.120025407195463,14.311176
13.9,13.777936963008987,13.876298
14.1,14.032419299113482,14.043136
14.5,14.506890171065255,14.761842
14.5,14.345848996403785,14.636631
14.8,14.738773545850002,15.069303
14.3,14.17482030139261,14.202605
14.4,14.322747075576423,14.250179
14.2,14.139296246140642,14.2051525
14.4,14.32844846587301,14.634547
14.6,14.584652443584766,14.760846
15.0,15.056199050500691,15.066684
15.2,15.219100330598412,15.251011
14.6,14.608218831919622,14.689846
14.3,14.660834728312388,14.348189
13.3,13.200384680029558,13.373489
13.3,13.129607324288234,13.133229
13.1,13.049092082771487,13.075854
13.0,12.813351656069049,13.031028
12.6,12.44914439752285,12.438978
12.7,12.565457952469629,12.465738
12.9,12.79014750087508,12.595249
13.0,12.802186740415365,12.601132
12.8,12.693955226545224,12.91146
12.8,12.749451087970971,12.783093
12.4,12.281418089695485,12.363721
12.0,11.835773455303578,11.882683
12.3,12.160358671349478,12.327298
12.9,12.838340457039347,12.858382
13.1,13.055578615953905,13.33594
13.2,13.192738964542588,13.251756
13.6,13.559140775752699,13.39439
13.4,13.338359016245644,13.441956
13.8,13.858703192945978,13.956223
14.1,14.157836962526847,14.063657
13.7,13.708919960031729,13.357454
14.1,14.232614350111255,14.149897
13.5,13.479499546456719,13.394773
13.7,13.571853891749072,13.595601
14.1,14.269758647754706,14.394517
13.8,14.020418398491028,13.705408
13.4,13.495829759389416,13.307853
12.7,12.76647198625259,12.698609
12.1,11.971955042712509,12.206536
12.3,12.367644698902257,12.452746
11.5,11.366013243518239,11.323949
11.6,11.605292998027405,11.751644
12.1,12.077901014536888,12.121517
12.6,12.721668821298149,12.61746
13.3,13.253870127244667,13.381988
13.7,13.73289459830876,13.486419
14.1,14.15644011814451,14.092073
13.4,13.540524511310899,13.395978
13.4,13.519468173316078,13.594329
14.4,14.542347651453717,14.390553
15.7,15.786346632212869,15.793305
14.4,14.350461309544087,14.594979
13.9,13.917921171177,13.997618
13.6,13.47778845207516,13.875497
11.3,10.93887961405511,11.403279
10.6,10.116164752936097,10.816444
10.4,9.86782735546683,10.69251
9.6,8.984632070767088,9.651822
9.3,8.749135096346507,9.444594
9.1,8.55290703562051,9.141253
8.8,8.349248690783735,8.7369995
8.6,8.174501196681572,8.733143
8.6,8.07568082905917,8.708904
7.9,7.537953260535332,8.001402
7.0,6.544073550345374,6.944612
7.5,7.149084146066144,7.2640724
8.8,8.515121359282087,8.749604
9.5,9.253645522685606,9.625818
10.1,9.875166084131141,10.171662
10.3,9.964536278415466,10.269623
10.9,10.68751815779564,10.986979
10.9,10.767019005139321,10.785243
11.2,11.102856455368979,11.21102
11.3,11.444384412116456,11.560634
11.4,11.16936200641165,11.295504
11.4,11.28306730613383,11.5621805
11.5,11.263198282145009,11.296776
11.7,11.598962346056819,11.718925
11.8,11.546078346051981,11.884844
11.9,11.797006689517605,11.978335
11.8,11.591930413499977,11.8803425
11.7,11.489518876064722,11.492043
11.4,11.053246647047743,11.425241
11.0,10.806734333135466,11.0389185
10.3,10.010604324858122,10.109485
10.6,10.393444470098576,10.51751
10.2,9.921330119888186,9.827509
10.5,10.266144234141812,10.519346
11.8,11.847826987735797,11.865985
11.7,11.781860898204986,11.649473
12.7,12.880639062278416,12.623221
13.6,13.58567615525893,13.285595
14.5,14.543159268287113,14.65552
16.6,16.566259439422886,16.286442
17.6,17.636855266516353,17.568981
18.4,18.215328404762875,18.348682
18.6,18.453511505303986,18.652689
17.7,17.667403666494753,17.85157
18.7,18.48142511544981,18.818396
18.6,18.28506528449782,18.819775
18.8,18.473992646976516,18.838148
18.2,18.017222428856815,18.475304
18.2,17.868319634459834,17.816324
18.4,18.070506522704484,18.619278
18.1,17.866737502429938,17.985283
18.2,17.93900788139356,18.381514
17.6,17.329926742873734,17.60495
17.3,17.162714912784192,17.56866
17.6,17.341548639877125,17.617071
17.4,17.113880035222873,17.520365
17.6,17.35416567894641,17.637056
18.0,17.72085252117633,18.135254
18.9,18.518978128411863,18.981026
20.5,20.135596234214674,20.562534
22.0,21.43133426189283,21.95755
24.5,23.888946282567648,24.72475
24.8,24.13892880615627,24.932953
26.9,25.991778885201967,27.093027
26.2,25.385569628479182,26.225927
26.7,25.73239325135019,26.705753
26.3,25.468503970814986,26.503551
25.5,24.60613883566225,25.340466
23.8,23.228561763448443,23.987724
22.5,21.99333776135148,22.493649
21.5,20.94602889500022,21.504898
21.0,20.529806274380807,21.012337
20.7,20.26385859259807,20.51938
20.3,19.96102099571122,20.260258
19.9,19.493012184772788,19.793028
19.0,18.9192316931971,18.828217
18.7,18.406906192357976,18.593616
18.7,18.456463032718204,18.641752
18.1,18.12878372267759,18.027544
16.8,16.8619315336556,16.77493
16.5,16.39181681623595,16.186623
16.7,16.766214693812167,16.915049
16.7,16.560610737518488,16.636242
16.9,16.794559611458624,17.049973
17.4,17.564068976882062,17.420858
18.3,18.32058862771373,18.296537
18.3,18.38064757545875,18.234146
18.9,18.94499637579862,18.678505
19.0,19.1811521046687,19.047194
18.9,18.92102447752653,18.988197
18.4,18.819482622487442,18.346785
18.3,18.46157589835272,18.397154
18.6,18.836342307947582,18.545034
18.7,18.951699152875776,18.821362
19.6,19.803666153334053,19.707008
20.2,20.285524430807644,19.984552
20.1,20.164208435896192,20.012737
20.3,20.321386366597814,20.208838
19.5,19.772353833247436,19.506025
18.6,19.033214898418112,18.665829
18.5,18.643287177284925,18.472029
18.4,18.509596317145967,18.279333
19.4,19.42305135950458,19.38357
19.6,19.59070837078234,19.594332
19.7,19.684645840599618,19.798607
19.6,19.64278330232423,19.557117
19.9,19.822839480574988,19.880354
20.0,19.955241948063055,20.147455
20.5,20.453664458685054,20.514244
21.4,21.22068397557179,21.345074
21.9,21.771741842806414,21.839703
20.2,20.525583492308733,20.047699
19.8,20.19072041724554,19.802052
20.0,20.13936776336362,19.92677
20.4,20.58036989258347,20.449121
20.1,20.22816351063906,20.00474
20.1,20.2560028065485,20.0051
20.1,20.339305514254242,19.913847
20.1,20.266142996678088,19.984993
19.7,19.783252138909845,19.70592
19.9,19.924363147532112,19.771378
19.7,19.842393713904755,19.67554
19.5,19.81657950961747,19.433542
19.2,19.23594810654914,19.227428
19.1,19.128092536655615,19.201653
18.9,19.052765953982767,19.041433
18.8,18.917873706807402,18.982716
18.9,18.91707683264288,18.882957
19.0,19.124415618236643,19.122515
19.1,19.245401498553033,18.97067
19.4,19.445411188728322,19.34186
19.6,19.821030400560005,19.605118
19.7,19.901467063485754,19.764828
20.5,20.75669438807559,20.470907
20.7,20.922421501111785,20.69208
20.5,20.862770591289017,20.571697
21.4,21.563363746338027,21.380486
18.1,18.218670996733948,18.116245
14.6,14.341160269788247,14.81408
13.0,12.690106393799198,12.932268
11.5,11.173165607765647,11.405962
10.8,10.469668607178988,10.660596
10.5,10.181254690996195,10.375714
9.7,9.319751114896931,9.5297575
7.8,7.471361984605743,7.8241854
6.7,6.251663032514216,6.62303
6.8,6.466426050476507,6.7991166
6.4,6.024226662760448,6.418146
6.0,5.6587405294987505,6.0040436
6.0,5.548199957994406,5.939343
5.9,5.545284617882835,5.9198728
6.1,5.776776863394261,6.1925163
6.5,6.063995868234464,6.474853
6.9,6.339802777424254,6.79817
7.8,7.248687190171317,7.6280656
8.3,7.933851754854736,8.363026
9.0,8.619381268624696,8.936379
9.7,9.619656205626878,9.704014
10.0,9.890343613645559,10.074733
9.9,9.901709153700896,10.073773
10.1,10.053042474940131,10.113316
10.3,10.129674414654605,9.906367
10.6,10.396136093437171,10.479261
10.5,10.42440232272211,10.643489
10.5,10.583387866759342,10.539612
10.6,10.676873395471901,10.753321
10.8,10.642212458501408,10.654327
10.8,10.592993348618297,10.700982
10.7,10.61229256667059,10.491178
10.3,10.166260199184347,10.65227
10.6,10.564277551620954,10.490218
10.4,10.137605936558597,10.3395605
10.6,10.41237151383427,10.407639
10.8,10.689645926849145,10.842943
10.8,10.665140996503812,10.872709
11.1,10.986531523336833,10.781037
10.9,10.735715899150023,10.700982
10.8,10.647960906844443,10.873541
10.7,10.552601173511984,10.753321
10.5,10.399802064879406,10.539898
10.8,10.798255129773288,10.963958
9.4,9.132825841162383,9.481849
8.3,7.937619674072824,8.092517
9.2,8.651719069576526,9.086021
7.2,6.761162144734534,7.102136
7.1,6.431665826858669,7.030302
6.5,5.998412413740979,6.59942
5.6,5.080142466779712,5.5730114
5.3,4.532716961455812,5.169689
5.0,4.40221569351128,5.1482825
4.5,4.128702557494471,4.756107
4.4,4.388466117076398,4.511257
4.2,4.566913310118061,4.4000697
3.9,4.459953498608563,3.917046
3.6,4.223676682780031,3.8613255
2.9,3.2429871495543168,3.0438015
2.6,2.9978006757586755,2.816079
2.2,2.6254748101533494,2.5449798
2.2,2.44576859082526,1.9527581
2.7,3.0143093981802096,3.0484123
3.5,4.0556131659013985,3.3729944
4.6,5.277124691860486,4.5372214
5.2,5.911487782802126,4.880159
5.0,6.098544165083666,5.0735493
5.9,7.417478036494622,5.913352
5.3,6.834011148924468,5.486609
5.6,7.0516302014390035,5.5575914
5.5,7.0733086459172085,5.701499
4.9,6.262611932109245,4.8945074
4.5,5.792171427534669,4.437463
3.9,4.986196482352568,3.99104
3.3,4.220539717767728,3.3098977
2.8,3.727706581370157,3.089989
2.4,3.197686222670079,2.5454328
2.3,2.8643320118153497,2.4012842
1.9,2.4063835074701245,1.48146
1.6,2.198500072857854,1.578499
1.7,2.276931983001795,1.58718
1.4,1.8310922893671489,1.3257853
1.1,1.256472096823515,1.1480614
1.8,2.1572152139189242,1.7936832
1.6,1.9205874577197193,1.4934106
1.5,1.6792692209890419,1.4177817
1.1,0.9963631671824942,1.0942696
0.5,0.0029708238242847074,0.48792833
1.8,2.019566749089627,1.7982825
2.1,2.7748344515297987,2.1177385
2.4,2.858693557404365,1.9630352
1.5,1.1252835396010141,1.574156
0.3,-0.2283579595073988,0.43701094
0.8,0.06226431500942908,0.7761412
1.5,1.142554629397516,1.4488072
2.4,2.2063176935346362,2.5587122
2.2,1.6485300360077346,2.2113907
2.6,2.2270592884160436,2.7031415
2.0,1.3051473234622577,2.2485805
1.7,0.6061124895823085,1.648993
1.4,0.3662421133449385,1.4418066
1.3,0.09265205871229654,1.3389624
1.4,0.21293637485229766,1.427601
1.1,0.13183358171892934,1.0157117
0.6,-0.4278538338196256,0.6620638
0.5,-0.4813957809538181,0.4804679
0.2,-0.7191227701879654,0.27065906
0.0,-0.9178462716609843,0.04572885
-0.1,-0.9408886006370665,-0.083224945
0.4,-0.45435666405217745,0.43783662
0.7,-0.039863208331148314,0.8032781
2.7,2.300578049189525,2.7113507
4.2,4.245896696631689,4.1704164
5.2,5.309655678703081,5.2340794
5.1,5.561274947161316,5.160913
4.9,5.333533157743425,5.0042048
5.1,5.6512915039530895,5.3408747
5.0,5.522440494333864,4.9615703
5.2,5.7552372755370556,5.4521685
5.2,5.688062882740695,5.2560654
5.3,5.708564457940831,5.255782
5.2,5.668041888770887,5.2557206
5.2,5.637131626559793,5.2756114
5.4,5.701923227136774,5.2992353
5.4,5.663023831911296,5.3881736
5.3,5.503252824809984,5.3130064
5.1,5.300703316068805,5.1640034
5.0,5.179159925683102,5.080831
4.6,4.877504715225442,4.739311
4.3,4.539612155167255,4.4653397
4.3,4.5614928282174745,4.5272713
3.9,4.204266063254451,4.1583366
3.4,3.605279060288723,3.3181062
3.7,3.9327573943293075,3.8334038
4.1,4.360074661256142,4.1583366
5.5,6.002262810431766,5.368417
6.9,7.498813989489328,7.0096164
9.1,9.661766324306651,8.992784
10.1,10.614407806362102,10.101084
11.9,12.391798679049188,11.7499275
12.0,12.377470987787738,12.0869255
12.5,12.90807444190401,12.437103
12.3,12.782643262063658,12.398471
12.2,12.503157838756945,12.2214365
12.2,12.429191869328566,12.369872
11.9,12.135441257439695,12.174499
11.4,11.615171862000938,11.372488
11.3,11.65615291886331,11.131925
10.6,10.913285590878349,10.43555
10.3,10.487233133789303,10.150265
9.5,9.747477554779557,9.20014
8.7,8.878134219103561,8.691206
8.5,8.586061324701436,8.405327
8.5,8.594347529195154,8.587738
8.2,8.216263618102545,8.204128
8.5,8.673267487367017,8.418378
8.1,8.251506481159705,8.204128
8.6,8.7654473375596,8.477315
9.0,9.13087927613785,8.857638
9.4,9.615260827966306,9.409381
10.4,10.589374008894069,10.218079
12.1,12.249465305864447,11.820521
13.9,14.07463452312889,13.955412
13.7,13.860033217858387,14.058244
14.0,14.266593593736868,14.195299
14.6,14.683768826076385,14.818806
15.1,15.17611750778623,15.34112
15.1,15.220124957993455,15.35753
15.1,15.14349761841041,14.987425
14.8,14.830345112238433,14.927659
13.9,14.067335488273606,13.616887
12.2,12.111776447042718,12.369077
12.5,12.264348017137191,12.499612
12.1,12.097310888366536,12.094094
11.7,11.387210376308122,11.720183
11.1,10.609921958802392,10.7552185
11.7,11.246896752688698,11.577901
11.1,10.446153482394223,10.86426
10.8,10.374274128586148,10.850396
10.8,10.31088240186033,10.848495
10.9,10.479412317529029,10.829687
11.2,10.729935819283678,11.0321865
11.3,10.88546508251368,11.034734
11.8,11.337629048450214,11.729686
11.8,11.522440645584275,11.964405
11.7,11.42142640785871,11.718365
11.3,10.991211538354825,11.2981205
11.0,10.81484958382637,10.976952
10.9,10.695651143972018,10.907188
10.9,10.575665810096464,10.8214
10.6,10.322728710647347,10.769701
10.6,10.342214309376608,10.488808
10.4,10.111064009007407,10.31493
10.1,9.749360699148877,10.102922
10.2,10.03300056020677,10.445986
10.1,9.757083127550057,10.013735
10.1,9.740448636951651,10.016529
10.0,9.565476918338053,9.882622
9.8,9.338818536660387,9.882622
9.4,8.952201221931851,9.438219
9.1,8.712989290077171,9.1759405
9.2,8.73269994720907,9.1759405
8.9,8.264289892786241,8.856722
8.7,8.122828032639195,8.718266
8.7,8.137264949088507,8.719454
8.4,7.8146916496727385,8.459601
10.1,9.836748451508907,9.839396
11.3,11.165774715702128,11.3303175
12.7,12.700988895792925,12.51366
13.5,13.67047439062771,13.14848
15.6,15.603630610941142,15.595583
15.2,15.320176113495577,15.202431
15.6,15.666990857975051,15.8502445
15.9,16.04583160707243,15.887625
15.4,15.49536434466297,15.861258
15.7,15.701438034536956,15.62471
15.5,15.536891329449439,15.187211
15.1,15.070242957807302,15.358201
14.4,14.464367236980959,14.960786
14.1,14.296557627519547,14.234262
14.1,14.179774674002235,13.977712
14.0,14.120519306397142,13.979595
14.3,14.400853412318426,14.041386
14.1,14.21413569978624,13.978786
13.7,13.858193615369903,14.064946
13.9,13.999858228604058,13.579687
13.8,13.95579480386355,13.682825
13.8,13.765279379237072,13.67625
14.2,14.213059440090866,14.435572
14.4,14.386175964650924,14.160598
15.7,15.695977477715562,15.440694
16.7,16.632056641247722,16.789314
17.6,17.550679276496403,17.722609
18.7,18.688765723801374,18.938381
20.4,20.127928862979864,20.171108
20.8,20.457348321173374,20.716314
21.2,20.733438649614765,20.973427
20.3,19.780072196881257,20.276161
19.8,19.479424226966923,19.829103
19.2,18.9052999218096,19.305838
18.3,18.095767231987324,18.20923
17.5,17.378696894953816,17.638588
16.4,16.339022224598363,16.445868
15.5,15.34885115584876,15.254836
15.1,14.998554059232234,15.122588
14.3,14.229711116805856,14.426137
13.0,12.882914664343897,12.868764
11.7,11.478766517690108,11.57394
11.3,11.057694004193092,11.248625
10.2,10.005307919429068,10.217217
9.3,8.990185482068693,9.2854805
9.0,8.612443166403931,9.089481
9.4,9.090731549720697,9.338556
9.2,8.905014384629652,9.225642
9.5,9.397709208959693,9.62877
9.5,9.205017158372069,9.339388
9.8,9.644210914552747,10.019863
9.6,9.432079832128974,9.62877
9.8,9.641079891444289,9.62877
9.8,9.612496703834822,10.021765
9.3,8.963237530031854,9.400318
9.1,8.882982100693773,8.94634
8.9,8.642998705621597,8.920549
9.0,8.625081988566407,8.938864
8.7,8.410416782678134,8.6510725
8.8,8.52247144130196,8.723237
9.5,9.207179994750696,9.561747
9.7,9.379843042756036,9.612711
9.9,9.616840122840255,9.899861
9.7,9.507123676095194,9.902854
9.9,9.792862859297923,9.894369
9.9,9.655899338575455,9.89341
9.8,9.695204963228061,9.90928
10.4,10.26614012231984,10.35721
10.7,10.496685002907562,10.507545
10.9,10.717887991541982,10.532817
10.5,10.431247532043315,10.698675
10.8,10.685523959031322,10.840562
11.0,11.18846018485931,10.9006405
11.6,11.405236967878697,11.490059
12.4,12.369346735184259,12.283553
13.3,13.299059040916905,13.265347
12.8,12.831468923146463,12.940229
12.2,12.019136414214273,12.38662
15.2,15.294461398219745,15.210709
14.0,14.254898068324241,13.997392
10.0,9.582981867267527,10.030134
9.4,9.01282242906553,9.479276
8.4,8.191506812863963,8.602334
7.7,7.4421202462070255,7.64823
7.3,7.130849350086272,7.3006167
13.7,14.279655870548105,14.07272
13.5,13.99477137477247,13.692921
13.2,13.770495901416286,13.436552
13.0,13.452597944211554,12.993134
12.6,13.057682295752425,12.334492
12.6,12.996728052859492,12.4049835
12.4,12.92887881786028,12.360061
11.9,12.243160482260112,11.561373
11.7,12.150179692287676,11.408808
11.5,11.913309696396329,11.24401
11.0,11.424781107758214,10.959222
10.4,10.786958718362246,10.266616
9.2,9.656631863926233,9.0045595
9.0,9.271423515714531,8.789995
8.7,8.888664548094205,8.672946
8.5,8.563269669538847,8.39871
7.8,7.819579561733825,7.833783
6.7,6.591995500965481,6.754345
6.4,6.0933151754572705,6.230323
6.3,6.182372269383684,6.1682763
8.1,8.339269340093441,8.142168
8.4,8.850321877328913,8.652319
7.8,8.002294914209752,7.8303933
7.5,7.772203147991867,7.5900044
7.9,8.311839247638417,7.9538856
7.6,7.997777926351805,7.6169147
7.1,7.33425212699359,7.040757
6.9,7.048026975563857,6.9829283
6.8,7.112468417485452,6.9819684
6.9,7.045536455124427,6.6929774
6.8,7.005803803272151,6.7189097
6.1,6.332696757522058,6.017144
5.8,6.069588302850903,5.9301662
5.7,5.821676627580139,5.585318
5.5,5.6831676188188,5.4389253
5.0,5.033354277492258,5.113669
5.0,5.072768549977155,5.1016355
4.5,4.272942153955611,4.3883386
4.2,3.94994546115516,4.244446
5.0,4.921523890999708,5.047016
5.2,5.155652283317451,5.2523303
4.8,4.781118871985321,5.043316
4.8,4.624950368775131,5.0876303
5.2,4.949346090065859,5.3428664
9.2,9.21201483915339,9.119517
7.8,7.5593874839741915,7.994467
8.2,7.852569033251655,8.059623
8.7,8.490261704549752,8.733672
9.0,8.761128941515516,8.880949
9.2,9.103814142306867,9.300852
9.6,9.435264682976836,9.51135
9.6,9.255626867298275,9.537016
10.0,9.880313713926562,10.221696
10.1,9.980466798256522,10.243642
10.3,10.061180894396347,10.496849
10.2,10.326310556888807,10.126834
10.1,10.342185285263813,9.876386
10.0,10.23324997753825,9.856003
9.9,10.249969809175461,10.142475
9.8,10.1796610303278,9.571018
9.5,9.831884455027282,9.284236
8.9,9.218921117184848,9.009432
8.7,8.91201663193311,8.437445
8.5,8.786219023218827,8.381333
8.4,8.660691557797193,8.314917
8.1,8.304753689935655,7.93793
8.0,8.091331023823173,8.12012
7.9,8.07965730259005,8.114326
9.0,9.150174053821182,8.78727
10.1,10.203053707735332,9.916451
11.3,11.644108569639894,11.478111
11.5,11.788760243887538,11.622888
13.2,13.46406897782845,12.726577
13.9,14.204803727180686,13.923814
14.7,14.751664634712306,14.738713
14.6,14.86760584913236,14.551425
13.9,14.121210532332665,14.146927
13.1,13.423684754979952,13.1421175
13.0,13.278391709107094,13.143128
12.6,12.884799838604959,12.38554
12.3,12.5986141144069,11.95303
12.2,12.438308268120817,11.845208
11.6,11.835230124904253,11.4016075
11.2,11.423103709015493,10.98243
10.9,11.189861931845961,10.859346
10.1,10.374655516434181,10.327187
9.5,9.57771057990358,9.505982
9.4,9.444177618009721,9.216158
9.3,9.347953210600078,9.143985
9.0,8.955333070382977,9.005768
9.3,9.3311559911376,9.129135
9.1,9.082715530882744,9.100277
11.2,11.342338412197208,11.327307
14.0,14.113464496712272,14.0772915
15.6,15.590002305435,15.734288
15.8,15.8748705341241,15.798955
16.6,16.500868395946892,16.425188
16.3,16.24397368983718,16.074146
16.7,16.703551125285973,16.380554
16.2,16.349757319385397,16.135946
15.3,15.483485802678807,15.5307
14.5,14.921691866579959,14.602336
13.8,14.147328307346271,13.960843
13.0,13.331062130953665,12.877017
12.4,12.960235979684246,12.654365
11.8,12.316932676630703,11.719036
11.7,12.3423692798935,11.719036
11.8,12.366153881659457,11.70129
11.1,11.869938232191828,11.053151
10.6,11.315828897389874,10.573909
9.8,10.371222443194434,9.80913
9.6,10.25175347008188,9.645795
9.3,9.827241757282199,9.1496935
9.1,9.63791186979046,9.226525
9.6,10.084733980344716,9.578989
11.7,11.909090003415368,11.408057
12.4,12.74873002191384,12.469072
13.3,13.720010648919668,13.204506
14.1,14.54641841587825,14.537249
14.5,14.738633252697174,14.530902
16.0,15.96228051839411,15.778869
15.8,15.962027715519746,15.548119
16.0,16.141850547384806,15.792976
15.7,15.85617811523776,15.619134
15.7,15.835325330677449,15.622393
15.7,15.810135135889237,15.614643
15.1,15.282840416687833,14.891046
14.7,14.917502690130444,14.729209
14.2,14.629436518136313,14.561565
13.3,13.636016826442955,13.394281
12.8,13.260632920817319,12.801188
12.3,12.68793914902318,12.529904
12.2,12.644854038134593,12.029392
11.0,11.507960972917658,10.848767
10.8,11.271586964876246,10.662114
10.8,11.266114023955602,10.828289
10.2,10.849852538901754,10.1434355
9.9,10.411314734439202,10.085679
9.8,10.301513554267828,9.872886
10.0,10.3660993268225,9.835639
13.0,13.188772027701472,12.690233
14.8,14.807191101205465,14.738984
15.7,15.600236853290056,15.874137
16.7,16.551166210264103,16.465229
17.1,17.00742265307475,16.984697
18.1,17.852587540509294,18.545065
18.3,17.942405167779555,18.20212
17.7,17.403178025025888,17.789715
16.9,16.723935875804013,17.119755
17.0,16.69975137862909,17.147762
16.2,16.080961739568192,16.12679
13.9,13.699790981290299,14.060324
14.3,14.113667933387138,14.429865
13.6,13.480379995395328,13.359219
14.5,14.476092226417958,14.878086
14.8,14.798053882096944,14.895013
14.9,14.946640595956858,14.943948
15.2,15.173138279812584,15.317656
15.3,15.115322501881106,15.345504
15.2,15.252278415541252,15.275043
15.3,15.258784256488617,15.270637
14.3,14.294414989115321,14.918085
13.0,13.070245374969232,13.082909
13.4,13.369301657347947,13.520955
15.4,15.323374784759256,15.198265
16.9,16.754218426332432,17.41926
17.8,17.567829456565196,17.232044
19.0,18.77201374336463,19.146545
18.6,18.42392154326936,18.445768
18.3,18.23789366321538,18.037691
17.9,17.88250958208936,18.00389
17.8,17.549737779688737,17.821234
17.3,17.16205727225729,17.331394
17.2,17.06332112562982,17.297426
17.2,17.211093056199168,17.333815
17.3,17.169029828811922,17.31833
17.1,17.147551242771907,17.167194
17.4,17.298378448751652,17.383524
17.4,17.33031204786443,17.482145
16.6,16.74752743424316,16.733477
15.5,15.35068864928331,15.438811
15.2,15.047195291147482,15.196134
15.1,15.02187772499201,15.249699
10.9,10.664872151025076,10.837566
9.9,9.618154811508717,9.840982
9.6,9.47275230723649,9.613298
9.2,9.058685723461085,9.235119
8.7,8.62613834667799,8.647707
8.3,8.118058158384475,8.134347
7.8,7.743424983817022,7.64076
7.7,7.784189328111118,7.7338085
7.5,7.481031171212457,7.5337424
7.6,7.599815984937109,7.4214144
7.7,7.85124494622427,7.5588255
7.7,7.789097736111707,7.9707084
7.5,7.648763823520916,7.468842
7.7,7.799374294297991,7.6740503
7.4,7.751961375074359,7.4462137
7.0,7.5976460196710605,7.044084
6.7,7.611502151178243,6.9195175
6.2,7.050681325213809,6.4134235
5.8,6.605801628168152,5.9638324
5.8,6.4697528942323,5.664837
5.4,6.1222625747176735,5.5146155
5.2,6.021141931083065,4.8736396
5.0,5.776038105921529,4.9608393
4.6,5.4548093157578705,4.734195
5.1,6.130774048902005,5.1424465
5.2,6.3108381670240306,5.1605053
5.3,6.232515950767642,5.1520634
6.3,7.14096951013498,6.1030703
8.9,10.021998010019168,9.14886
9.2,10.26612927874423,9.353802
11.4,12.299826221302023,11.2089615
11.0,12.003506795873271,10.885862
11.4,12.31337922181309,11.217952
11.7,12.513725449349714,11.56168
11.8,12.408951186660712,11.711149
11.5,12.252143993807259,11.448723
11.2,11.964157902689909,11.222422
11.0,11.801421817106764,11.037399
10.9,11.528620964312971,10.858568
10.1,10.807742469583214,10.178677
9.1,9.788012725600218,9.101004
8.8,9.427422613102049,8.866078
8.2,8.775550815899528,8.063737
8.1,8.564216929750504,8.156739
8.1,8.432889440968268,7.9681735
8.0,8.422877940181849,7.9681735
7.6,7.905206952927738,7.6304703
7.4,7.471273152591287,7.303757
8.1,7.997640830952449,8.3896055
8.4,8.196233072827972,8.602158
9.6,9.438964976266035,9.610129
9.6,9.3668667162536,9.537218
9.8,9.494302428860053,9.618269
10.0,9.81757855188189,9.763935
10.2,9.990049881066831,9.827738
9.9,9.631479237934442,9.6193695
9.7,9.647040528601625,9.707395
9.8,9.483686490278657,9.623922
9.6,9.5198712303593,9.624882
9.4,9.167144819628628,9.3386965
9.3,9.233337922830422,9.37217
9.5,9.266869675908211,9.46851
10.1,9.929230614058032,10.244793
10.5,10.485125535333207,10.6067915
10.1,10.123956611095057,9.909748
10.1,10.15673957838776,10.257266
9.6,9.619486920835257,9.608298
9.4,9.467701584436742,9.3140955
9.5,9.677744595427228,9.311311
8.5,8.497160675070852,8.730268
8.0,7.826973315598778,8.185107
7.9,7.614667635661185,7.8220143
7.3,6.934466810813767,7.1086845
7.4,7.036904950618258,7.466115
7.8,7.388036001362529,7.623008
8.0,7.834846759119948,7.8844314
8.4,8.37978250220031,8.274644
8.5,8.507696004177362,8.322698
8.6,8.651436638196476,8.678737
9.0,9.143865852549713,9.265003
9.4,9.775959208606501,9.451062
9.4,9.911037883043914,9.410026
9.0,9.056892508833624,8.801785
8.9,8.808724676826397,8.922083
8.5,8.355422101517725,8.447167
7.6,7.322480356327475,7.5688286
7.0,6.901172012688441,6.9173265
7.1,6.876349447182513,7.2758856
6.4,5.708964912135542,6.403642
6.6,6.1787887769306735,6.6463075
6.7,6.208029172564082,6.481942
6.7,6.391574411484605,6.750979
7.0,6.4987745296200785,6.886946
7.1,6.500569731865127,7.024985
7.3,7.053625919966791,7.318336
7.2,7.162486104107508,7.216228
7.5,7.148488534740721,7.359181
7.9,7.644404397396777,7.976119
7.8,7.396982097003473,7.9207964
7.0,6.613604956357676,7.0979824
6.7,6.2775991846691355,6.9225893
6.0,5.597083577781895,6.1224813
6.0,5.759213258045591,6.0147076
6.2,5.831370121430076,6.0490675
6.1,6.0219743036662905,6.2166986
5.6,5.319511347350321,5.546798
5.7,5.450093347774036,5.8459287
6.0,5.657748690705667,5.9636674
6.4,6.117124497076098,6.2986064
6.3,6.074324569821421,6.2986064
6.0,5.775493094515497,6.025332
5.3,4.959766349477576,5.3044715
4.8,4.463538051483631,4.9160695
4.4,3.8861987283138646,4.302056
4.2,3.642393322158881,4.2132053
3.9,3.2888552115493255,3.9592745
3.5,2.7714793839573915,3.5893996
4.0,3.289643769974873,3.955507
4.4,3.7092160807443904,4.3674636
4.6,3.9595743112167696,4.6181026
4.9,4.45700582090879,4.9206614
5.4,5.032250535341021,5.303712
6.8,6.760487572858537,6.8669605
7.1,7.098830966268608,7.1998467
7.8,8.097974661618053,8.040416
8.1,8.574723530746645,8.188099
7.6,7.889897387924265,7.6321874
7.5,7.644185424532587,7.186813
7.4,7.57646499387986,7.425865
6.8,6.751590464478539,6.934775
6.5,6.373974480700888,6.572783
5.9,5.691028844186434,5.8703046
5.5,5.221691465757779,5.5346847
5.1,4.79331141689012,5.253558
4.5,4.062487527671998,4.3288703
3.9,3.423752625635686,3.9624126
3.7,3.2490755293060474,3.7183447
3.4,2.95414775334077,3.3200526
3.0,2.6023641585837964,2.9351778
3.1,2.686681428054726,3.09785
3.5,3.3510367851985023,3.4818225
3.4,3.2490455902710593,3.2705276
3.1,2.908531823128307,2.9574354
3.0,2.8993860683735235,2.957725
4.2,4.190505996984143,4.1557646
5.5,5.89837027034978,5.503168
6.2,6.181486873782916,6.2981186
6.5,6.2403059326725625,6.4626875
6.9,6.7985346377868865,6.9109225
6.9,6.729172747392042,6.9577265
6.9,6.815268118142271,6.9046364
6.9,7.00055647840226,7.194262
6.6,6.624166007039712,6.8171377
6.7,6.575010359569234,6.718131
6.5,6.450296225795377,6.626616
6.5,6.5665026413572605,6.3905597
6.5,6.680070488687882,6.451296
6.5,6.657439585085591,6.3648043
5.1,5.2330024649252,5.351463
4.3,4.333494607419183,4.229124
4.0,3.871313172866998,4.130569
3.8,3.598904689570098,3.7794852
3.3,3.0958577390520645,3.4835517
2.7,2.2855455606925474,2.7007866
1.5,0.9179937084815961,1.5809667
1.1,0.4752741369901443,1.1640184
0.7,0.2780468553019091,0.86889726
0.1,-0.20920431706279174,0.09056962
0.6,0.23220329019063968,0.5580371
0.4,-0.04676967391396403,0.4857974
0.6,0.14503260664434947,0.80821764
1.0,1.1002647992920203,1.1843778
1.0,1.1765921330041778,1.2017435
1.2,1.3615216796172618,1.223503
1.1,1.300853135990117,1.2067316
1.1,1.2460999088242772,1.2250991
1.4,1.3011002703752368,1.2670606
1.5,1.5018975964906431,1.7538457
1.4,1.2917953775381292,1.4995521
0.9,1.7252451065388286,1.179759
0.5,1.5111355311105754,0.68090826
0.7,1.7094831756141815,0.7131688
0.5,1.4262055039594372,0.6869123
0.6,1.1996678131676433,0.592876
0.6,1.1160504209198336,0.57766795
0.4,0.9304470724180476,0.25258225
1.2,1.665866683075805,1.2693319
1.7,1.9252152528706503,1.7772987
1.1,1.5944390600538583,1.2671534
0.7,1.2646733405849275,0.54895777
0.8,1.4295427666489857,0.88925165
0.9,1.5412132779994892,0.88909525
1.2,1.9675215847074767,1.1265228
1.5,2.490880709065337,1.6318495
1.9,2.8301887176409934,1.809944
2.1,2.9786107364217145,1.9346961
2.3,3.446129077108253,2.2264967
2.3,3.1050998626212802,2.2858427
2.2,3.088108308878361,2.361342
2.5,3.192224051402171,2.3528678
2.7,3.3859449479842993,2.5954535
3.0,3.7235997143939272,3.1783867
3.1,3.5348397493813835,3.1295118
3.1,3.5462228808585436,3.1295118
2.8,3.506062098171654,2.8795748
2.6,3.1667893459396765,2.5674195
2.6,3.0903924766313082,2.5855155
2.4,2.7632133188287753,2.2393656
2.3,2.8409755583888554,2.5555434
2.5,2.800385257676396,2.2425814
2.8,3.162162088648408,2.5361946
2.7,3.080728530138586,2.5424452
2.8,2.9164752160106318,2.891667
1.2,0.9451172293887424,1.3622079
1.0,0.20191122924156701,0.8791252
0.7,-0.009998331394690751,0.78370416
1.0,0.27131822330340327,0.94574875
1.4,0.8542156458756764,1.6149129
1.5,0.7867453251960441,1.4372715
1.6,0.7735474360385695,1.5370121
1.8,1.077976598799431,1.7693471
1.8,1.1156873528854376,1.68877
1.7,1.2165017140853038,1.7770658
1.6,1.1547856471684383,1.6525878
1.6,1.035712569264902,1.6493524
1.1,0.5122961987867143,1.0631728
0.2,0.09545700353346831,0.061331823
-0.5,-0.7299684877307939,-0.39729735
-0.2,-0.5498590212821384,-0.22699954
-0.1,-0.5308000719524273,-0.11358341
-0.5,-0.934948332754935,-0.6742757
-0.2,-0.4612287597256568,-0.1153524
-0.7,-1.1933326656687129,-0.7545352
-1.2,-1.3006597832326605,-1.1973822
-1.8,-1.8779485235783824,-1.943968
-2.4,-2.446225635814926,-2.628522
-2.4,-1.7898788015153784,-2.5045109
-2.9,-1.9122972390568833,-2.940429
-2.9,-1.8894239601180516,-2.9413886
-2.6,-2.0088570727661477,-2.802098
-2.8,-2.047194706381603,-2.5094843
-2.5,-2.093043364008615,-2.520928
-2.6,-2.3705436122996986,-2.5645943
-2.2,-1.5753244537162558,-2.211489
-2.6,-1.8966789544302642,-2.527687
-2.8,-2.518841562138128,-2.5836167
-3.2,-2.930032361421091,-3.2421665
-3.7,-3.5226239479765127,-3.2556415
-4.1,-3.8608526046604226,-3.7550476
-4.3,-4.110528400499014,-4.5228167
-4.7,-4.590715865946386,-4.5216494
-5.7,-5.579211832127889,-5.744848
-6.0,-6.078158924184841,-6.1928067
-6.1,-5.995297106320265,-6.185438
-6.0,-5.787760747745807,-5.9228063
-5.8,-5.397994253819725,-5.855863
-7.0,-6.653724577101563,-7.1623597
-7.3,-6.406383251236605,-7.0895176
-7.5,-6.560969849115487,-7.7953854
-7.7,-6.853223374345852,-7.7953854
-7.7,-7.039651666906117,-8.09769
-7.7,-7.212243771281976,-8.017718
-7.5,-7.112057699247494,-7.1978784
-7.4,-6.889976683419725,-7.1725636
-6.7,-6.038501191370891,-7.1295295
-5.0,-4.08120034883558,-4.954827
-4.5,-3.5009907749735305,-4.357821
-4.3,-3.2140706818665663,-4.282137
-3.5,-2.238289285835485,-3.7329054
-3.1,-1.868644530442559,-3.2302175
-3.7,-2.6426709989757953,-3.7702365
-4.6,-3.784766766805326,-4.3771987
-5.0,-4.21177810340491,-4.8706307
-5.1,-4.754462559753257,-5.5093164
-5.8,-5.484172391229059,-5.8412657
-5.9,-5.815425464583434,-5.6811075
-5.3,-5.087054283993773,-5.7090216
-5.0,-4.61748725354466,-4.893669
-4.3,-3.9315978864534955,-4.3849506
-3.5,-2.898982920580991,-3.5234427
-2.6,-1.8352030924537104,-2.5082774
-2.1,-1.2522317152969151,-2.185219
-1.8,-1.020184814798128,-1.9390396
-1.5,-0.8286233957906362,-1.482489
-2.2,-1.87267757442293,-2.3279064
-2.0,-1.8569647264042857,-2.1810832
-1.0,-0.7176487615997829,-0.82412195
0.8,1.1798531838234894,0.8414974
2.1,2.6019908817401856,2.3660674
3.5,4.106524099001341,3.341141
5.3,6.009517767488042,5.2716
5.8,6.502927190278825,5.735503
5.9,6.594483558460716,5.9778256
5.4,5.680229324673768,5.3439918
4.3,4.5735984842286115,4.33848
3.9,4.059418725557805,4.141477
4.2,4.121457121711707,4.168625
3.8,3.8226462509262333,3.8690138
3.7,3.533080052344026,3.5278733
4.0,3.8997508579686695,4.039653
4.1,4.164692432482234,4.2260695
4.8,4.9953650410818184,5.1091495
5.8,6.107103270614033,5.9046164
6.2,6.613529532812429,6.1480007
7.3,7.79131830812203,7.3072042
7.0,7.490995752352767,6.997261
7.9,8.498137328174064,7.967146
6.7,7.126339849986643,6.5803103
6.2,6.48176378226654,6.0243096
6.4,6.661049218844049,6.4322786
6.5,6.690136903212526,6.391705
8.5,8.749811832794716,8.571559
10.5,10.836956945563717,10.526809
11.2,11.56399168952095,11.2979765
11.5,11.807357504979219,11.4409
11.7,11.952622598805164,11.914402
11.6,11.815747810847597,11.914402
11.6,11.710159085457615,11.583535
11.2,11.309488779324639,11.331913
11.4,11.501801559457334,11.476231
10.9,10.994858864765604,11.142132
10.7,10.60073303838048,10.8325205
10.3,10.28243057379149,10.217261
9.1,8.903163262355012,8.95739
8.3,7.96356616734154,8.335284
7.3,6.887515203526178,7.419529
7.1,6.884645707441898,7.277389
6.8,6.197652242960764,7.0114856
7.1,6.459077216545261,7.1008453
6.7,5.953772473921781,6.469649
6.6,6.2162974599409395,6.632059
6.7,6.1568857722098755,6.6321764
6.7,6.1703941667483235,6.6321764
6.9,6.335978758791143,6.933349
6.0,5.490003598076363,5.8438563
6.0,5.568221775137218,6.018868
6.5,6.12555434288263,6.338641
6.1,5.528748311671535,6.117969
5.8,5.466646121141693,5.9505324
6.0,5.458515463704707,6.0433793
6.1,5.684607428048658,6.0492682
6.0,5.5442120432320365,5.8858495
6.1,5.653956748376025,6.084251
5.8,5.294212265238848,5.7893085
5.8,5.273150682822333,5.7874928
6.0,5.410754032106425,6.0469093
6.3,5.8642658971727215,6.2423916
5.9,5.417893349158703,5.947449
5.8,5.300452452129107,5.5862126
5.9,5.138319477747601,5.775405
6.0,5.458268949870963,6.080722
6.1,5.683512187805803,6.3889456
6.0,5.402453190912347,5.994811
5.7,5.143287192586932,5.5313306
5.8,5.230737108442447,5.8218102
5.8,5.20959620240432,5.765922
5.8,5.1750135843465515,5.7627435
5.7,5.15449840666524,5.7625866
5.7,5.021031411506691,5.522478
5.9,5.261568437463929,5.824405
5.8,5.15056146454193,5.6593375
5.8,5.17648535137031,5.6596966
5.8,5.291415348890503,5.8972397
5.7,5.221218841418157,5.563126
5.6,5.084214743996121,5.752944
5.8,5.316221496229922,5.7282596
5.4,4.874401356037993,5.173144
5.7,5.246266651855116,5.8963127
5.8,5.467480390537766,5.8531237
5.7,5.229866388541488,5.8939276
5.7,5.256603253316477,5.894469
5.8,5.52562943263473,5.8764
5.7,5.3047569211588765,5.7602587
5.7,5.025997987178947,5.56548
5.4,4.943580140699943,5.321654
5.1,4.475489784191694,5.1166706
5.0,4.467806589981407,4.899138
5.1,4.6679820462203025,5.1815457
5.0,4.581371495003779,5.1222005
5.8,5.090126729286588,5.5909
5.8,5.1642110539722665,5.645472
5.7,5.274112540790263,5.646949
5.4,4.945646915468664,5.3234897
4.7,3.9896122631448634,4.6238966
4.9,4.612614596629385,4.886772
4.8,4.357824365581848,4.7679048
4.8,4.372410675683071,4.755865
4.9,4.456770636608937,4.8246765
5.1,4.6716502826201705,5.0768805
5.0,4.568148835242923,4.94729
4.8,4.296647133963752,4.8160057
4.6,4.044392788847915,4.625353
4.5,4.079998306271413,4.5349455
4.5,4.074334173369472,4.511709
4.3,3.8501687088397674,4.0880857
4.2,3.708560851165444,4.0732794
4.0,3.479942193013443,3.9608443
3.9,3.5253717476582622,3.9608443
3.9,3.5503737580731,3.8126853
3.6,3.174028414076666,3.6540523
3.1,2.6135322545427897,3.1197124
3.2,2.7084997476918105,3.2068524
3.2,2.5692810902437557,3.3047493
3.2,2.696474828597502,3.4115937
3.4,2.8195271327418325,3.4927056
3.7,3.316494954862698,3.9041116
3.8,3.2564928112770133,3.8950114
4.1,3.733881982334239,3.9623184
4.0,3.857162370965362,4.0309973
4.1,3.9576589024703495,4.112344
5.5,5.763506596016157,5.474164
5.1,5.401889234464818,5.2674727
5.0,5.252076771589223,5.179594
4.7,4.984524225559163,4.9768653
4.9,4.972714494263521,4.857632
4.9,5.116842863338221,4.874525
4.9,4.907359293274041,4.9357114
4.5,4.473104395297483,4.6878014
4.2,4.158262519995112,4.265013
4.0,3.918233797659539,3.8871453
4.0,3.7887627582991854,4.0515914
3.6,3.194708852936216,3.4812303
3.3,2.9860703586348833,3.251932
2.5,1.6675309456847813,2.4322617
2.8,1.9046648595066245,2.6034846
2.6,1.955477729892003,2.5967069
2.7,1.9606843451340197,2.63853
2.1,1.2882851061520597,1.9988703
2.0,1.1971710881963489,1.9778358
2.6,1.8456561690839948,2.5882885
3.3,2.5226708054125737,3.3266969
4.3,3.5494670992559847,4.1196756
4.9,4.389096411787939,4.9026866
5.1,4.616118714816537,5.04493
4.8,4.497206362995428,4.86997
5.0,4.496534582466396,4.8924875
4.5,3.954979958305209,4.408089
4.2,3.60936612034579,4.11585
3.9,3.364926184087196,3.867454
4.1,3.5617731099987964,4.2072635
3.9,3.2812210073275736,3.929796
3.2,2.9240247369027657,3.1192338
2.8,2.4357528356443794,2.6893668
2.5,2.0770505528803724,2.4771352
2.2,1.926752141807988,2.281378
2.1,1.7055161161271215,1.9652455
2.4,2.0417314193755374,2.4859033
2.9,2.658905148697194,2.9313498
3.2,2.9877465133633123,3.1491938
3.4,3.2655493727280245,3.2628896
3.2,3.1412657872174563,3.2337341
2.8,2.705826175521679,2.9889543
2.7,2.576086398940106,2.811659
3.1,3.0640762405794106,3.1893594
3.2,3.1129382579595344,3.247297
3.5,3.3198755692669764,3.4724085
3.1,3.1496729476263496,3.230287
3.7,3.6173096782694927,3.6343267
3.4,3.276627936799727,3.5132573
3.6,3.532991375280524,3.591378
3.9,3.719360094340601,3.7947884
3.9,3.7167840689686145,3.816382
3.9,3.571905249062617,3.8717496
3.2,2.667270413527781,3.0542512
3.4,2.9030477300693818,3.3049216
4.3,3.9616293775901,4.428722
4.5,4.245381963226592,4.638486
5.2,5.04889211543118,5.2527175
5.9,5.865956677280813,5.7727184
5.7,5.819648025034468,5.5798793
5.3,5.357322327247736,5.3320417
5.0,5.114359108199054,5.0476065
4.9,4.979112939649006,4.9776154
4.4,4.238558228442244,4.349264
4.2,4.067149429073744,4.2786565
4.3,4.131611516762938,4.2786565
5.0,4.8368235517997675,4.9983325
6.6,6.6928405291087785,6.459632
8.6,8.991131630379744,8.5593195
8.5,8.774407535926546,8.571783
9.5,9.820302547466191,9.567468
10.1,10.515345584536718,10.094599
11.0,11.227033276307004,11.019479
11.2,11.294802222405846,11.037063
11.1,11.21636833467278,11.26911
10.9,10.932269455409958,10.811264
11.4,11.314929884277987,11.307259
11.3,11.247850527883863,11.098471
11.6,11.704105657523055,11.716328
11.1,11.221388411996038,11.254052
10.8,10.984617992637482,10.797982
10.1,10.232425234473716,10.173471
9.9,9.934773835571416,9.797204
9.6,9.757605927665217,9.6113615
9.4,9.519929609261954,9.230888
9.3,9.374443910460403,9.159048
9.0,9.068389741078011,8.897865
9.1,9.188390382639287,9.035365
8.8,8.846220715406655,8.772975
9.6,9.74669542057444,9.89968
10.8,10.958286160417291,10.852014
11.8,12.06161881472947,11.956286
12.8,12.958629108650786,12.718602
13.0,13.179835115202671,12.869676
13.3,13.33601642131254,13.091535
13.3,13.314973706572601,13.244353
12.8,12.841121300719053,12.687708
13.4,13.310476437432413,13.41164
13.1,13.173454391995474,13.319945
12.9,12.873039584401187,12.908748
12.9,12.880701975287202,12.977837
12.6,12.604241041954033,12.590733
13.0,12.964857208723949,13.009245
12.6,12.516775663132222,12.460351
12.6,12.515843543676098,12.625885
12.7,12.636087982979213,12.627742
12.7,12.588097241669026,12.625847
12.2,12.023724288328754,12.399686
12.5,12.60898565270399,12.417596
12.8,12.827221790233619,12.885245
12.9,13.176440908285148,12.920102
12.7,12.886742495076795,12.59825
10.7,10.508888435273839,10.847839
9.3,9.117903883465644,9.601523
10.0,9.802547628978928,9.717595
10.4,10.641066152625648,10.400079
10.5,10.651157052034538,10.518114
9.6,9.948878474416187,9.567883
8.9,9.129297123051721,9.083846
8.3,8.6490900143687,8.359024
7.7,7.93175178790802,7.6428404
6.9,7.1314324320288875,6.8794746
6.8,7.2520416225875906,6.924247
5.8,6.0741526339546965,5.8565507
5.3,5.724176903391758,5.3836327
4.7,5.036374638112001,4.5707064
3.9,3.979493708024421,3.8913572
3.7,3.4995505655554737,3.6475885
3.0,2.6771572509532007,2.955971
2.8,2.436458579661398,2.70704
2.5,2.0784390827032624,2.4235234
2.0,1.7600594785560304,2.0074027
2.2,1.897198089385931,2.0062728
2.2,1.8923257774301945,2.2877257
2.4,2.1244883409287567,2.4706962
2.2,2.0624865179428085,2.2898803
2.4,2.2170035368372325,2.5776439
2.6,2.3686127096624006,2.5755572
2.9,2.579156464200679,2.737116
3.0,2.83230097970808,3.0028224
2.8,2.488697882134737,2.697688
2.4,1.998206642859742,2.4171808
2.4,2.1123460408051713,2.3967292
2.6,2.3813113237870667,2.610689
1.7,1.4921905017884498,1.7469631
1.0,0.7878135578083487,1.061247
1.1,0.9142059050892613,1.061247
0.7,0.7676740604939098,0.7297462
0.7,0.6564820733104781,0.724665
0.5,0.45024344170411723,0.6130474
-0.2,-0.34751169551513783,-0.41043308
-0.2,-0.32239063585041805,-0.14879975
-0.3,-0.4520692789250944,-0.4529795
-0.3,-0.5741570456847782,-0.32604638
-0.4,-0.5242201764610002,-0.4308718
-0.1,-0.10525666580489457,-0.105840266
-0.2,-0.26238213284000267,-0.36733273
-0.4,-0.5350508075642679,-0.56466544
-0.9,-0.8004581048383415,-0.8805094
-0.8,-0.8418644060310285,-0.89155316
-0.5,-0.621620680825913,-0.56464446
0.1,0.18401036621958156,0.37421525
0.2,0.3200107572323745,0.3685397
0.6,0.8077979898579954,0.71049106
1.2,1.3892391228127607,1.1529696
1.8,2.054443391086423,1.7913079
2.5,2.9437527266781203,2.2289593
2.8,3.2849763862020183,3.1476774
3.0,3.1700647997763767,2.9544184
3.3,3.3374365599180393,3.4775233
3.3,3.16516882209131,3.2746208
3.8,3.8669491959525715,3.8522515
3.5,3.384174133606635,3.59232
3.5,3.3892496002249928,3.5929887
3.9,3.899339312639235,4.0605927
3.7,3.743438178987077,3.846382
3.1,2.92601720207783,3.0167937
2.9,2.7004256180445196,2.768328
2.9,2.6916120082315445,2.762798
2.9,2.6826071045771798,2.7637577
2.6,2.312718323165086,2.6001868
2.5,2.34453283615278,2.6150093
2.1,1.8528341567737598,2.111898
1.8,1.6052668223029087,1.9121964
1.9,1.8934630899091616,1.8624784
2.5,3.0378954805286043,2.6014884
3.0,3.6175979568342953,2.887387
3.0,3.6228458723239356,2.8789175
3.5,4.281756432202734,3.6205516
3.7,4.7091936045606815,3.899811
3.7,4.704672205101318,3.5843518
3.3,4.16558896174093,3.2897325
2.8,3.3140650609604734,2.8666697
2.2,2.836959911976507,2.373859
1.8,2.3240449333877677,1.9560832
1.4,1.8368522987437856,1.3254813
0.9,1.2257839460234976,0.8073524
0.7,1.0197696911707652,0.54619515
0.2,0.5470848537443302,0.22009821
0.1,0.38623263852656464,0.22724842
-0.2,0.06536132325609856,-0.29409495
-0.4,-0.19458695938850212,-0.50245667
-0.7,-0.5470256299994389,-0.722048
-0.8,-0.5970727270731757,-1.1278224
-1.1,-0.9567194078640568,-1.4405951
-1.2,-0.7501764152749857,-1.4694068
-1.3,-0.8639633961709166,-1.4736494
-1.3,-0.9535025819025478,-1.507317
-0.1,0.8589415826706102,-0.2763913
2.0,3.8294502150066023,1.413422
2.4,3.642542981151138,2.0425673
3.1,4.53127865360392,2.975956
4.9,7.121960395829767,4.370666
5.7,7.940649528087693,5.116645
5.7,7.608567026634496,5.436474
5.7,7.47755692207911,5.5586205
5.0,6.654569521903177,4.867192
4.8,5.872091371576779,4.4259686
4.6,5.556592290066497,4.1109996
4.6,5.70820255867001,4.5147533
4.7,5.861233130706609,4.532058
4.6,5.754167593475998,4.532058
4.5,5.607211652228187,4.227761
4.0,5.084397851600244,3.8455925
3.9,4.5505898510811065,3.7274368
3.9,4.494816181698958,3.6350634
3.4,3.8245000681481613,3.3388126
3.9,4.326666741523162,4.0683823
4.1,4.539694992023385,3.996438
4.3,4.517766702812551,4.222017
4.3,4.680379149736083,4.388891
4.4,4.630690095074883,4.3072042
4.8,5.269671248262526,4.8400345
6.0,6.631583674053992,5.6057057
7.8,8.644741651027775,7.7387223
8.8,9.565158486477717,8.759748
10.0,10.61499791358094,9.770707
10.5,10.886522100322562,10.116208
10.6,11.112881780417133,10.50313
10.8,11.094860074932733,10.779373
10.4,10.708726376229691,10.297702
10.5,10.640440524385983,10.475594
10.2,10.493317306414749,10.334832
9.7,9.928563037386677,9.457721
9.7,9.89403142453266,9.449106
9.2,9.272584482155658,9.08167
9.3,9.337344716985278,9.181812
9.1,9.127514854701186,9.107085
8.4,8.497511298363612,8.424541
7.9,7.817082377084681,7.8219233
8.8,9.176790934489905,9.008551
8.5,8.921744663867482,8.182923
7.4,7.899109276812769,7.4459424
8.5,9.011319452682837,8.442211
7.8,8.44131809251068,7.90573
8.6,9.467769601728943,8.512382
9.1,9.802503362866208,9.269431
9.8,10.644850468339595,10.017351
10.2,11.003343955514769,10.251083
11.1,11.966382043212512,11.000624
11.5,12.067471317289971,11.344624
12.2,12.798023422237097,12.065347
12.2,12.59070288232424,11.936454
11.7,12.098594161599433,11.413165
11.6,12.148715361544962,11.386626
11.7,12.276186976192587,11.447937
10.8,11.196104863818366,10.830744
10.8,11.167251926259485,10.68335
10.8,11.26351995534926,10.577528
10.2,10.636580869617251,10.092796
10.0,10.559394078888417,9.945402
9.8,10.261660240249917,9.691689
9.7,10.150058082223456,9.710132
9.1,9.428054562793491,8.852743
7.9,8.148568026278653,8.001005
7.5,7.487357771025579,7.405254
7.8,7.942412705593913,7.7951727
7.8,8.151023485875562,7.8269315
7.6,7.8940433058836845,7.570208
7.7,7.972763764914195,7.801538
7.9,8.377471628675128,7.9139233
6.9,6.9137905806752045,6.84902
7.2,7.049542488704034,7.1071315
7.6,7.370650462546955,7.515054
6.7,6.361864107092991,6.6933727
6.5,5.9362147467327375,6.525935
6.6,6.193825147698817,6.678027
6.8,6.292980525889433,6.7759852
7.3,6.924653372083867,7.358379
7.7,7.580758459007129,7.8321037
7.8,7.650498905338665,7.9811215
7.8,7.5901174257731014,7.8749766
8.0,7.575323369830137,7.9846497
8.1,7.595748990152529,8.029644
7.9,7.412185837732693,7.779548
7.8,7.183874193702046,7.6661344
7.6,7.12680854198927,7.7339892
7.5,6.98905696602467,7.5235553
7.3,6.711293006929907,7.3711348
7.4,6.942016093724426,7.514073
7.3,6.7447189872725914,7.213426
7.4,7.000894977101048,7.4698257
7.4,6.994030193376652,7.469758
7.5,7.118128795364171,7.5412693
7.5,7.138320555811468,7.3791
7.5,7.164624675297375,7.37814
7.3,6.918546417091477,7.3395996
7.5,7.3001131120065,7.5615053
7.1,6.846040281743797,7.1501474
6.4,6.033761902182761,6.5251126
5.5,5.198241564092676,5.553484
4.7,4.356547240343694,4.872709
4.5,4.135657677898685,4.3300667
4.3,3.9201815191798914,4.274612
4.1,3.6912319353402196,4.165653
3.9,3.2154027806749355,3.657659
3.9,3.497529703235351,3.9048703
3.7,3.4091368047668595,3.7375903
3.5,3.3570226347636165,3.3298316
3.1,2.9311386232408765,3.030628
2.9,2.802745150939444,2.849933
2.8,2.8465738574195214,2.7480576
2.5,2.625083319984789,2.6520257
2.4,2.743164246934178,2.390588
1.5,2.1604017548064505,1.401404
1.1,1.8554271980782104,0.9310743
0.4,1.7794368270468937,0.54152286
0.9,2.396615576827287,0.9974297
0.3,1.3127683143893663,0.57191706
0.0,1.1521449438719031,-0.026838142
-0.1,1.0064757224456642,-0.37087852
-0.4,0.7646371026957013,-0.39700854
-1.2,-0.5224730502005386,-1.132975
-1.4,-0.05214992955485798,-1.4297107
-1.4,-0.3183317302709767,-1.491205
-2.3,-1.4539585483666855,-2.400626
-2.6,-1.6910277102018156,-2.39622
-2.9,-2.17681233169246,-2.9765449
-3.2,-2.6881293039983447,-3.1444705
-3.7,-3.1758886469780307,-3.562862
-4.1,-3.6640615268959777,-4.271255
-4.2,-3.9516009232932205,-4.3424926
-4.7,-4.667440349152329,-4.948937
-5.0,-4.900327350701062,-4.9652133
-5.0,-5.035723005141087,-5.014218
-5.4,-5.616937000038149,-5.7463737
-5.7,-5.851723933963072,-5.785197
-5.5,-5.545237502212444,-5.7439985
-5.6,-5.729103371754192,-5.740974
-5.2,-5.119960370561131,-4.9662437
-4.5,-3.954194117583235,-4.7334356
-3.7,-3.1996938441308416,-3.5565903
-2.2,-1.3672398125069947,-2.08405
-1.4,-0.4325012480814294,-1.0613633
-0.3,0.8517322753806695,-0.35488456
0.3,1.5315848476566174,0.50944597
0.4,1.1750123353399786,0.42437175
0.8,1.4611662315489014,0.88012266
0.8,1.3607452929555777,0.9006519
1.2,1.491694564371862,1.2310865
1.3,1.8027043054682537,1.3771123
1.5,1.877569223727754,1.4048096
1.5,2.0003861698441128,1.4339471
2.0,2.7680593499129316,2.2123055
2.2,2.913386660122434,2.2123055
2.0,2.576644774896316,2.0794837
1.8,2.135272574645107,1.9099844
1.9,2.264782285738619,2.026515
2.0,2.399666381049343,2.3769665
2.1,2.3909636770965363,2.3769665
2.0,2.0901311101314164,1.7906097
2.2,2.469484254245309,1.9230851
2.2,2.450436517207436,2.3766608
2.5,2.7961487961379845,2.817419
2.8,3.288981345350251,3.0774748
4.6,5.264331795509385,4.655208
4.6,5.299562220020391,4.444068
4.6,5.202734947192262,4.882003
4.5,4.358153001771193,4.5466495
4.7,4.791256581428414,4.7680087
4.6,4.634733286044543,4.8373957
4.8,4.880164352336884,4.986854
4.9,4.788374322721111,4.964019
5.1,4.697712630681892,5.1208634
5.3,4.891261950066131,5.2506976
5.2,4.584969662206184,5.1956506
5.7,5.215281382201951,5.647449
5.5,4.977731212382665,5.4983363
5.7,5.169689805254215,5.5475163
5.5,4.879281620992195,5.372185
5.0,4.260211487195619,5.003953
4.9,4.050503050073367,4.7952623
5.5,4.8279581538465095,5.4503784
6.0,5.490782920882019,5.907099
5.6,5.273736713374191,5.8346176
5.8,5.443902674102446,5.833429
5.7,5.546955232349397,5.6553564
6.1,6.1580014867610515,5.8722796
5.6,5.358728462878879,5.6325283
6.1,6.127462179905024,6.0882487
5.2,4.824061823825808,5.209513
5.5,5.1460667511152565,5.393961
5.9,5.633281894716134,5.9940686
6.1,5.86055998137293,6.115267
6.5,6.335775070352689,6.5546327
6.6,6.361549245064559,6.7223725
7.0,6.843593938381488,7.035221
6.2,5.810679165357655,6.5355067
7.1,6.857421677998595,6.879189
7.8,7.666026244677113,7.621732
6.9,6.335159267458138,6.887123
6.4,5.742204226319359,6.4159217
6.5,5.8431142566230605,6.591839
6.8,6.28295030013544,6.893706
6.9,6.494924289679588,7.034288
7.3,6.930108315361245,7.1896157
7.2,6.819837518930747,7.1110163
8.1,8.019696155113785,7.9798245
7.5,7.3268367837840955,7.258232
7.3,6.977360040064603,7.085443
8.1,8.024569347585416,7.9818444
7.5,7.260833147796966,7.453026
7.8,7.562123188762293,7.618971
8.0,7.6105561056850135,7.880687
7.5,7.229460621209142,7.384887
7.5,7.306899385939211,7.538316
6.6,6.181027093441166,6.5966673
7.1,6.719794909046563,7.033628
7.0,6.466438326974661,6.9559875
7.1,6.721992735618386,7.35735
7.2,6.571272154195761,7.0492644
7.0,6.643602734405945,7.0504947
7.1,6.76255401140876,7.0504947
6.8,6.343345239870722,6.871128
6.6,6.2048965190989165,6.7466393
7.0,6.369092122687746,7.0538254
7.7,7.036206481659981,7.619381
7.8,7.257889720195813,7.760449
7.6,6.937071732902808,7.622994
6.1,5.2313783130505485,6.077252
6.4,5.595666374469602,6.4238396
6.6,5.818870509571397,6.738766
7.3,6.584754342993882,7.4469476
7.1,6.355540051390669,7.1974187
7.0,6.207577288715392,7.1819277
6.7,5.913143772319309,6.8267813
6.7,5.829773623613988,6.687851
6.6,5.872100073601459,6.686015
7.2,6.565044588117857,7.166501
7.1,6.332363924987831,7.0509634
7.3,6.554869746568841,7.164665
7.5,6.772625430394704,7.4625087
7.6,6.882748519350137,7.6710124
8.3,7.685491354306286,8.269857
7.5,6.690340082705347,7.346906
7.0,6.220124933123927,6.98766
7.9,7.059042254858326,7.9240484
9.8,9.305449394242693,9.83288
9.9,9.346434399891294,9.952746
7.6,6.817375645968994,7.6745234
9.2,8.572368320356869,9.093539
10.0,9.506454790968842,9.942625
9.4,8.7037127993162,9.324635
10.3,9.819772056309482,10.36242
10.3,9.967525273226084,10.612486
10.2,9.734554877052712,10.3143
9.5,8.988162793510224,9.606998
9.0,8.337598445244936,8.812187
9.6,8.991602230765857,9.379943
9.6,9.019621051931562,9.376222
10.5,10.07715978584995,10.490937
10.5,10.25641695663182,10.801074
10.9,10.698027761571357,10.920337
11.4,11.271237310052037,11.364304
11.5,11.245604307148117,11.558027
11.4,11.281727061615424,11.37778
11.7,11.573158218867306,11.783381
12.1,11.905647564582413,12.107055
11.8,11.627064761693049,11.666131
11.6,11.422019248642378,11.318592
11.7,11.63461563207466,11.600019
11.3,11.08621261662309,11.278378
11.8,11.707724651114571,11.74778
9.4,8.998215780648952,9.220882
10.6,10.453392352736138,10.792061
11.5,11.469457429555845,11.367987
10.8,10.712597882235507,10.846035
10.6,10.595744046490587,10.733521
10.7,10.589822550689053,10.60796
11.0,10.936944875959366,10.776715
11.7,11.62493606814066,11.36634
10.7,10.709060482042567,10.647366
11.5,11.622489512432193,11.333807
11.3,11.30172425070863,11.204001
11.4,11.473124496366452,11.350147
11.3,11.35150266514761,11.361011
10.9,10.985929177802376,10.831824
11.4,11.414579715747749,11.095221
10.9,11.042325025275261,10.730626
11.0,10.930421888768095,11.1705265
10.8,10.571000734985077,10.532961
9.9,9.7918602000044,9.873359
9.8,9.68589557899935,9.761949
9.5,9.285271218906406,9.4801655
9.1,8.96782011820332,9.048666
11.0,10.841707687922678,10.965887
11.1,10.934094904806845,11.003703
10.2,10.108947436258287,10.462702
8.6,8.227555176858143,8.682939
8.0,7.461711233906769,7.9467187
7.4,6.906137697652511,7.3988996
7.0,6.709021148488269,7.289752
6.8,6.331425531802537,6.6814103
6.5,6.095961375318417,6.671694
6.1,5.765241855438987,6.071128
6.1,6.079305374228433,6.142054
6.0,5.66733317924151,6.0392137
5.8,5.337849455875272,5.8706427
5.5,4.909008885179524,5.5668335
5.8,5.497526341438011,5.8732333
6.0,5.976511584441539,5.910902
5.5,5.031055931636871,5.64011
5.2,4.664257191667154,5.079331
4.7,4.478200533589764,4.903364
4.3,4.518301559375736,4.34813
4.3,4.3625954336806885,4.345236
4.2,4.133967250830807,4.133423
4.1,3.8469721530006282,3.9614837
3.6,3.1071074567802057,3.6938288
3.9,3.5109841753362474,3.9292078
4.4,3.9731695935856237,4.3912387
4.4,4.347518496742104,4.376928
4.6,4.482091578660608,4.476203
4.5,4.341506444616996,4.801894
5.0,4.672814913626496,5.1645784
5.2,4.91803624786067,5.2200813
5.3,5.0801690385672345,5.2408376
5.4,5.357263441292581,5.356211
5.4,5.147452489003207,5.497596
5.4,5.018569928398044,5.323292
5.6,5.2888789511283605,5.5996714
5.5,5.174312027782719,5.4472814
5.5,5.216387873533954,5.509872
5.5,5.202297938605824,5.448973
5.2,5.000692429649533,5.3014784
5.2,4.991001343939175,5.3121867
5.2,4.884798345193438,5.0981965
5.2,4.758774159756548,5.043632
5.3,4.884005544008076,5.167796
5.3,4.886724469265083,5.1683373
5.2,4.805199466451548,5.044929
5.3,4.936392635655039,5.0967116
5.3,4.897415829868663,5.096839
5.3,4.91063744894727,5.0450563
5.0,4.55074502294147,5.0524735
4.7,4.213971240737827,4.4562564
4.4,4.0653182260350675,4.501366
4.6,4.165000720902299,4.6956973
4.2,3.6767112819600456,4.2112436
4.0,3.2239090201931617,4.0893097
4.2,3.450740431790848,4.1994653
4.5,4.032535646032457,4.647136
4.8,4.273862706961722,4.778352
5.1,4.3697441860905215,5.021329
5.6,5.049099281118593,5.5820117
5.6,4.957368441028713,5.525926
5.5,4.868319543744228,5.4789715
5.5,4.84484108070945,5.4845014
5.6,5.203428123121114,5.5416827
5.6,5.310335752632447,5.742872
5.7,5.323120985645836,5.7448893
5.6,5.1017492483824185,5.514196
5.6,5.21428227193428,5.716303
5.6,5.095402749862089,5.514196
5.7,5.345109214472643,5.8393564
5.7,5.247609192655702,5.716303
5.8,5.423608618664936,5.8394837
5.9,5.5482738340237745,5.83693
5.7,5.417893753055502,5.7788944
5.7,5.322993675926703,5.5764375
5.6,5.2097462767775085,5.5350127
5.4,4.722010625947959,5.3455
5.6,4.97101145421356,5.5350127
5.6,4.935435783465579,5.5359726
5.5,4.784497667437918,5.509753
5.5,4.701629769803866,5.449595
5.4,4.7047126270323645,5.340193
4.8,4.0394150020200215,4.8376474
4.9,4.0400770630562945,4.918533
4.8,4.156008652133458,4.767285
4.4,3.71555987516728,4.37968
4.5,4.034166190036501,4.4818068
4.4,3.9343643896526217,4.2443285
4.5,3.8462812192568236,4.4295616
3.5,2.9229764809358514,3.3685563
3.5,2.950384908574719,3.5776057
2.9,2.4923304506503996,2.9853842
2.7,2.1519064543813116,2.8405027
2.3,1.5789615170601294,2.2376652
1.9,1.3006520931960068,1.8462784
1.5,0.7602229213833738,1.6151274
1.3,0.5358729657917465,1.3934294
1.3,0.5409016830280109,1.39954
0.9,0.14657957648957876,0.9555513
0.9,0.1092031866001264,0.96534425
1.0,0.3705280751730484,0.99280894
1.7,1.2510620534022578,1.6706547
1.6,1.151867757771278,1.6706547
0.6,-0.14986626059738484,0.6296665
0.9,-0.0710571032686218,0.9648635
1.4,0.6391786751007089,1.6069896
1.7,1.0020986482307563,1.6446029
2.2,1.5892514255620611,2.360722
2.6,2.19408773678132,2.6502414
3.0,2.513462794061681,2.958758
3.2,2.835644364138737,3.2010765
3.3,2.736428383718547,3.4267488
4.5,4.178498535184097,4.533727
5.0,4.69645518843479,4.9807076
4.9,4.471956806751066,4.904797
4.3,3.7966547004011773,4.2631707
3.9,3.447121170664758,3.9310253
4.1,3.8161384334499786,4.1959095
3.8,3.4449046353736676,3.9327984
3.7,3.346499058886664,3.7298746
3.5,3.1135726181854793,3.329416
2.9,2.856981589040707,2.9519362
2.3,2.0341400730508497,2.4083216
1.8,1.320699031649049,1.7950895
1.1,0.2470207713280672,1.0643876
0.9,-0.08714427463308283,0.95989895
1.1,0.3847419118687796,1.0881455
1.2,0.5526319832903113,1.089981
0.5,-0.4515620841300958,0.59599036
0.9,-0.11286593548760493,0.9405173
0.8,0.07399973659332915,0.8953757
1.3,0.5854049194023787,1.3976997
1.5,0.7850784069935628,1.551665
1.9,1.529644542045574,1.9405483
2.2,1.6711472327330128,2.2431755
1.9,1.3470843648254274,1.830519
2.0,1.2042788376085198,1.941873
1.6,0.865152573198742,1.6394503
1.7,0.977830530861759,1.7526547
1.7,0.9648176106160378,1.6295444
1.8,1.2173926675282871,1.7825513
1.5,0.7430604301216732,1.5456629
1.4,0.454382888702213,1.4985968
1.5,0.6359338801297625,1.4829463
1.8,0.9996236385111956,1.7835226
1.2,0.2621321135432453,1.2889848
0.9,-0.19944532736533915,0.94162345
1.2,0.4652495346476542,1.2075665
1.0,0.41485859268982495,1.0210742
0.6,0.20032699537931364,0.7111297
0.4,0.023219382215160067,0.41153628
0.1,-0.18669183784509613,-0.04953421
0.6,0.15987845787598332,0.44622952
1.1,1.0378357970811436,1.1915045
0.7,0.6283066300073941,0.7203853
0.9,0.8971932618453806,0.7720986
0.6,0.6410044593504125,0.730658
0.8,0.7432183508787489,0.73013794
0.3,-0.018672165315742006,0.20002328
-0.1,-0.12414865996186819,-0.12672952
0.1,-0.24101886444728393,-0.015439809
0.4,0.13557895632746408,0.3830897
0.2,-0.2508311028321586,-0.04100124
-0.5,-0.771354554507198,-0.39767355
-1.0,-1.3299481789895466,-0.9124872
-1.0,-1.5298473128391663,-1.0250043
-1.2,-1.8607811580370068,-1.1359267
-1.7,-2.4586986454951614,-1.5743518
-1.5,-2.3600534880784068,-1.4546607
-1.6,-2.464583272640077,-1.4491147
-1.4,-2.1496701083354495,-1.4413707
-1.1,-1.6605682018277363,-1.0227286
-1.0,-1.6366874644239786,-0.91392756
-1.1,-1.8060940818476325,-1.0173521
-1.3,-2.042749806318845,-1.1923568
-0.6,-1.21918628539499,-0.39969355
0.6,0.27545706812541226,0.70509773
1.7,1.5682110529223152,1.7429779
3.0,3.03685051978038,2.8407729
3.7,4.02711866987854,3.8664422
4.2,4.407950502066534,4.236834
4.4,4.58754934242755,4.432246
4.4,4.482890901454702,4.347954
4.4,4.442256988462461,4.473344
3.5,3.175857790382352,3.372824
3.4,3.1898083797813186,3.372824
2.2,1.7013373132908,1.9989452
1.2,0.5581343115920134,1.2077719
0.4,-0.33736821319844523,0.55159265
0.4,-0.3925954775025602,0.56260544
0.5,-0.2514551989174194,0.39489725
0.6,-0.12088536426449537,0.65822816
0.7,-0.1093148029313653,0.58074117
0.7,-0.05038306365896261,0.6729869
1.1,0.33655662041603307,1.0209755
1.1,0.0989390245318944,1.2695994
1.3,0.4719759943197914,1.5064824
1.3,0.5936811985138775,1.3101057
1.6,1.1820484759859013,1.4640526
1.6,1.3273884031304632,1.6568328
1.9,1.711184173181877,1.8816792
1.8,1.580196970551114,1.878243
2.0,1.78657785834298,1.877824
2.1,1.9708523867846424,2.195976
2.6,2.5268315274784,2.6231425
2.8,2.950950621920285,2.8425202
3.2,3.3496496866838115,3.233514
3.1,3.1749777382888453,3.0250132
2.9,2.7527008256340793,2.7711437
2.8,2.587333088239241,2.7319112
2.7,2.5062766612022855,2.7031956
2.5,2.4083518975941303,2.6157563
2.4,2.40052112817272,2.5494049
2.2,1.9397483178377186,2.2753277
2.1,1.7601989050718458,2.1880808
2.2,1.8740503914723377,2.0154824
2.0,2.235172783395633,1.7646248
1.4,1.615887065966156,1.2595545
0.7,1.1094487374576971,0.7870978
0.5,0.8090170970062687,0.6724654
-0.1,0.24431727881502496,-0.036403157
-0.1,0.24809438642079584,0.013126207
0.2,0.5670350247476748,0.17931819
0.9,1.3322980023172661,0.7555422
0.7,0.9286435130172848,0.6982757
0.7,0.7904199290900635,0.69799525
0.7,0.9429933654167613,0.6963783
1.0,1.150375929777418,1.1128902
0.8,1.0290967503464827,1.028509
1.1,1.2441201491962772,1.1047475
1.6,1.678213483212005,1.6475366
1.8,1.8878479665013188,1.7862498
1.4,1.7932189384038537,1.2880299
1.7,2.066749981170503,1.54366
1.6,2.0326840357754463,1.8268561
1.6,2.0227402211654137,1.4790428
1.7,2.0262898210031324,1.5564368
1.4,1.758738105640333,1.2802773
1.3,1.5755889957673546,1.2428538
1.5,1.7197768253098715,1.3936833
0.9,0.8165548397871305,0.8305354
0.5,0.4539481635202094,0.6376966
0.4,0.21487812007030982,0.2741552
0.4,0.327070909667988,0.27063197
0.5,0.3079933287350727,0.27210838
0.5,0.3331087894710123,0.2724675
0.8,0.8025696193145677,0.8412478
1.2,1.2164976346093894,1.1657611
1.6,1.5861501063719814,1.5315202
1.5,1.6404070687948789,1.595846
1.5,1.443003070637559,1.5252608
1.7,1.7799942367220751,1.7174226
2.2,2.2192136832437086,2.222344
2.3,2.376828658404655,2.2227468
2.3,2.3633774236222465,2.225205
2.2,2.2059736181190175,2.1179435
2.1,1.9678926751083665,2.0161667
1.9,1.8768385475325857,1.9161321
2.2,2.051420967226669,2.0161667
1.9,1.8370792184191416,1.9701612
2.2,2.0433342106390526,2.2854178
0.8,0.12814409492737866,0.90841186
0.6,-0.30203888399245216,0.5196847
1.1,0.7569919113522374,1.2244372
1.0,0.46104547519773575,1.0685391
0.7,-0.12930183517584481,0.70652205
0.6,-0.19138623959953804,0.51529014
0.8,0.3343660254499383,0.9679419
0.7,-0.13724526567418138,0.6544607
1.0,0.3954780540281959,0.8937385
1.0,0.25098704229926483,1.0371739
1.3,0.7124600837119459,1.3870014
1.5,0.9355054734056125,1.4734846
1.4,0.8909726393252413,1.3870014
1.5,0.9219812730339925,1.4324768
1.7,1.2450428963549172,1.595643
2.0,1.3216157730005165,1.9965152
2.1,1.441711612339212,2.1199346
2.1,1.855936772435264,2.1285222
2.4,2.1206682703082294,2.2704606
2.2,1.743131823112499,2.1985145
1.9,1.3364787745884001,1.7820622
2.0,1.490336256996457,1.9606465
1.9,1.2093747753212583,1.715257
1.8,1.1600857645665599,1.715342
1.3,0.6478540010481524,1.3884538
1.6,0.8302866808241731,1.4990321
1.4,0.7101165744193523,1.3865198
1.2,0.2463389329598229,1.2893155
1.2,0.238779120778986,1.2227256
1.1,0.23486613672623946,1.2638156
1.1,0.32521852859179035,1.0681343
1.2,0.43230320595321103,1.0752043
1.1,0.4031140360432488,1.094449
1.2,0.4837186779585281,1.2194706
1.7,1.051792485733273,1.6740148
2.0,1.5168843472718905,1.9163929
2.1,1.940645341822183,1.9810762
2.1,1.8358600867966928,1.8920184
2.2,2.177770629293896,2.140123
2.1,2.000845574024879,2.1626723
2.2,2.255995524275953,2.2497585
2.3,2.1653175841698626,2.4538019
2.0,1.7837398574981478,1.9972634
1.9,1.6815088374379386,1.9333005
2.1,1.954606209723707,2.0094223
2.1,1.7629014786366497,1.9645524
2.1,1.6888152900947802,2.2911727
2.0,1.414526180525037,2.0087569
1.7,1.0791120771227867,1.6957169
1.4,0.90514422297435,1.5686585
1.4,0.7496233949541065,1.3640562
1.2,0.3991143829260082,1.1114565
1.0,0.334000826793023,1.0500528
1.0,0.20835102361606062,0.90017843
1.4,0.8192991013453295,1.3973
1.8,1.2169309675720754,1.7785908
2.0,1.2990117702394386,1.8397104
2.1,1.6915719345551707,2.1983743
2.1,1.6457867885861788,2.1916273
2.6,2.281536865277438,2.6107411
2.9,2.700852658504502,2.8322957
2.9,2.6449202541121366,3.0022633
3.0,2.618363355165563,2.972566
3.3,3.0167785296714413,3.0463102
3.4,3.092630494256028,3.21012
3.4,3.007981287553612,3.2204123
3.3,3.015382720049871,3.2210357
3.1,2.5324327998675997,2.9816475
3.0,2.6998343270448615,3.062067
2.9,2.580724455230026,2.8999653
2.5,2.1346067719399713,2.6293442
2.3,1.6164199191742838,2.3231502
1.9,1.0027920460933757,1.8403155
2.1,1.5877924005627762,2.284034
2.6,1.9525181536807281,2.549189
1.7,1.0935396520168368,1.6658201
1.8,1.1297238774760459,1.7188361
2.7,2.286921866687635,2.6127625
2.6,2.1804515931861133,2.557698
2.5,2.2450001785716154,2.557698
2.6,2.2882523342785106,2.5479083
3.4,3.1215214486568996,3.4726853
3.0,2.758133417213898,3.1528213
3.5,3.4289937775526695,3.3904324
3.4,3.288998111361394,3.2144592
3.4,3.2018564346897804,3.2144592
2.7,2.6660640662070847,2.6591735
2.5,2.4539093122602296,2.557171
1.8,1.7389603616866083,1.9271872
1.9,1.514934341684345,1.7829559
2.6,2.461254038035989,2.6106334
3.0,2.905264228669793,2.8466141
3.2,2.792510094760324,3.282014
3.2,3.0554896953736517,3.282014
1.9,1.4944107645371716,1.9236732
1.7,1.3446289318611946,1.6850761
2.1,1.6881443749051925,2.125226
2.1,1.81611205571172,2.0789921
2.1,2.087013559023198,2.0780325
2.2,1.9378823401851974,2.077391
2.4,2.2838511705124276,2.267189
2.1,2.0176901850028486,2.2319193
1.9,1.6060299135900493,1.8722959
1.9,1.5924857264162497,1.8121358
2.1,2.0612489392119215,2.2151883
2.0,1.9286479094368971,1.9043278
2.2,2.1258728085711027,2.324542
2.1,2.0889641219875585,2.2242851
2.0,1.9869273719581884,1.91391
1.3,0.9845922514721721,1.2902443
0.9,0.786491334513407,1.0980825
0.5,0.2100975498825548,0.70146877
0.7,0.3501647074652041,0.789184
0.4,0.008672320913539977,0.43936184
0.6,0.1017261024712397,0.691959
0.6,0.15553730527052778,0.48302275
0.6,0.3005656466368194,0.6074921
1.2,0.9357007974370788,1.2494309
1.1,0.7024790984836145,1.0693139
1.2,0.902534808464722,1.0720667
1.7,1.332964102010557,1.6460022
1.7,1.6024254577988444,1.7691125
1.6,1.3162284276385279,1.6529623
2.0,1.41165397010856,1.9523463
2.4,2.048456754624972,2.5024397
2.2,1.5676587428092006,2.2043025
2.2,1.6853060585515607,2.422371
1.9,1.445110925509752,1.8918786
1.6,1.2758031153186735,1.677232
1.1,0.740030990977175,1.0437056
1.0,0.5996995726068164,1.0931762
1.0,0.8227304615270228,1.1729681
0.8,0.5244308428339792,0.90873504
1.1,0.9656976974157061,1.0013528
1.1,1.201667878951632,1.1160911
1.5,1.6079985498160738,1.5615742
0.9,0.6996166015071523,0.94740677
0.7,0.5707836635077115,0.5684531
0.3,0.1089007209541819,0.40157983
0.1,-0.14621684152240988,-0.0129430685
0.3,0.025301379842872507,0.3363567
0.1,-0.16959311074321448,-0.043318518
0.4,-0.03346217436001098,0.64491653
0.8,0.21833407471827115,0.72453594
0.8,0.3399693237793997,0.79445285
0.9,0.29975768409148174,0.91778475
1.7,1.2106449761941604,1.7612797
1.7,1.2906700722061402,1.7569199
1.9,1.5355152093238615,1.8109355
2.3,1.8417658521811902,2.42219
1.5,1.1536994631552417,1.6119868
0.9,0.31492053873787995,0.94162005
1.2,0.6191153894092807,1.1920925
1.5,0.8738092863228957,1.3728803
1.9,1.4140256476156452,1.8338027
2.4,2.1089796560348546,2.3919368
2.7,2.8301899621672604,2.6572077
3.0,3.1533122430003075,2.8457606
3.0,3.346894678521565,3.1221864
3.3,3.50745098591036,3.0851288
3.4,3.579394247799385,3.4274487
4.6,4.867698782376394,4.593157
4.3,4.427193957063942,4.361925
3.0,2.6594594118212385,2.927075
2.3,1.77050460059818,2.2647672
2.1,1.5509844505776513,2.0912545
2.1,1.4411814103736944,2.092214
2.2,2.0023538227785593,2.326191
1.8,1.384769480438976,1.8634013
1.0,0.3901134007589846,1.019922
-0.1,-0.7084040987851026,-0.26396036
-1.7,-2.5638459663339646,-1.7069719
-1.8,-2.2097257896098483,-1.7803848
-2.0,-2.6120452423199794,-2.0719624
-1.9,-2.7602920362893713,-1.9535129
-1.8,-2.3644636826475818,-1.781831
-1.7,-2.6229371031354276,-1.7815146
-2.4,-3.4034693768641944,-2.5863693
-2.7,-3.399266286006842,-2.8156495
-3.1,-3.538292457036924,-2.9378552
-4.2,-4.629444140783683,-3.8920443
-4.4,-4.6730039922656275,-4.421556
-4.9,-5.302380806445498,-4.937674
-5.5,-6.135891645497011,-5.467819
-7.6,-8.2328418481424,-7.895196
-8.6,-9.223850067606747,-8.665213
-9.9,-10.348339040265955,-9.553748
-11.0,-11.828972236373751,-11.153841
-11.6,-12.351541059715423,-11.1560135
-12.4,-13.101796321486162,-12.467902
-13.1,-13.758522174252512,-12.445086
-14.3,-14.586958031669539,-13.878866
-15.7,-16.665351050146484,-13.988507
-16.0,-16.86660986054251,-14.414865
-16.9,-17.77569630153853,-14.523501
-17.3,-17.838265040107785,-15.316703
-18.4,-19.138609279221477,-14.914571
-18.7,-19.404855646277994,-15.623462
-19.7,-20.42883739455808,-15.806211
-20.7,-21.569282494499944,-15.806211
-21.4,-22.300097163544677,-16.031193
-21.3,-22.15081115927977,-15.980422
-20.7,-21.312737500859264,-16.25671
-20.2,-20.433758243385626,-16.21914
-19.8,-20.111857362033085,-15.737374
-19.1,-19.21696870800504,-15.653793
-18.7,-18.946849657257154,-15.646989
-18.3,-18.505871326860415,-15.646989
-18.7,-19.160953071929008,-15.478111
-20.1,-20.59608993336129,-15.19185
-20.2,-20.850864127849228,-15.106746
-20.6,-21.285685313473948,-15.111214
-20.5,-21.174298673991842,-15.2030735
-20.7,-21.472445820010194,-15.164199
-20.6,-21.54635851573375,-15.210743
-20.5,-21.494617763312633,-15.210743
-20.4,-21.372340869401512,-16.020842
-21.2,-22.21628819366704,-16.020842
-20.9,-21.95862962896652,-16.012121
-21.1,-22.184535558698684,-15.939717
-21.2,-22.284289600198427,-15.979969
-21.3,-22.42436934648496,-16.099245
-21.1,-22.286477989013882,-17.149824
-20.7,-21.85118908209624,-17.297756
-20.7,-21.862516640358614,-17.54376
-20.1,-21.03589106438821,-16.755621
-18.9,-19.46242079780629,-16.211342
-17.4,-17.281747025222423,-16.191673
-15.9,-15.670294613275075,-16.191673
-15.1,-14.60198342566352,-15.972179
-14.9,-14.353995721656517,-14.010886
-14.4,-13.836323500786364,-14.062548
-14.7,-14.106064732531017,-14.215544
-15.6,-15.119724378717216,-15.673408
-16.3,-16.318689835059914,-15.689976
-16.2,-16.16808051051364,-15.646427
-16.3,-16.179082836175986,-15.646427
-16.4,-16.780829536583234,-15.470325
-16.4,-16.577450585823414,-15.555429
-16.2,-16.51158742952986,-15.337544
-16.3,-16.726618064299373,-15.893648
-16.0,-16.541495265259407,-16.044563
-15.8,-16.314885963969672,-16.18397
-15.7,-16.168682622883132,-16.245058
-16.7,-17.128306775604806,-15.974996
-17.6,-18.162699258790816,-16.156523
-18.4,-19.049041251173833,-16.231022
-18.8,-19.40132588950624,-16.182386
-19.0,-19.640221902366363,-16.456017
-18.2,-18.55645828776533,-16.089756
-17.3,-17.271182178500958,-15.975397
-16.4,-16.11412051363731,-15.930201
-16.1,-15.726751399366776,-15.904023
-15.3,-14.618733714085828,-16.086777
-14.8,-13.844955796067573,-14.274724
-14.8,-13.882339827607026,-14.076219
-14.8,-13.63356151697917,-13.700779
-14.8,-13.812876572902098,-14.000966
-14.9,-14.23369791511427,-13.984886
-14.6,-14.199016460538857,-14.004138
-14.6,-14.121858550691655,-14.004138
-14.4,-13.92917726887034,-14.296584
-14.3,-13.94243575047664,-14.211668
-14.5,-14.094624963610158,-13.96458
-14.6,-14.275754782898886,-13.984334
-14.5,-13.908080260358133,-14.057305
-14.4,-13.958703962411953,-14.080436
-14.1,-13.704590305777913,-14.330394
-13.6,-12.989949677835817,-14.249158
-13.2,-12.518346693815786,-12.092949
-12.4,-11.745835468243676,-11.958376
-12.1,-11.653692908459824,-11.969566
-11.4,-11.05248217426216,-10.726145
-10.2,-9.613811252140138,-9.864249
-9.2,-8.605483797289395,-8.89246
-8.0,-7.266065271349376,-8.036871
-7.2,-6.341526380091707,-7.212744
-6.6,-5.829165419489044,-6.279077
-6.6,-5.969037174778293,-6.3141246
-6.8,-6.13395126014391,-6.474655
-6.8,-6.278745307616802,-6.4744806
-6.1,-5.655437272157883,-5.9657474
-5.8,-5.424726615080125,-5.905667
-5.3,-4.973800533438997,-5.4647956
-4.8,-4.2721232693695015,-4.889762
-5.0,-4.515678928764025,-4.894358
-4.8,-4.540324667823249,-4.937337
-5.6,-6.017462704496879,-5.451056
-5.9,-6.835812350492908,-5.8518977
-6.0,-6.83592506490367,-5.849632
-5.7,-6.720158180325981,-5.707417
-5.6,-6.356237384678522,-5.5258436
-5.8,-6.623707386193345,-5.707609
-5.8,-6.0338693844110125,-5.8751497
-5.3,-5.345983512003492,-5.227138
-4.8,-4.637266999619079,-4.478078
-4.5,-4.517423002214734,-4.49897
-4.5,-4.426647991522607,-4.7511463
-4.4,-4.451297142737623,-4.2409835
-4.4,-4.535623799781597,-4.2415037
-4.5,-4.3619334950020985,-4.4474864
-4.6,-4.4709518277869975,-4.517879
-5.1,-5.367226847865751,-4.7456465
-6.0,-6.434459421559353,-5.8761134
-6.2,-6.655884276115046,-6.0564666
-7.0,-7.641035018101178,-7.1351266
-8.3,-8.81942022265686,-7.921594
-9.2,-10.1839611069299,-8.8512
-9.5,-10.61901451358279,-9.774917
-9.6,-10.901567089830792,-9.774917
-9.7,-10.727120514150272,-9.854097
-9.7,-10.884523352754115,-9.854097
-9.8,-10.988078064523094,-9.7227955
-10.0,-10.776119881066215,-9.6313
-9.9,-10.972457296057783,-9.623416
-10.0,-10.790910032366895,-10.239191
-10.2,-10.98279072640564,-10.175719
-10.0,-10.677612954967778,-10.182524
-9.8,-10.172772583244935,-10.163997
-9.8,-10.026036093757405,-10.004985
-9.2,-9.099990660846132,-9.1686
-8.7,-8.341374614337141,-8.926922
-8.2,-7.63530533559895,-8.049763
-8.4,-7.561859775198947,-8.050951
-8.9,-8.38773118557738,-8.901662
-9.7,-9.295745284012625,-9.915704
-10.0,-9.81446223026095,-9.917813
-10.4,-10.461345033234636,-9.931971
-10.9,-11.71477777427625,-11.221303
-11.7,-12.634383535092596,-11.246287
-12.0,-12.940372535362727,-12.613512
-12.0,-12.925238753085026,-12.613512
-12.3,-13.16828876202375,-12.545946
-12.6,-13.525551013918289,-12.571582
-12.5,-13.280347142300869,-12.573622
-11.7,-12.326986143862328,-11.188741
-11.3,-11.753046149811546,-11.058328
-11.2,-11.642150627238031,-11.206783
-11.1,-11.693804939154646,-11.206783
-11.3,-11.772008316319607,-11.059458
-11.3,-11.634075261094871,-11.070873
-10.6,-10.58672631159775,-11.00924
-7.6,-6.8197217016758955,-7.8496847
-6.8,-5.55803907845015,-7.084352
-6.6,-5.450728171981943,-7.091058
-6.5,-5.380787778738117,-7.087937
-6.6,-5.677738676202985,-7.1236744
-6.7,-5.806329201673371,-7.181597
-6.7,-5.984748805395256,-7.2155275
-7.7,-7.356411742713625,-7.2337155
-8.6,-8.355327465922791,-8.937756
-9.0,-8.99634249719761,-8.950279
-9.6,-9.805970992067593,-9.952548
-9.8,-9.890637466905247,-9.991006
-10.7,-10.750481142059897,-11.191362
-11.2,-11.238661411207389,-11.142868
-11.4,-11.456848495302268,-11.011927
-11.5,-11.683006505083156,-12.38329
-11.7,-11.668220397110879,-12.404113
-11.7,-11.781743046517853,-12.8441
-12.3,-12.727139112061089,-12.853326
-11.3,-11.158296443095779,-11.306657
-10.8,-10.72728456495416,-11.124188
-10.1,-9.308827932073505,-11.039211
-9.1,-7.95742167494727,-8.894609
-8.5,-7.712311659710522,-8.76758
-7.8,-6.443101511733197,-7.530993
-6.9,-5.5318011467863215,-6.8151107
-6.3,-4.745821439554561,-6.7305107
-5.9,-4.6043064046452145,-6.0877185
-6.0,-5.078101076369656,-6.293754
-5.6,-4.934496626378277,-5.719947
-5.3,-4.761520535017226,-5.2346535
-5.4,-5.027139922132186,-5.474251
-5.1,-4.492782147346212,-5.3449526
-5.0,-4.507792297244372,-5.33398
-5.2,-4.467903230109258,-5.298078
-4.6,-3.815801436212297,-4.7332926
-4.2,-3.370625529661659,-3.8566332
-3.9,-3.153489515361791,-4.2603583
-3.7,-2.875536309399415,-3.584319
-3.7,-3.0685557488330417,-3.5546715
-3.1,-2.5645380978352748,-3.1439946
-2.9,-2.3447507404430468,-2.8350048
-2.6,-2.467856818046677,-2.615733
-2.8,-3.122487450066494,-2.590461
-2.6,-3.262364338304465,-2.5212948
-2.1,-2.9845556592373157,-1.9542537
-1.5,-2.288233164295029,-1.5849116
-0.8,-1.6576941724587684,-0.7146746
-0.2,-0.8500102262813627,-0.32443133
0.1,-0.7069246407451573,0.17460102
0.8,-0.20372463848592304,0.8958788
1.4,0.5178359635623266,1.5061382
1.6,0.6572420598617157,1.6108314
7.9,6.864196557393129,13.903784
1.8,0.7044028487568781,1.7048682
1.8,0.7457703834732072,1.7202896
7.9,6.869514962532612,13.904852
1.7,0.5991008082944376,1.7024311
7.9,6.820044302361808,13.824398
1.6,0.6065577445625578,1.4679406
7.9,6.846908634093062,13.82363
7.9,6.86108606923154,13.82363
1.4,0.561631506522275,1.4334913
1.1,0.1384621589367967,1.0973178
7.9,6.861542262741288,13.82363
7.9,6.8834694784181565,13.819431
1.2,0.2546225683183465,1.0926514
7.9,6.888402156396488,13.819431
1.2,0.26883718844201354,1.2111593
1.1,0.18759279954220887,1.0667285
7.9,6.889614854709798,13.818363
1.3,0.35357115426094055,1.2730058
7.9,6.892397737320898,13.818363
1.4,0.45688436266590315,1.455585
1.5,0.5133755076728406,1.445042
1.6,0.40871423436767174,1.6256096
1.8,0.6411332409815529,1.7765664
1.7,0.5746647939978686,1.7045485
1.4,0.2194705141193225,1.4355211
1.5,0.3935071636860954,1.6193438
1.7,0.4465397727551945,1.5971885
1.8,0.52814887303267,1.6692064
1.8,0.5310543172436937,1.6692064
3.2,2.081748946552544,3.219132
3.3,2.2200897603063936,3.2457108
3.3,2.2673283695912048,3.1572351
2.8,1.780026690266645,2.834951
2.7,1.7052001478472718,2.6536162
2.6,1.6124603331436305,2.6061883
2.0,0.8537380067221534,2.0633538
1.9,0.5484244943785583,1.7766999
1.7,0.486289433438742,1.6686281
1.4,0.15492345026213883,1.3275831
1.6,0.6244617254666309,1.5872167
1.9,0.6374241299571395,1.7622093
2.1,0.8448995324467887,2.133017
2.3,1.0941086533090782,2.3057513
1.7,0.5593700461338997,1.7640836
2.7,1.7904123602253463,2.6788144
3.2,2.3159634430348746,3.240615
3.2,2.3357503689277053,3.240615
2.8,1.9174530209613678,2.7619424
2.6,1.5934131838678098,2.6773486
3.0,1.9682286086622938,2.977139
3.3,2.3217391624761063,3.3012545
3.4,2.5175290816497977,3.301446
3.2,2.115299222124868,3.1271334
3.4,2.330344217497405,3.2942433
3.6,2.523365218617279,3.503683
3.3,2.251169711022186,3.2916956
3.6,2.5923775502222384,3.5941706
3.0,2.0943993672456074,3.0446067
2.9,1.766192283602642,2.9525218
3.1,1.9085357219233998,2.9329748
3.2,2.12063732844738,3.1857948
3.5,2.2981960932873804,3.5078695
2.8,1.6514205274328617,2.8415604
2.6,1.3677105166559471,2.569392
2.5,1.3191624978196188,2.5651345
3.4,2.2300977464175276,3.2925785
3.3,2.1948915169914045,3.294414
3.0,1.9042865524615564,2.9334948
3.0,1.906174206859724,2.9350426
3.0,1.8892020993278535,2.9329624
2.8,1.6796052467005822,2.7619007
2.9,1.7417279671007435,2.8416314
2.6,1.5004661595164066,2.5670412
2.5,1.2491073083786475,2.3567257
2.7,1.5379682733858147,2.565134
3.0,2.0040450591546204,2.9325578
3.0,1.9653677166042058,2.9340625
3.4,2.4732253662613957,3.5079572
4.0,3.1825055251135836,4.0236096
2.4,1.5187659558675577,2.3604884
3.4,2.6101044919643286,3.5038376
3.2,2.425583505915931,3.1881733
3.2,2.4582452393874306,3.1899238
2.9,2.14682370165594,2.8872855
3.5,2.63556639923182,3.475043
3.7,2.9030333607711754,3.810428
2.8,1.9872666397102776,2.8456798
3.0,1.8119108098722165,2.8864563
3.6,2.65693093434588,3.6001382
3.5,2.44584755898169,3.5021324
3.0,1.9071029548717533,2.9344318
4.1,3.07707585424248,4.1588197
4.3,3.2457699207274757,4.1821246
3.3,2.3173093343500497,3.32369
3.4,2.366101328059109,3.4066076
3.0,2.1615713343912972,2.9973063
3.2,2.4068556387063396,3.1855533
3.5,2.742549389984184,3.5034122
3.0,2.1835108833421017,2.9971497
3.2,2.1067945165432604,3.2436574
3.4,2.602870975504729,3.4066076
3.2,2.2913500643467373,3.238936
3.0,1.9737195920906885,3.0052595
4.6,3.4807026353424533,4.580541
4.5,3.5434815347099047,4.3715425
4.5,3.578154580207986,4.382121
3.3,2.1915547871020706,3.0751705
3.1,2.0138742130410776,3.0337164
3.0,1.966548912538272,2.9864578
2.8,1.6353911969008976,2.763935
2.5,1.3967113584979955,2.655496
2.7,1.5228601723398185,2.6272242
2.8,1.5921897308395998,2.740545
2.7,1.4695664661118784,2.6788144
2.9,1.6938560874116817,2.9552402
2.3,1.1988191977724085,2.4429662
2.5,1.2688647012684058,2.5652196
2.4,1.0414660450289048,2.3136673
2.7,1.4113955442853978,2.5650923
3.3,2.219576448468537,3.2948484
2.6,1.4791545238408261,2.565654
2.9,1.7487370137977294,2.8525977
2.8,1.663653207392123,2.810361
2.5,1.373684113227931,2.5619183
3.0,1.8585558685098675,2.885301
3.3,2.1108750021004212,3.2605817
3.0,1.8062003211262336,2.8991008
2.9,1.8261042722344811,2.8953784
3.2,2.3219890991721712,3.149243
2.7,1.9043587934579165,2.8077548
2.7,1.836946265883526,2.616795
2.7,1.484430607680558,2.6143882
2.6,1.6290102767102468,2.5321343
3.1,2.23465008870825,3.1527529
3.1,2.223566867762628,3.1003797
3.1,2.185580691487786,3.1003797
3.1,2.0123805654095435,3.0945203
2.7,1.5763453201415558,2.6206448
2.6,1.368857402418577,2.5374312
3.1,1.940701642781164,3.099359
3.3,2.371709622875578,3.2301478
3.2,2.5238025887210185,3.245622
2.6,1.6266352207309964,2.5883021
2.4,1.5974790570134516,2.3838289
2.7,1.9300034337841225,2.774461
3.0,2.3987813867164363,2.8987913
2.6,1.8634290432047464,2.435849
2.3,1.468679123776532,2.320807
2.3,1.644648481690588,2.5001023
2.6,2.2735177488254337,2.651122
3.1,2.6875676584793737,3.1143177
3.1,2.599349546659859,3.041199
2.9,2.4878523959696253,2.8966587
2.9,2.514292513898205,2.8987682
2.4,1.8734336816527914,2.439589
2.3,1.770659013251347,2.191274
1.9,1.3237118310572527,1.8766516
1.8,1.068785835158181,1.8777823
1.2,0.3976954786173934,1.0928521
1.1,0.15410497609379803,1.0644277
0.5,-0.5886485671150936,0.51073956
0.6,-0.44332548292214824,0.5171847
0.4,-0.46785550583291524,0.52010375
0.3,-0.8149491324292981,0.20387787
0.8,-0.11311935989477462,0.96455884
1.6,0.8146604745085781,1.6431305
2.1,1.5057914719941081,2.367046
2.6,2.0920044570588416,2.6229262
3.6,3.3858772681725426,3.7083883
4.9,4.778850933064703,4.909165
5.2,5.115114209430757,5.2425356
4.7,4.408850846093912,4.755632
3.9,3.592755972468737,3.9548452
3.2,2.747459440045432,3.2963355
3.2,2.537865853226549,3.2592764
3.1,2.4486865328128147,2.970012
3.3,2.595962452488564,3.0164802
3.7,3.156276930980738,3.6541135
4.2,3.5093941686803873,3.9257908
4.3,3.770005963982584,4.3150916
3.9,3.4311421362448087,3.9212298
3.8,3.118852829401483,3.8621202
4.0,3.398894592288478,3.9217055
3.8,3.179977755584474,3.6559114
3.6,2.953871209030993,3.615863
3.6,2.843695416499351,3.721141
3.9,3.2126259940067996,3.886157
4.5,3.8298983685136108,4.4350595
4.7,4.1654182926509264,4.654274
4.9,4.384369880585474,4.7853727
4.7,4.425034903122523,4.8186135
3.4,2.907123449559819,3.5845451
3.6,3.218527943446425,3.6471593
3.3,2.8089188482019267,3.2953718
3.5,3.004381211163164,3.586524
3.5,3.0223919604520404,3.5838196
2.9,2.165744128640327,2.9012682
3.5,2.947802252946481,3.3809426
4.2,3.8819934326387298,4.22143
4.7,4.436442981331801,4.7604046
4.5,4.285152977495919,4.6044273
4.4,4.152910406684214,4.5134
4.2,4.08638397281365,4.4363112
4.3,3.8996434042587254,4.2116327
4.2,3.830414414159094,4.2474685
4.1,3.680792254622382,4.214833
4.1,3.533517529586497,4.1545362
4.1,3.5330774753936467,4.1593013
4.0,3.5621534977511615,3.9858167
4.0,3.582860559183736,3.9880114
4.1,3.545617991913879,3.9855618
4.7,4.417993371705691,4.8666778
4.7,4.66983772143972,4.9031887
4.7,4.487460618974623,4.8697724
4.7,4.458722515481696,4.9039416
4.6,4.163969459163397,4.564873
4.5,4.141898058733965,4.526328
4.5,4.198093750702796,4.527288
4.8,4.441117975366012,4.898489
4.4,3.857259595853023,4.417577
4.3,3.83027080426767,4.268899
4.2,3.6252124749291497,4.17478
4.3,3.8240996991565908,4.2675204
4.3,3.6921245206330724,4.2166977
4.3,3.796088626144254,4.315379
4.2,3.6558617261462203,4.3124228
4.2,3.6539244289209947,4.3125973
4.7,4.1806643148498,4.745101
4.9,4.43425458790167,4.8375487
5.0,4.527269706879935,4.962641
5.1,4.715543605928694,5.1551294
5.0,4.618549112203354,5.1321177
5.3,4.960551265219017,5.2104473
5.0,4.630356303630421,4.9315457
4.9,4.727940947644051,4.9659324
5.1,4.85091383796388,5.185472
5.9,5.798495196625787,5.9712553
7.4,7.498336406342055,7.2706137
9.3,9.462772113559257,9.187964
9.8,10.029104138912498,9.798493
6.2,6.023576838750486,6.0789466
6.4,6.225449563054333,6.185913
6.0,5.579616416165223,5.8705506
4.5,3.8706232376248835,4.6800194
3.6,2.790340759165133,3.811008
3.7,2.740472201304648,3.7165148
3.6,2.7183133961571357,3.6501994
4.2,3.488716018559259,4.211609
3.9,3.13460113926579,3.922808
3.4,2.5796509470384876,3.508509
3.5,2.7575790928560195,3.5553207
3.3,2.370359373097301,3.4059665
3.1,2.3007309477990603,3.1836388
2.9,2.0675890066518576,3.1457117
3.1,2.2650926886645166,3.1836388
3.1,2.1531279023911907,2.9650383
2.9,2.0385132755086985,2.928399
3.0,2.2826984757438638,3.007444
2.9,2.023913051099271,2.9293835
3.2,2.4909479838287467,3.0142217
3.1,2.1546852545567106,2.9655583
2.8,2.0285681528544828,2.8956373
2.7,1.9337903847086082,2.76917
2.7,1.9536375927980316,2.6022253
2.5,1.760425831236745,2.4256344
2.5,1.6632378753208599,2.4247398
2.2,1.3290224196674387,2.079679
2.2,1.331826589746143,2.0986834
2.0,1.2130897059322834,2.0377934
2.1,1.2066131143298406,2.0377934
2.4,1.5974110362070846,2.5530002
2.8,1.944049682580335,2.85319
2.8,1.930049995790334,2.8550255
3.6,3.21927047186972,3.6926472
3.2,2.7813893048018343,3.4040806
3.2,2.7655017571678258,3.2181878
2.1,1.1734579187972614,2.0008674
2.0,1.178095244198495,1.948034
1.7,0.8099147423624657,1.6182306
1.5,0.8042658376871898,1.5419829
1.5,0.6875809097460674,1.5194398
1.5,0.7071013291390429,1.6182306
1.6,0.8404377422574498,1.5407943
1.9,1.3072349880349634,1.884633
1.4,0.6151177907369387,1.4259543
0.8,-0.17709485177370254,0.77763057
-0.3,-1.3051838559048363,-0.22645482
-0.2,-1.3660143376782798,-0.32050815
-0.2,-1.357599367012483,-0.26734763
-0.2,-1.2289542081084832,-0.26734763
-0.1,-1.192870954676529,-0.27402577
0.6,-0.30011794645302814,0.7062267
1.0,0.015787439300765982,1.127652
1.6,0.7712353934576797,1.5962508
2.0,1.0430645845371842,1.9752122
2.5,1.620567320007467,2.5786335
2.5,1.5073359421184378,2.5521297
2.8,1.8611573944577273,2.8290346
3.1,2.324090361248224,2.958112
2.6,1.688978526969791,2.639438
2.3,1.508996250185774,2.2097063
2.4,1.7435160122326678,2.5293143
2.2,1.4189859684579673,2.1328769
2.0,1.3054156078050525,2.2397199
2.2,1.396940760916408,2.1311264
2.2,1.2662260113081487,2.1252432
2.2,1.3785509721868792,2.2041821
2.9,2.1563212963134006,2.9795845
3.2,2.608916169699256,3.3078547
3.1,2.631058236811647,3.1141505
3.0,2.374258464641315,3.039395
2.7,1.9462740570166233,2.6806142
3.5,2.7359594185833487,3.2943225
2.6,1.738728994901848,2.6296556
3.1,2.3105352728954145,3.0116227
3.3,2.6289146783075026,3.2862446
3.0,2.1836244544901646,2.966151
2.6,1.632173539811646,2.7183526
2.5,1.4997538317641883,2.5504189
2.6,1.6806620717365774,2.7536135
2.9,2.044245178637624,2.9043875
2.7,1.7836180559878443,2.793291
2.6,1.6321155751482408,2.5901346
2.8,1.7109575770365666,2.8394856
2.5,1.4796347322557963,2.537503
1.1,-0.1242957918753902,1.0769229
1.9,0.8311946019312799,1.9177921
1.9,1.056300044086882,1.9399757
1.9,1.0336605949370892,1.8969209
1.8,0.8221554752122842,1.6792588
2.1,1.277176155962806,2.0379207
2.5,1.7149923833546268,2.4250238
2.6,1.9322513235149898,2.4316742
2.6,1.9253024763345081,2.4315176
2.6,1.9686697251799359,2.4324772
2.7,2.066708605003548,2.7227983
2.7,2.06234222238448,2.7226417
2.5,1.8360042499442315,2.4256344
2.9,2.1701070771592796,2.7700646
2.7,1.9219081181764892,2.6791563
2.6,1.903504695784811,2.596342
2.6,1.8150657696706176,2.5954475
2.5,1.677968558920739,2.553562
2.5,1.7768705227914978,2.6384594
2.7,1.8796698471763165,2.7930348
2.7,1.8645424075815171,2.8192024
2.8,1.753578387758516,2.8235872
2.5,1.5927145741231001,2.5765245
2.2,1.2222693494104817,2.2824304
2.3,1.3477745589505332,2.49928
3.3,2.3479407132363477,3.3352141
2.6,1.6162459081049292,2.716166
2.0,0.8352276932875782,1.9244387
1.1,-0.17831968796267716,1.0941422
0.8,-0.5238998711127465,0.82634264
0.8,-0.5215487443654254,0.8274259
1.0,-0.3540530268095594,0.9550697
1.0,-0.23769767653725182,1.063703
1.8,0.7637777021493406,1.7395288
2.0,1.2550923876178075,2.0374856
2.9,2.2770657916714114,2.9757907
3.6,3.1674295038629836,3.5858107
2.7,2.1662287625384167,2.6856263
3.2,2.6798957005334785,3.3023083
2.9,2.214891785123669,2.9509132
4.2,3.795691392250383,4.2072926
4.9,4.5999441773449306,4.916417
4.2,3.615978641264519,4.158963
3.9,3.337934629822975,3.9044914
4.2,3.7303555282950285,4.2121997
4.0,3.452093751925439,4.100198
5.4,5.209701355942052,5.3333416
4.9,4.76125927747551,5.0483766
4.9,4.658393026022111,4.9792113
4.3,3.9825870336261247,4.0742097
3.9,3.4026885981216637,3.9322371
3.2,2.749900699348032,3.2464488
3.0,2.3832194340186277,3.060075
3.7,3.358943534582721,3.790612
4.2,3.728387097746058,4.1908846
5.5,5.331282574339724,5.5222416
6.8,6.8904251462883295,6.5450006
6.1,6.045604446558869,6.2885885
7.7,8.059352895966807,7.7217374
6.2,6.162561104333577,6.130547
7.2,7.330215083494508,7.13769
7.4,7.656365201031136,7.3741274
7.9,8.183749087399736,8.0760565
7.5,7.636788874753158,7.6248555
7.9,8.084810757517616,7.984618
7.9,7.861505715620382,7.7946644
8.6,8.684859785864258,8.643343
8.7,8.972588522569584,8.737997
8.9,9.145426149400617,9.020494
9.8,10.371258722779444,9.927534
10.1,10.652193823575434,9.929886
10.5,11.001906405298453,10.261541
10.6,11.154713033482018,10.597157
10.5,11.113612995363614,10.28049
10.9,11.57073063319223,11.306279
10.5,11.18039789504505,10.596197
10.6,11.048424635283286,10.501503
10.6,11.03631819529528,10.685817
11.8,12.14725441869398,11.741334
13.1,13.372185231247784,12.724003
15.0,15.247629223042143,15.129896
15.0,15.164378818926565,14.872336
14.9,15.077548504063728,15.21031
14.3,14.443402835170595,14.158465
13.6,13.816786045720754,13.487729
14.3,14.497800198634387,14.311123
14.3,14.298860056767637,14.311495
14.1,14.261612490758008,13.999038
12.2,12.203368561935594,12.098168
12.8,12.78102468036926,12.532199
13.1,13.13210463002006,12.921645
13.5,13.482033538983046,13.645968
13.1,13.013384779913334,12.866289
12.7,12.71224974815621,12.501808
12.5,12.577069439639455,12.59126
9.4,9.60441091544488,9.474766
8.4,8.561362973143442,8.50469
8.5,8.6704743998981,8.662969
8.3,8.308503721945112,8.408111
8.3,8.290482466771117,8.200809
8.4,8.666330459984565,8.659796
9.5,9.7484398284628,9.428831
10.3,10.645200940541006,10.239838
11.2,11.517459344885435,11.13586
12.3,12.754118628328232,12.667053
13.4,13.937076239764234,13.301624
14.1,14.435980886554077,14.210747
14.2,14.420985662954195,14.210747
13.8,14.122615419276098,13.660166
13.4,13.613190326644602,13.127683
12.9,13.107062780882767,12.873158
12.6,12.85922431168676,12.572214
11.8,11.992622466894812,11.776951
10.2,10.621115156975808,10.308871
8.6,8.759531563045773,8.850534
7.4,7.493996160784711,7.3089595
5.6,5.5519169339790295,5.5005727
4.8,4.901329045875663,4.917798
4.4,4.387059984016936,4.437778
4.4,4.3880431152326125,4.5062356
3.8,3.75831088645198,3.7208548
3.3,3.110920396369636,3.2238119
2.9,2.6348314986321952,3.0198154
2.6,2.1683559194853146,2.5909169
1.7,1.4637498553773653,1.6750982
2.0,1.9456523227446993,2.008792
2.3,2.298794557938244,2.4635975
2.4,2.6004049987253595,2.3933318
3.4,3.702060080048618,3.4951391
3.6,4.072722977826693,3.6112535
4.4,4.873775058627572,4.5333705
4.3,4.925535460466278,4.4747515
5.1,5.702562221255519,5.10538
5.4,6.131087300325014,5.2622867
5.7,6.46163726265064,5.7563243
3.0,2.761102164643006,3.0916624
3.4,3.133879361588896,3.2191439
2.7,2.2515925537765966,2.6356857
3.9,4.0358173758612566,3.8210943
3.6,3.951622854734019,3.3581095
3.5,3.9108092502200265,3.065097
3.1,3.1694645461506994,3.029523
2.5,2.4333047931598983,2.5704405
2.2,1.5844861981040097,2.1567667
2.3,2.1169814932713535,2.3807504
1.6,1.3179922127101307,1.7745789
0.9,0.5808097397133949,0.8980038
0.7,0.7680412619651023,0.65133876
0.2,0.30256318330024357,0.18720527
0.4,0.41359548208098573,0.29087713
0.6,0.4656795641647875,0.50994205
1.1,0.7952936394739112,1.0805548
2.5,2.814601875247341,2.3907447
1.6,1.1020562011100807,1.5700516
1.7,1.3715555058387636,1.7065204
1.3,0.887445684766341,1.3748598
1.4,1.158554405075364,1.4173901
1.4,1.1649733120103534,1.5791029
1.6,1.2656024337308693,1.6125818
1.6,1.398700003231923,1.7065204
2.4,2.4616679546247795,2.5509274
2.3,2.5072220237816154,2.4009252
2.4,2.7664532042416354,2.3838885
2.1,2.1075183115828793,2.0460627
2.4,2.646680384336328,2.4522212
2.1,2.0599336994742927,2.02145
1.9,1.6975714158453101,1.8809482
1.4,1.1183355602009541,1.3556777
1.3,0.9837418730052008,1.2781062
1.2,0.796528746317243,1.2763085
0.9,0.6837035517156664,1.0817213
0.9,0.5970238875749487,1.0881466
0.4,-0.13055238332501773,0.41898805
1.5,1.2980511261797218,1.667854
2.2,1.923842416634706,2.1996958
3.0,3.22100876380523,3.0041819
5.0,6.039817607650235,4.721057
3.4,3.342500014896885,3.377206
4.2,4.462262795579157,4.2279906
4.8,5.161539114097309,4.8700333
5.2,5.63509037560226,5.2207155
4.3,4.25515048564943,4.286502
4.1,3.850418942989627,4.0028286
3.3,2.7854385318219315,3.299758
6.6,7.354910513860169,6.6349707
6.4,7.126281201390121,6.292698
6.2,6.861743569605899,6.0589375
6.0,6.699183316065266,6.0091405
5.4,5.941605207184892,5.3522696
4.6,4.935917053992782,4.500581
4.0,4.3674438671576326,3.9038918
3.3,3.569134169989013,3.2333732
2.8,2.5920866253220893,2.7080402
2.2,1.929275095026533,2.312161
1.7,1.3289804498636641,1.6714573
1.1,0.9635713844801757,1.0462677
0.7,0.5364431631482063,0.71575904
2.3,2.6362284369894127,2.243496
2.8,3.4869656843883305,2.8690715
3.3,4.18617659850603,3.5954666
3.5,4.653433422989444,3.5236876
2.7,2.8526773563078365,2.8324025
4.1,5.159349625811892,3.772432
2.4,3.065098497065634,2.557367
2.4,2.8790039396295626,2.242736
2.6,3.091832163237619,2.232992
2.7,3.7538595982754046,2.7638857
2.6,3.804022671762702,2.5092216
2.6,3.7383151268934967,2.7698562
2.7,3.4657506652346015,2.6033282
2.3,2.942270229218913,2.5366857
2.2,2.0998094309428765,2.2309
2.0,1.841290391361504,2.015985
2.0,1.8434892355430748,2.0137053
2.0,1.828493154749438,1.9677
2.1,1.8363878201240027,1.9690773
1.8,1.7665178529883576,1.9171578
1.7,1.706087204065362,1.6014571
1.9,2.0665766358775386,2.100442
2.3,2.423398698513921,2.3824992
2.6,2.7811386127657443,2.380738
3.4,3.6779849954882806,3.0563433
3.7,4.114872954876972,3.5999222
3.9,4.101752941959667,3.7745256
3.9,4.030693301247652,4.014535
3.8,3.808814990205704,3.8526068
4.5,5.165557081492231,4.732924
4.7,5.3025843663461885,4.732924
4.9,5.706781587570092,4.9615746
5.5,6.095021605113224,5.3859057
6.0,6.656258513292258,5.985861
6.1,7.097150769870616,5.926326
5.4,5.951870039305241,5.3757386
5.7,6.5127678544752285,5.4959545
5.7,6.708857109081755,5.7812676
5.1,5.883462071748156,5.084387
5.2,6.00710634432825,5.2490654
5.7,6.090963388049886,5.72613
7.1,7.636308094603109,6.973577
6.3,6.466939225602154,6.346111
6.7,6.634596035644755,6.7184205
7.2,6.746514092657094,7.056975
6.0,5.7535448650526675,6.0182157
5.4,5.263824248475352,5.5348873
4.9,4.566780457055252,4.936137
4.8,4.844796269832919,4.924903
5.8,6.365710643067061,5.6499276
6.0,7.20638433961971,5.9028006
6.3,7.944697609317949,6.314761
6.2,8.418922707233381,6.0548506
5.6,7.815544575964353,5.775093
5.1,7.0378080905858695,5.2379513
4.5,6.210777323605143,4.492795
3.8,5.577320964585454,3.9910877
3.3,4.924801401873822,3.3586888
2.6,4.099972062074379,2.472988
1.8,2.9057137142572813,1.5447919
0.9,1.7967172391413087,0.6736662
0.1,0.8783019728443975,0.057694606
-0.3,0.47446277361281375,-0.6633698
-0.8,-0.13553228560778763,-0.6563558
-1.0,-0.3939357022368526,-0.9548774
-1.2,-0.7564385457685248,-1.031764
-1.2,-0.9052001093468505,-1.1161462
-1.4,-0.828568906626856,-1.4897557
-1.5,-0.9029294317130336,-1.5069638
-1.6,-1.0045372630576637,-1.8170412
-1.4,-0.6260764028410151,-1.1782751
-1.4,-0.23169934449504836,-1.2945639
-1.6,-0.7740398190790003,-1.5092045
-1.2,-0.6248652974314481,-1.1118585
-1.0,-0.34259896768830345,-0.73437214
-0.8,0.21722035375472615,-0.65467376
-0.4,0.2637814719357223,-0.54466254
0.4,1.7050492789554852,0.543465
0.2,1.2423776501125587,0.01613723
0.2,1.4138049031475575,0.048152138
0.1,0.9207453441333868,0.08296694
-0.2,0.7022889819282767,-0.5650732
-1.1,0.10094779894799899,-0.9803375
-1.6,-0.8121514711725837,-1.4949628
-6.1,-5.631774546179969,-5.9081726
-7.8,-7.030568180488601,-7.8274465
-8.1,-6.9457331833852365,-7.8120093
-8.5,-7.0963452804001435,-8.364089
-8.5,-7.08939285363121,-8.579113
-8.7,-7.632211772023275,-8.681188
-8.7,-7.478978363802604,-8.635573
-8.6,-7.739366969633217,-8.657009
-8.0,-6.8633143695358,-7.8120275
-7.2,-5.582529511658471,-6.8981214
-6.3,-4.302402511143505,-6.7165265
-4.8,-2.6543716103057946,-4.8796873
-4.4,-2.5204846345031697,-4.4921446
-2.7,-0.9241107504253776,-3.041218
-2.4,-0.7463923874596787,-2.4224534
-1.6,0.028629206562861498,-1.5496821
-1.9,-0.7592891131012394,-1.7395889
-2.2,-1.1706293651186002,-2.3397353
-2.4,-1.5549320686048773,-2.5036557
-3.3,-2.894030487050358,-3.2432952
-3.8,-3.497350616052792,-3.7470288
-3.8,-3.3662173525292047,-3.6911614
-3.9,-3.4211419894557196,-3.688829
-3.6,-3.118602008031246,-3.6847138
-3.4,-2.9253688044062756,-3.2489336
-3.1,-2.566040572277487,-2.8695514
-3.1,-2.6911771934803497,-2.8713923
-2.9,-2.640050980340675,-2.8878267
-2.6,-2.114390686709598,-2.5601356
-2.4,-1.8199216524450321,-2.386526
-2.3,-1.7385287040156427,-2.3170934
-1.9,-1.559129133101223,-1.9047459
-1.3,-0.7436537654134554,-1.0687627
0.4,1.126711085658883,0.22918311
2.1,3.011788349698712,2.0283308
4.2,5.45714359672926,4.203775
5.5,6.800070127485583,5.496361
6.3,7.643182609083233,6.4633656
6.5,7.871834117167488,6.285676
7.3,8.809595015152034,7.2386684
7.5,9.05031209094431,7.773291
7.5,8.877939467471236,7.6733565
6.8,8.268183197588602,6.502739
6.3,7.679544248836834,6.1444726
5.9,7.400675656148465,5.9300227
2.7,2.013690430031751,2.6523933
3.0,2.369080681946137,2.9915447
2.8,2.1498376195254423,2.8460138
2.2,1.4608084331809295,2.376967
1.8,1.061934144464665,1.8038994
1.1,0.022700748908334845,1.0655416
1.4,0.47022589177048246,1.5144475
1.8,2.1512806941283458,1.7981277
1.6,2.187861754389637,1.357821
1.3,1.471806352443103,1.2317306
1.3,1.1624799029979371,1.2578106
2.1,2.1018822906989456,2.1608872
2.8,2.9278302055617473,2.8689947
3.7,4.192421941779699,3.5954344
3.6,3.6973565658004546,3.602861
5.2,5.745800498938834,5.159858
4.4,4.493114157993048,4.4778256
5.9,6.3069743100496325,5.902327
7.1,8.094482048258634,6.9976025
7.6,8.683122639083273,7.855457
6.9,7.523635380193831,6.9808593
6.6,7.139412672803253,6.509795
8.1,8.607502762921659,7.945743
7.6,8.17785052340583,7.825194
6.9,7.455043933698256,6.7923703
6.5,6.935069380062352,6.5543284
5.9,6.379400052127643,5.9329906
5.6,5.8284266842766215,5.499571
5.0,5.099185357146808,4.861031
4.6,4.745353878286849,4.7190886
4.6,4.755718762308149,4.6480074
4.8,5.061021652569671,4.996039
4.9,5.183370129446487,4.919353
5.8,6.297673920713812,5.68266
6.3,6.914273655433938,6.0934925
5.9,6.443590436016073,5.7235312
5.7,6.1376879530647415,5.8448496
7.9,8.62872138874463,7.8292766
7.8,8.258515744956203,7.855923
9.3,10.009824615035633,9.431121
12.7,13.52660525335969,12.672908
12.7,13.399338012973505,12.578992
12.9,13.68094226566592,12.960444
13.4,13.970591056047315,13.570809
12.9,13.628765955055535,13.139037
12.4,12.831732461158747,12.424674
12.0,12.461952435677489,11.829407
11.5,11.808328069850571,11.542557
11.2,11.534706586857904,11.255379
11.2,11.511204196064718,11.252741
10.2,10.432197659510074,10.034846
10.3,10.562226496336677,10.213497
10.5,10.963548115794946,10.350763
10.4,10.88676454640147,10.767411
10.6,11.059756552031885,10.880791
10.1,10.582574121623352,9.922266
10.4,10.799964735943217,10.2620125
10.8,11.2547699087493,10.890377
10.6,11.129736716896538,10.775083
10.6,11.061901334263684,10.586609
11.7,12.159196088411871,11.528566
13.1,13.619393989795842,13.429084
15.8,16.07367762653532,16.036818
16.2,16.49821068636782,15.814933
17.1,17.352266809698634,17.515852
18.3,18.378086405274175,18.396372
18.2,18.046904815645803,18.184374
17.6,17.672498135843536,17.729073
17.2,17.337233602100003,17.507183
16.6,16.568440230889617,16.441055
15.7,15.970738356348935,15.839915
15.6,15.629309675314904,15.399334
10.9,11.177535273915613,10.967066
10.7,11.091544423319014,10.716732
9.4,9.726148585910472,9.549286
9.4,9.60587514078308,9.556122
10.3,10.629213889366596,10.11761
11.2,11.665074348087007,11.405485
8.4,8.639704284452304,8.383481
8.3,8.49409081917571,8.523794
8.7,9.023358990348306,8.862641
6.3,6.131323942357923,6.352445
7.0,6.933606386643746,6.8855395
6.3,6.242156488612039,6.1348042
6.0,5.801474809113024,6.0190296
7.1,7.062986002417276,7.0631094
7.0,7.030668053255042,6.906345
6.9,7.070487698250652,6.905385
7.2,7.328472197421206,7.0553336
7.0,7.112638763315161,6.95474
7.5,7.83045377283274,7.505005
7.2,7.461852267683717,7.419381
8.0,8.552815867712894,8.167996
8.9,9.292650430952236,8.895184
9.4,10.043151227257109,9.439381
9.9,10.52319513492386,9.9511175
12.4,13.176557666488563,12.565942
12.5,13.34533151869956,12.328474
11.8,12.554318540461324,11.630833
11.1,11.7442159677523,11.006129
10.1,10.791448109323728,10.3206835
9.4,10.032971845675341,9.436727
8.3,8.911021524758635,8.392976
7.4,7.805889655493033,7.3838043
6.7,6.985036578375706,6.5998864
5.8,5.992864090680143,5.595773
5.4,5.6211120260416365,5.450207
6.2,6.473635136574899,6.0222716
7.2,7.719971949124101,7.313948
7.9,8.700578872530148,7.9653187
6.5,6.606660917267803,6.5222716
5.7,5.718654780637642,5.790303
4.5,4.236562693981227,4.334734
4.2,3.756107762335155,4.2186356
4.0,3.5631540518569693,3.9528399
3.2,2.792248397045668,3.3054
2.9,2.503858004104309,3.0184479
1.5,1.1110753147469694,1.4934174
0.8,0.19599609021494047,0.71405447
-0.3,-0.953953599052312,-0.28659055
-0.4,-1.190799983098053,-0.38750803
-1.0,-1.9454171254701151,-1.1058575
-0.7,-1.0833724955162722,-0.79741764
-0.7,-0.875265148497661,-0.77703494
-1.1,-1.0229401052621938,-1.1755136
-1.3,-1.309008676720893,-1.2634062
-1.9,-1.8418953307321146,-2.086031
-2.1,-1.9210424647026656,-2.2856035
-2.5,-2.273395652630903,-2.6759577
-2.6,-2.5211868970549958,-2.6732612
-2.9,-2.775999789658414,-2.9179194
-3.1,-2.8309973499779844,-3.1393025
-2.8,-2.609140004774112,-2.885887
-2.9,-2.7094404400913774,-3.1558843
-2.6,-2.38534724200192,-2.8348837
-2.6,-2.134179387019678,-2.592054
-2.4,-2.287667812736892,-2.6162877
-2.6,-2.4443217564622444,-2.6162877
-2.2,-2.089654090075385,-2.2280364
-1.9,-1.8504139352264133,-1.9249693
-0.9,-1.006042570650493,-1.0673249
0.2,0.11026695805482234,0.03768383
1.4,1.7982341867056206,1.3400472
1.8,2.4523688930172582,1.8640833
2.1,2.834545421539019,2.0837471
1.8,2.4206345378834087,1.8685513
1.6,2.3399047171181024,1.8726923
2.0,2.817815347437964,2.091255
2.0,2.899914065104255,2.0147898
2.1,2.8708700900230255,2.0410361
2.2,3.136893264853583,2.33162
2.7,3.6508363874397105,2.6453135
2.7,3.320348772719548,2.6127687
2.9,3.418749764712665,2.9953225
3.4,3.90832595208159,3.3457868
4.8,5.307423062696664,4.9392505
6.4,7.013305313638533,6.3211865
8.8,9.358092004698403,8.52105
11.1,11.771675229699415,10.994836
12.7,13.226479732721344,12.564904
13.4,13.98019571539259,13.62867
14.7,15.150468794955682,14.735725
15.1,15.567039716068265,14.910829
15.0,15.421634918777709,14.859984
14.8,15.254597871900689,14.790262
14.4,14.708570722266078,14.371112
15.0,15.20361770935861,14.75706
14.0,14.280911330275849,13.989114
13.7,13.976070831115312,13.522743
13.2,13.435815904761252,13.112382
12.3,12.4507833700298,12.107377
12.3,12.895200409418646,12.262469
11.0,11.755159757875727,11.200841
8.2,8.786032832777337,8.426317
8.1,8.601121259731425,8.14501
7.2,7.270770115902096,7.176054
5.7,5.441305836772997,5.8656154
7.0,6.978966018047714,7.0163608
7.5,7.525143307399382,7.4151735
6.5,6.476181446192072,6.5333962
6.6,6.516132225553989,6.728683
8.6,8.79817983214021,8.5167465
12.3,12.71261542745085,12.217947
14.8,15.275911099721245,14.590824
17.1,17.422105991611,16.372776
20.2,20.190263691334568,20.130508
21.0,20.585977399772155,21.168028
19.6,19.57732232330067,19.258896
18.3,18.425547355933578,18.28532
17.0,17.2841042944992,17.00076
16.7,17.05136220964236,16.870874
17.0,17.22270026930684,17.00045
16.9,17.20749540986846,16.454313
16.9,17.171773023275065,17.066229
17.2,17.384801422876375,17.2367
16.6,16.753592853024905,16.811522
16.2,16.400486586540456,16.186565
15.8,15.935311456434054,15.720341
15.4,15.644733764480119,15.217975
15.2,15.470163544852962,15.054194
14.9,15.169483026451523,14.675471
15.0,15.276418312677901,14.987356
15.5,15.839409403844602,15.5846615
16.0,16.319087064009707,15.792721
17.7,18.24479327927448,17.900002
18.9,19.186938981989147,18.77715
20.4,20.768879364181775,20.600622
21.1,21.331491213200284,21.019567
21.6,21.9665508527581,21.781929
21.8,22.171002455101302,21.93949
21.2,21.558743060329085,21.24031
20.7,21.084689500484753,20.66932
19.2,19.657647024857066,19.263737
15.7,16.13800095213916,15.621924
14.7,15.152421545012896,14.862497
13.3,13.472441090493046,13.370631
12.4,12.795043462957349,12.610496
14.3,14.68551969391292,14.358978
13.4,13.581484589843683,13.584931
12.3,12.51241582088322,12.492376
9.6,10.049837570038033,9.72098
5.7,5.7942162505370405,5.60783
3.8,3.713068305970367,3.7586126
1.9,1.7856487328306656,1.8972683
0.4,0.4423751747624536,0.4124561
-1.5,-1.4437286668751312,-1.3177285
-3.1,-2.971430874117871,-2.89569
-4.0,-3.4584424216104495,-4.431132
-4.8,-3.9703135085203556,-4.7725644
-4.6,-3.5201262280699197,-4.3082976
-3.0,-1.7869196894808752,-3.187375
-1.6,0.02615426173331059,-1.4913683
-0.5,1.0940246523432506,-0.31434965
0.1,2.026507443924416,0.19715634
0.3,2.2347103841111178,0.20274678
0.4,2.6353330611644026,0.16861665
-0.2,2.016000041239927,-0.22432005
-0.6,2.1370571533238376,-0.77943635
-0.8,1.6271259504810587,-0.7860397
-1.5,0.8448501873336696,-1.2444028
-2.0,0.5624477721951209,-1.8367807
-2.8,-0.4669556184261836,-2.905435
-3.3,-1.1488044168247313,-3.2715364
-3.6,-1.5735767341068723,-3.611459
-4.1,-2.19757787958941,-4.3818793
-4.3,-2.430537873199242,-4.2979517
-4.5,-2.524934018395527,-4.2274323
-4.8,-2.9929709329834395,-4.374421
-4.8,-3.167111586179793,-5.165007
-3.9,-2.0710771936554693,-3.8422408
-3.3,-1.2805383680988882,-3.2582633
-2.5,-0.8775949832677981,-2.3224583
-1.9,-0.565880964713358,-1.8477625
-0.6,0.5942949599580558,-0.6489364
2.2,4.395815039255339,2.1335092
4.2,6.317783348685701,3.9843996
4.6,6.626019898511679,4.3092566
5.8,7.64759235771016,5.797573
6.7,8.322517873656427,6.5190015
7.3,8.921592678281463,7.2311707
7.1,8.647056977557583,7.128432
6.8,8.280088675977645,6.964669
5.9,7.223426285413794,5.899114
5.8,7.216977519602743,5.976918
5.4,6.7207730121429705,5.364008
5.4,6.755562641546,5.374528
5.0,6.397363120140966,4.848101
4.8,6.147989779619593,4.733279
4.6,5.953397199365654,4.742504
4.3,5.374998654595714,4.2919006
3.9,5.258442237411423,3.955277
4.0,5.531944154388356,4.311931
3.9,5.361074319429221,3.9816208
4.2,5.73834080328151,4.3033075
4.5,5.915388953256617,4.425586
5.4,6.869654837489492,5.4215775
6.0,7.60015387687254,6.0582285
7.2,8.696253642734405,7.1956253
6.8,8.330672281709983,6.5884857
7.0,8.281189864453832,6.9965005
7.8,9.004302199403071,8.003674
7.2,8.07704226248979,6.9691277
6.0,6.360517451574751,6.0783157
6.8,7.42357829551144,6.9722934
7.9,8.727513085867518,7.710316
8.0,8.870732039391644,7.6818805
7.2,7.448980922671723,7.2591
7.2,7.566511818638816,7.2935085
7.2,7.780151390859331,7.4962473
7.1,7.515884189216941,7.1739745
6.7,6.939628472609627,6.6411576
6.7,6.941715188822926,6.6306562
6.8,6.84987782588432,6.75614
6.5,6.504021729446578,6.4291253
6.3,6.214367850189618,6.3500924
5.9,5.704989803570896,6.0185537
5.3,4.914143116867997,5.4458504
5.7,5.354719915204456,5.8373065
6.9,6.747794603789366,6.9018517
7.8,7.66073876054719,7.7208214
9.5,9.641117117240999,9.400019
10.1,10.31129243524552,10.052495
9.7,9.914676508386083,9.637121
9.5,9.72924846334379,9.373228
10.1,10.427825793337853,10.228756
10.4,10.515485471042073,10.45153
9.4,9.592728192324085,9.462175
9.9,10.043690741261553,9.784413
8.4,8.459865378800739,8.51081
8.7,8.531794453544194,8.68554
11.8,11.969497971314532,11.802739
11.5,11.700803992496422,11.543103
11.4,11.62071221311021,11.549933
10.7,10.94173018622222,10.789863
10.1,10.143571040190754,10.0819645
9.2,9.034701223150762,9.140119
8.4,8.212008096930674,8.494999
8.2,7.888332917710976,8.205065
8.0,7.804817949359425,8.1713085
8.3,7.878838705547054,8.338448
8.5,8.239775426553106,8.707037
9.0,8.848010402148233,9.010845
10.3,10.213027757807822,10.284415
12.1,12.34574031833979,12.459451
14.7,14.763505564219287,14.591338
16.3,16.540661424550137,16.14759
18.0,18.1947196991693,18.104876
19.5,19.53943047284303,19.479574
20.8,20.670739703898214,20.806751
21.2,20.93386569315969,21.03103
21.9,21.490833624359695,22.027351
5.3,4.790977495253998,5.426034
5.0,4.241820424885944,5.0427685
4.9,4.268070934017324,4.898985
4.7,4.0731314043976,4.697996
4.3,3.6781341245900236,4.306847
4.5,4.027630326352458,4.4567623
4.5,4.017175173834815,4.544544
4.7,4.100474217650223,4.7304583
4.9,4.211069726038801,4.8049717
4.9,4.323009890792015,5.0434046
5.0,4.44855668463228,4.928134
5.4,4.922794161591902,5.1660347
5.4,5.076547929324185,5.334706
5.3,5.1049427755750045,5.4386916
4.9,4.628527596242236,4.9167385
4.8,4.504793313481031,4.897677
4.4,3.9234340455331704,4.437005
4.3,3.946400671184989,4.2468185
4.2,3.81919012313476,4.212432
4.0,3.7292062235380143,3.9479406
4.1,3.706007249658896,4.1524096
4.3,3.9745296789327895,4.2468185
4.2,3.818337521522295,4.186796
3.8,3.3734258192829856,3.8846529
3.5,2.6562825011978433,3.4969366
3.4,2.57333334920763,3.377761
3.7,2.8058553166734868,3.7077603
5.0,4.37949540355249,5.0356765
5.6,5.063386744599853,5.528003
7.9,6.822214351179625,13.770511
4.5,3.7233356908320445,4.503456
4.7,4.1486128775658315,4.7691627
5.0,4.380677524517772,4.804371
5.4,4.946203469354579,5.3791256
5.6,5.2857815218474755,5.6634502
5.5,5.150311718244112,5.7480593
5.6,5.064586197430401,5.5648417
7.4,7.212630701853151,7.4162593
6.6,6.181377245229378,6.6948853
6.3,5.817535911189786,6.3489175
6.3,5.839211745225995,6.402924
5.9,5.390730691103919,5.927515
5.7,5.037524861424259,5.671304
5.6,4.9266886958017935,5.499645
5.5,5.213172366068761,5.6664114
5.5,4.843415766433857,5.435689
5.4,4.741506171241085,5.4117155
5.6,5.2121451441174855,5.6646605
5.6,5.222602167258941,5.6091337
5.5,4.875864379512436,5.4159093
5.6,5.088674224591415,5.5846257
5.7,5.043173670394701,5.543201
5.7,5.266265387021086,5.7495837
5.7,5.465112474466295,5.846656
5.9,5.45669679127041,5.84499
5.8,5.342995051603715,5.841202
5.3,4.831481517486708,5.3209987
5.2,4.738407267739468,5.185302
5.1,4.5767718216596975,5.1777434
4.9,4.400752179164819,4.926741
5.6,5.051415026295409,5.6422634
5.9,5.36262597956852,5.899528
5.3,4.911865602276244,5.4037137
4.9,4.450062000884998,5.059319
4.8,4.401929191795652,4.831322
4.5,3.9837103763244883,4.4011226
4.6,4.044655698850271,4.6826334
4.8,4.37856106668233,4.8335094
5.1,4.60994605057985,5.0422
5.4,5.193562518165784,5.23176
5.4,5.355379967185343,5.5343795
6.2,6.135896429880631,6.3160634
6.4,6.573079274777605,6.3773627
6.8,7.169558424260089,6.642454
7.1,7.7189176378731545,7.1343956
7.8,8.85551933466731,7.875972
7.1,8.09498909687294,7.0835695
7.4,8.483894547192296,7.523738
7.0,8.140394073014104,7.2751093
6.3,7.46861798210945,6.439856
5.5,6.593979616142896,5.5659184
3.2,4.200029028669036,3.326331
3.6,4.530260660958305,3.612416
3.5,4.488094279232783,3.5994718
2.8,3.7534772324912566,3.0324624
2.5,3.4073773594187386,2.5239143
2.0,2.803516227858964,1.8970811
1.5,2.280168206753359,1.3661855
1.1,1.8710037564742095,0.96291095
0.9,1.5666957503237313,0.7990046
0.6,1.2402849582629614,0.5392288
0.9,1.4369994715891465,0.79341584
1.7,2.602327549375886,1.6448249
3.1,4.319237762192138,3.0501344
4.7,6.153815334673368,4.792375
3.8,4.265291136796236,3.8107598
3.9,4.382185682768487,4.163347
3.8,4.305966209827247,3.8306994
3.5,3.830355882557569,3.515529
3.3,3.4644580042804876,3.204748
3.5,3.7069206984310057,3.270649
3.6,3.901303286338731,3.5250206
3.5,4.029868272872335,3.307948
3.9,4.332827389562361,4.161469
4.6,4.983952760197923,4.290903
4.8,4.796293219218008,4.768312
5.6,6.5688281380575475,5.762155
5.5,6.577829533273267,5.147061
5.8,6.969707987895532,5.8441057
5.5,6.644404553179633,5.477241
5.5,6.439881243854629,5.1383166
5.6,6.631299762438054,5.1383166
5.5,6.852278824055723,5.439346
5.8,7.227225931793797,5.6621127
5.6,6.963206715804517,5.6140094
6.6,7.883003203174802,6.3243403
7.0,8.12656393184886,7.1568947
9.0,10.102161211798027,8.948898
11.5,12.366713239366305,11.544366
13.3,13.967243262428685,13.5173
15.7,15.982734751858779,15.734737
17.4,17.472744290287796,17.888369
18.5,18.35533441748071,18.516369
19.3,19.138211797261345,19.405397
19.4,19.07053557606552,19.40773
19.5,19.241255424225137,19.880556
18.8,18.553184344774568,19.030249
18.0,17.840406698060523,17.9266
17.4,17.50658236691159,17.875105
16.8,16.77269871767129,17.056833
16.0,16.11058614442295,16.157549
15.6,15.624783513096663,15.48757
14.8,14.967087713910228,14.319995
14.4,14.623775930667506,14.214782
13.9,14.1820449318325,13.777099
14.0,14.197715556255737,13.9736805
12.9,13.35631896663186,12.738912
12.8,13.210752531431403,12.736818
12.9,13.335785822211008,13.507788
13.0,13.427717114312717,13.507788
12.6,12.993249606336196,12.779562
13.9,14.288426861217626,14.225471
15.7,15.971744713038788,15.773917
17.4,17.489744230114447,17.869112
19.1,18.798543754973746,18.993078
20.8,20.410172855287676,20.509415
20.7,20.10525261233087,20.257914
21.5,20.881335266052663,21.951267
21.7,21.04775815035649,21.985897
21.1,20.402925928282542,21.15785
21.0,20.483829806333674,21.056437
20.0,19.58685331182257,20.095861
19.1,18.90918444714128,19.31737
17.7,17.628178417812506,17.804062
17.1,17.043870985636502,17.048397
16.5,16.43864662697416,16.333675
15.7,15.718200918592,15.754577
15.3,15.32245796010491,15.040899
14.8,14.973647605068535,14.877345
14.4,14.453978234378503,14.525743
14.4,14.624443746680083,14.574938
14.0,14.154182884215015,14.144724
13.8,13.91651338131036,13.556027
15.4,15.494463891333812,15.33621
10.8,10.847620517957292,10.9772415
9.3,9.349167165313219,9.382056
8.6,8.482270922297591,8.763688
9.0,8.7326714677613,8.929231
8.4,8.201803038606165,8.347733
7.9,7.683819792832594,7.902244
7.5,7.241638045989816,7.476964
7.4,6.987656795156262,7.3500695
7.8,7.5297557758404565,7.560618
7.4,7.078234621292381,7.2115335
8.2,8.37681386606084,8.320239
7.4,7.20775593619998,7.3902903
7.7,7.565429798398625,7.5258374
9.4,9.815355102405078,9.534145
8.6,8.660201056143567,8.644929
9.4,9.472654465667784,9.175762
10.1,10.236599232636742,10.147618
9.6,9.654218126625523,9.44634
10.1,10.389874639946626,9.832089
8.4,8.404048004682615,8.395614
8.8,8.876237467689556,8.746677
9.1,8.920341647812933,9.174083
8.7,8.262590021384874,8.583072
10.2,9.853202696310746,10.212002
13.1,13.403350977750495,13.259628
13.2,13.535764490255001,13.065804
12.7,12.720470116602087,12.438604
14.0,14.181336423025531,13.872407
8.1,7.824192720610341,8.231028
7.0,6.590445166488202,6.930579
7.3,6.813992546698756,7.4181643
6.8,6.33385831413851,6.805016
6.8,6.253368311268737,6.8200445
6.1,5.482036488605111,6.111249
5.8,5.3748764430734965,5.7828374
5.7,5.1811644487887065,5.677954
5.7,5.294994162773257,5.726945
5.7,5.252339114636385,5.5960174
5.5,5.037714705429394,5.427213
5.2,4.636502357233134,5.117071
4.9,4.284806685845183,4.760375
4.6,4.012352041549526,4.6093955
4.2,3.555026749537909,4.209435
4.5,3.8441795857261383,4.553566
4.4,3.841289149930951,4.4352026
3.8,3.1893264784942588,3.8778546
3.6,2.9608673885606436,3.6122172
3.5,2.7864680386143803,3.5490386
3.7,2.941298385789402,3.6571755
3.6,2.8632673054635163,3.6218433
3.7,3.059056229872354,3.6538188
3.7,3.079534494194398,3.6528592
3.8,3.2201911322370833,3.6537538
3.9,3.3049026768941374,3.9186532
3.8,3.0746923009988976,3.831952
4.4,3.8580896902532515,4.252547
4.6,4.225077814843104,4.549426
4.5,4.022215190162321,4.406315
4.6,4.106636529391082,4.546644
5.1,4.817180773793169,5.0818806
6.5,6.57064178627482,6.5624223
7.5,7.752775614442186,7.459684
8.4,8.808355756615782,8.510128
8.6,9.000904868110204,8.754606
7.8,7.864131887929112,7.8022194
7.8,7.87755120654964,7.8031793
7.6,7.659592605027569,7.5187316
7.4,7.521297909337143,7.4259644
7.8,7.882258485584401,7.785037
7.8,8.009764089027623,8.015924
8.2,8.356822634331404,8.201768
9.6,9.954423851519579,9.532163
12.2,12.615085449457219,12.069968
13.1,13.637477882463113,13.219384
14.6,14.91501789221805,14.843259
14.4,14.915007137209997,14.847457
14.2,14.764485468680888,14.103422
10.9,11.87388374483595,11.309088
9.9,10.821101020335227,9.91383
9.5,10.299206767340145,9.572983
8.6,9.332716973526008,8.282744
8.1,9.035604906892654,8.119221
7.6,8.315268576239458,7.655897
7.4,8.216797060749133,7.45177
7.0,7.885159015430588,7.231372
6.1,7.126398287477848,6.1216307
5.3,6.217034898552917,5.5427313
3.9,4.8673576076485645,3.7395308
3.3,4.261715090971862,3.5337353
3.0,3.9383097941817624,3.0560098
3.4,4.390736451756176,3.5511208
3.7,4.587218532720179,3.6905138
3.6,4.723678950081762,3.6486878
3.4,4.869878625358673,3.5999904
3.5,5.190954471165433,3.5121045
4.1,5.96795795020666,4.1487627
3.5,5.169499844347513,3.4869404
3.4,5.059792260543986,3.4859807
2.4,3.484873099875017,2.4810462
1.5,2.504124975148194,1.4444939
1.5,2.6251004294752818,1.6527643
1.2,2.5427276676232182,1.3822386
1.0,2.509234536979932,1.2390636
0.3,1.046401539769704,0.24952021
-0.3,0.7324852207322863,-0.16428831
-0.3,1.078541539776829,-0.06432907
-1.0,0.13989532432704976,-0.94835454
-1.2,-0.16172827712641435,-0.98125505
-1.3,-0.16483531222335301,-1.2543602
-2.2,-1.1851925095718556,-2.3594124
-2.5,-1.7267393748662627,-2.5116487
-2.5,-1.882778278836902,-2.5248754
-2.0,-1.3361536663235896,-1.9947482
-1.3,-0.8025928383010807,-1.4813669
-0.7,-0.24397891851863562,-0.69316894
-0.3,0.3538746207548158,-0.025699914
0.7,1.6771865565027824,0.5940658
1.1,2.3604453964942067,1.0148871
1.8,3.1024480660989298,1.7280807
2.0,3.3399767569702234,1.7158797
2.2,3.5605345778743853,2.0417838
2.9,4.402585301685029,2.8983755
2.4,3.786530773766124,2.100464
2.1,3.3191834394476274,2.0492601
2.3,3.5696619785508616,2.1645083
1.8,2.9584442603162984,1.8397787
1.5,2.7062629713021025,1.3998194
1.1,2.1185260321031834,1.0212078
0.8,1.7715902832480097,0.59355295
0.7,1.8001030037278127,0.73818773
0.7,1.9754582084337642,0.94932866
0.4,1.8280797776787594,0.5652886
0.4,1.5000682702718038,0.56955206
0.9,2.1771339942154455,0.7649046
0.9,2.224738085384054,0.7481239
0.6,1.6512138263762566,0.60669166
2.3,3.6296152462479654,2.243505
4.2,5.705990408117188,4.203404
5.5,6.967992971016145,5.378119
7.7,9.110234944386566,7.3039575
10.2,11.532639402237336,10.178947
11.3,12.486297954599564,11.394806
12.3,13.183128248504964,12.047022
13.6,14.367278707432089,13.664825
14.4,15.102848049888497,14.59262
14.3,14.961025682739088,14.387085
14.3,14.881490663286947,14.244334
13.8,14.499159950474784,13.885091
9.5,10.15595213914073,9.462502
8.5,9.312379238219016,8.778776
7.6,7.936302140862647,7.5027895
6.0,5.859579899188532,5.952441
5.6,5.354308390772239,5.5575337
6.9,7.27600090807983,7.106432
7.2,8.068390671736985,7.0882373
6.1,7.734558405866146,5.971113
5.3,6.977323548203252,5.0886025
4.3,6.24249787730399,4.105504
3.3,5.444084694891721,3.1519516
3.2,5.177305650851267,3.1457691
3.0,5.019082218852496,3.1615777
2.2,4.171483421083458,2.0379379
2.4,4.466065555083659,2.2892659
1.4,2.948269911477958,1.2773299
1.3,2.2309915844308605,1.1804549
0.9,1.6281042090012932,0.9220762
0.8,1.4233906256069773,0.5353581
0.9,1.8012644100772945,1.1576787
0.9,1.6664510222259352,0.77611166
0.8,1.4226296807895054,0.52327794
0.6,1.4473458288805716,0.56209326
0.5,1.1434239124071652,0.5261985
0.4,1.0062194160079088,0.5219852
0.7,1.0445800795425413,0.7109736
0.2,0.7825964952039399,0.2020348
0.4,1.0012528684960174,0.21416122
0.4,0.9459799571012866,0.5260594
0.4,1.0075125191365188,0.19517404
0.4,1.1002272841954621,0.21534985
0.3,1.1412633843491662,0.5624868
0.0,0.4490962113245516,0.14249468
0.0,0.39975911297166533,0.15476722
-0.1,0.4813775727085883,-0.31193462
0.3,0.7514320385847242,0.19562924
0.6,1.3099343112243673,0.59307873
1.8,2.4486665870540847,1.4878064
1.4,2.3813788295668488,1.385729
1.4,2.2015156809383143,1.2790159
1.5,2.480834533701355,1.6259409
1.4,2.019291754987144,1.3084922
1.4,1.8788904945292089,1.3062251
1.4,1.8861331310348959,1.3114917
1.9,2.1377968605682227,1.8430614
2.1,2.4027391731004926,1.8607396
2.5,2.8954071795090144,2.4555619
2.7,3.0879908876535964,2.8212655
3.1,3.739728171035509,3.1707468
2.8,3.560855807612846,2.8692122
3.1,3.8515445692534414,3.2080472
3.1,3.897103584275378,3.2910929
3.3,3.868030888705931,3.2178035
3.1,3.9964758924383688,3.2836795
3.2,4.084122127681809,3.4765968
3.0,3.906597430172674,3.0069582
-0.1,-0.929987650526023,0.08988013
0.0,-1.1113629710924542,-0.018372238
0.7,-0.07347195791898997,0.6626893
0.6,-0.4526873964035971,0.70728236
1.1,0.16374511174025486,1.2709519
1.7,1.4266127264692088,1.7051528
1.7,1.3315718788889228,1.7952478
0.9,0.08287672306181548,0.9822802
1.6,0.9108127322366713,1.5479292
1.9,1.4227118339235787,1.8871014
2.2,1.8074109058853765,2.124352
1.5,0.6469632553980205,1.4801979
1.4,0.44857166986751196,1.2792616
2.2,1.4329250642583986,2.3262048
2.6,1.9994778792266175,2.726824
2.6,2.0962434936595713,2.729606
2.7,2.353608552788849,2.7008982
2.9,2.554332473189554,2.9023933
3.0,2.813909318130605,3.0449207
3.1,2.745304474878779,3.1184132
2.4,1.7402411915000897,2.5158675
2.0,1.3318532812930357,1.9438407
2.0,1.4978412675602044,1.9803414
2.2,2.0323740836109465,2.213718
1.5,0.8480301988984422,1.6422945
1.1,0.49486375318952724,0.9824872
0.9,0.28831587722633145,0.8459496
0.8,0.2455206253282256,0.7807274
1.3,0.8296871843483942,1.355596
1.9,1.862136512779351,1.9395305
1.6,1.8406376251896859,1.600245
1.6,2.1667991895664116,1.5023364
1.6,2.2314465612633327,1.8588116
1.4,2.3603381363145743,1.3447382
1.4,2.21941094627784,1.3521047
1.2,2.2193709935695765,1.2838131
1.3,2.225440123204592,1.2828536
1.0,2.1625261388142434,1.0045257
1.0,2.0017509168102805,0.8883742
0.9,1.8384723633096272,0.8959152
1.1,2.1035163874255502,1.1454449
1.1,1.940512490676639,1.1529859
1.5,2.1909947795961457,1.4606377
1.4,2.2209866171754626,1.2746459
1.5,2.723941797218025,1.458507
1.6,2.51880006373527,1.381359
1.7,2.1627322631149752,1.8496443
1.6,1.871248472273173,1.5047063
1.7,2.1815462762074915,1.8623083
1.7,2.0702166988130415,1.4917955
2.0,2.4072450740913425,1.8447953
2.3,2.5603061148103805,2.2309182
2.7,3.022161486835593,2.5229475
3.5,4.0764563786813,3.7958984
4.3,4.782604952843961,4.5265913
5.0,5.521944160248161,5.0755215
5.9,6.403181929883459,5.886138
6.1,6.736102899940768,6.023231
5.9,6.298288062368677,5.908275
5.9,5.932201364533668,5.926991
6.8,7.276684307312458,6.9366384
7.3,7.889869922126778,7.405485
7.4,7.968371120640498,7.4045253
7.1,7.682968056777078,7.136885
6.9,7.445635084337617,6.9430637
7.7,8.61708245747809,7.5393744
8.0,9.046185928047866,7.708094
7.7,8.506201505400636,7.5954633
7.9,8.941994866418579,7.7379584
8.1,9.057346464587745,7.8574286
8.1,8.944969633601652,7.962962
8.3,9.155001885947701,8.430405
9.6,10.692777551435459,9.749961
9.2,9.964118842540067,8.889594
9.1,9.54643015969955,8.991959
10.0,10.634953707515447,9.979741
13.5,14.009684096155791,13.720742
14.5,14.886842560740284,14.974887
16.5,16.719671743995534,16.433393
17.0,17.09602971136051,17.008804
16.4,16.869375829911736,16.322123
13.2,13.419153183918986,13.093205
15.2,15.440865155714349,14.867143
15.4,15.56728799065943,15.277743
17.6,17.802604906835384,17.769522
17.3,17.47234148665005,17.318403
14.5,14.97870051599994,14.61223
10.0,10.158626706513225,9.824967
12.1,12.435730368499826,12.072076
12.9,12.881657380442306,12.594473
12.4,12.435186181223838,12.416407
11.6,11.497097363637216,11.696978
12.0,12.220845555925028,12.089188
11.4,11.572305610052197,11.41951
12.0,12.191661038230809,11.8386965
12.0,12.306395183034297,12.086119
11.7,11.912252472259603,11.698353
12.8,13.05307197904095,12.943907
13.0,13.194186081711926,12.872086
13.3,13.520114940217873,13.161879
13.4,13.730588931359815,13.661154
14.5,14.977159902766331,14.835365
10.4,10.404791919297445,10.216984
9.5,9.636863949484454,9.651661
9.4,9.586980462388969,9.360483
7.6,7.82316393579007,7.6216607
7.8,8.162305299025423,8.0835285
7.6,7.770949647275266,7.5236826
7.4,7.476438081358914,7.24357
5.5,5.334401387716824,5.5509124
4.3,4.254584889383366,4.3627563
3.5,3.3381976723607636,3.3828359
3.0,3.071248132560733,3.0000668
2.6,2.5986454382259225,2.6565683
2.1,1.984478471631462,2.0726461
1.6,1.6772888870655436,1.7396697
1.2,1.1982482121052342,1.2193749
1.2,1.2012030234205824,1.2184154
0.8,0.8980252903252577,0.7324981
0.8,0.8870665772120248,0.7982382
0.4,0.5960530346573734,0.38239574
-0.3,-0.22521775057890636,-0.3510589
-0.3,-0.12099250749918866,-0.20499304
0.1,0.48037284615597997,0.12776822
0.8,1.3097129463036978,0.83130443
2.0,2.6305226877571712,2.0207374
2.9,3.716313087956152,2.9027877
4.3,5.3267279822823,4.3234396
4.4,5.612527708655762,4.423653
5.7,6.772171488705979,5.7623997
6.0,7.1413495388174155,5.992741
6.6,7.623194570575087,6.812904
5.9,6.987398839207202,5.8428435
5.6,6.657908191387087,5.8445625
5.4,6.300814896547394,5.502833
5.0,5.87306136494098,4.7935004
4.9,5.587000234800833,4.952408
4.5,5.04983439667685,4.61547
3.9,4.382188482145608,3.9585311
3.4,3.916836876712523,3.2923012
3.1,3.8558628991169073,3.174667
2.6,3.3011526745861772,2.3695037
2.3,2.9329558629500028,2.0677984
2.0,2.678774033153857,2.0701213
1.9,2.620293927806749,1.9953512
2.4,3.2550672244234278,2.3439388
2.9,3.874095092105918,2.788285
3.7,4.745609987319199,3.7869415
4.3,5.621489052942657,4.296209
5.9,6.957338865810435,5.849602
7.3,8.441057474892528,7.35033
8.2,9.217627358675728,8.045098
9.3,10.29184654644894,9.289669
9.3,10.097508349232715,9.234886
10.2,10.898370099549687,9.947744
10.5,11.221234943258409,10.322471
10.2,10.85536440986403,10.197003
10.1,10.705029734473996,10.045028
9.6,10.042723279955275,9.200781
9.2,9.686300270482636,8.978742
8.7,9.321504613201014,8.591534
8.0,8.533084957286686,8.139901
7.2,7.5989701451535865,7.2298527
7.0,8.173715014092611,7.0305767
6.7,8.202510027204468,6.497287
6.0,7.199178401526687,5.7161064
5.1,5.440112693237317,5.112343
4.9,5.207398393499446,5.0627923
4.8,4.692422167961254,4.9482355
4.9,4.814543489695026,5.044177
5.0,5.13524575283931,5.0185676
4.9,5.297875854919937,5.207269
5.0,5.173584497929504,5.179276
5.1,5.450370758194126,5.272143
5.1,5.642320777272879,5.249203
5.3,5.583448060458643,5.3872094
5.3,5.599542667252763,5.405192
5.6,5.788311059519991,5.525472
5.4,5.552316813747737,5.438383
5.2,5.17233955698164,5.2670207
5.3,5.248766519584365,5.3328943
5.3,5.25955819332917,5.25919
5.7,5.7548475092976545,5.8096824
5.6,5.752755558172652,5.5921884
5.8,5.869323034002122,5.8796196
6.1,6.410449273223307,6.1535788
6.9,7.0335673072089975,6.8043528
7.8,7.93172545100774,7.658475
6.8,6.540450430352244,6.765612
8.2,8.009453105714506,8.231322
10.7,10.586926403680383,10.620677
10.8,10.93861076356059,10.945773
11.1,11.029715285177712,11.2755785
10.8,10.758710707339109,10.914318
10.3,10.278568606516547,10.367116
8.3,8.027170630429918,8.312732
9.3,9.108177170735729,9.193097
8.6,8.277976521269572,8.683994
7.1,6.60436384996499,7.1901846
6.9,6.3996729952121285,7.0371766
8.6,8.159400119632927,8.75017
6.2,5.576951482105919,6.1948376
6.1,5.491531861843974,6.0508676
5.9,5.2543715744814605,5.779882
5.3,4.791367485669653,5.4177957
5.2,4.590923699825495,5.19118
5.0,4.387087546467065,5.0257483
5.2,4.700727282410362,5.133389
5.2,4.696537938564937,5.133389
5.1,4.578608538832555,5.078566
5.0,4.556294459335852,5.0526776
4.9,4.359908921897215,4.898141
4.6,4.258281248128931,4.7045374
4.5,4.0295292980918305,4.2606797
4.4,4.035230799746039,4.25972
4.5,4.154270896856431,4.547934
4.4,4.032619894398827,4.407779
4.5,4.088304156205531,4.5475674
4.7,4.208340607629481,4.550349
5.2,4.988230032364008,5.343714
5.3,4.877408378056401,5.103723
5.3,4.9909937603100545,5.343587
5.6,5.460882574417262,5.6405225
5.3,4.909044101068396,5.1901846
5.0,4.582004852568176,5.059183
4.8,4.261007724497581,4.842583
5.0,4.612382511140709,4.928053
4.8,4.16586950377917,4.6953983
4.7,4.053735946293841,4.7141857
4.8,4.175385151873755,4.8010783
5.1,4.523417112581178,5.062075
5.1,4.729365199381647,5.062075
5.5,5.027724183449649,5.42107
5.7,5.241393540905513,5.5923095
6.0,5.524560520582902,6.051783
6.1,5.559937730663449,6.0828867
6.5,5.985921070045251,6.4516287
6.6,6.142087318551781,6.61282
6.4,5.74335058364025,6.450669
6.3,5.770198282285499,6.450669
5.9,5.211800476143928,5.8883643
5.9,5.298195707798172,5.9510555
6.0,5.409058464842552,6.018072
5.8,5.190332607153543,5.777555
5.6,4.983927711719822,5.6710525
5.5,4.790083716449423,5.4977317
5.7,5.115002674458182,5.589456
6.0,5.31808347051971,5.9499683
6.2,5.713658459667151,6.123874
6.6,6.279862054452842,6.6831946
6.7,6.515700433078578,6.509071
6.6,6.300174507436118,6.703029
6.0,5.415687546567405,5.889093
6.3,5.8897851818322025,6.236796
6.2,5.7873029731107835,6.195371
6.5,5.962139521910608,6.5518956
6.5,6.001753665258704,6.6226873
6.4,5.741694362253362,6.4083066
6.2,5.624974717769767,6.408434
6.5,5.881388658793746,6.550357
6.4,5.80087619828047,6.408434
6.2,5.728459182637209,6.408434
6.2,5.712862212215192,6.1968083
6.1,5.641381073061233,6.103341
5.9,5.395974446829946,5.8481455
5.9,5.3133179702024265,5.8448195
5.8,5.193276879199303,5.844567
5.7,5.2353660146160195,5.8447933
5.6,5.156791344647395,5.7216125
5.6,5.085453972774012,5.7216125
6.5,6.327390965620424,6.481904
6.9,6.876165546145671,6.904017
10.1,10.185267651309672,10.2051735
13.1,13.481784096728305,13.326065
9.6,9.832694200210703,9.665547
6.8,6.834922220419422,6.8974447
4.8,4.6884998401400395,4.8273544
4.3,4.158998640167326,4.434333
3.9,3.5648426399201085,3.8704178
3.5,2.9997928480512357,3.3050568
3.7,3.350900775542428,3.768844
3.7,3.4419528143701257,3.7118933
3.5,3.210951569749618,3.587132
3.1,2.5100818529369207,3.0162456
3.1,2.5909969995410407,3.0162833
3.3,2.821339072939743,3.023061
3.2,2.9521537647933727,3.0150506
2.6,2.1575279729974,2.647096
2.5,2.0652914531218514,2.5633872
2.3,1.8533617133345643,2.3296576
2.5,2.1157823117098786,2.584074
3.0,2.5580003418616286,2.9130666
3.7,3.478325658148208,3.6115084
3.6,3.5093301664734042,3.6105487
3.5,3.2875475906319735,3.5707543
3.4,3.263698556039806,3.5496316
3.6,3.2789390799472855,3.728512
3.5,3.1302590892874207,3.5113592
3.2,2.7531825890731056,3.2347994
3.8,3.3795956223203945,3.8282278
4.0,3.3709219147467806,3.9280117
4.5,4.379151566577185,4.4819875
4.4,3.8726476129005647,4.4222436
4.4,3.912737148654493,4.267593
4.1,3.5786390987724346,4.127952
4.0,3.491253006031471,3.9292836
4.4,4.1650957077027115,4.4148545
4.5,4.053600795818227,4.560179
4.5,4.089575794662338,4.4134955
4.3,3.889169385415215,4.318544
4.1,3.7906385604734965,4.1499906
3.9,3.3983096523339924,3.897205
3.8,3.4214909523434542,3.8584728
3.9,3.6046076805567395,3.9360325
3.7,3.49688375400342,3.7588987
3.4,2.8481533188857924,3.366813
3.8,3.335292931916264,3.650457
4.0,3.6822708518316034,4.1532574
4.7,4.325517149610043,4.6297007
5.0,4.651509459782524,4.9534736
5.0,4.5533894570111855,4.946201
5.2,4.844498597076914,5.273717
5.0,4.542863166252296,4.9647074
5.4,5.080623672051836,5.3407793
5.3,4.923025653577206,5.306103
5.6,5.133457557296381,5.4665804
5.2,4.6911498824297055,5.1863093
5.2,4.7165460965488535,5.1025543
5.2,4.8847787252781245,5.2067266
4.9,4.524094222482354,4.926865
4.9,4.592209988045987,5.0103955
4.7,4.262089633553003,4.5876565
4.1,3.70821919169898,4.1939564
4.5,3.959118517565827,4.508105
4.7,4.076337372092368,4.66113
4.5,3.838953673756542,4.5718555
4.7,4.088572583428721,4.600938
4.5,3.8725886765368855,4.4089828
5.1,4.603082478114317,5.1427355
5.3,4.83202817046007,5.293502
5.6,5.063407783888344,5.5108585
5.5,5.1977573433068684,5.404112
5.7,5.553991086971081,5.693948
6.0,6.26515894996777,6.1466255
6.1,6.6041118069324725,6.130638
5.7,5.883251715483269,5.780083
5.8,6.104760667068547,5.862581
6.1,6.449169848503068,5.999966
6.3,7.024277198054904,6.2210975
6.2,6.870563711835999,6.0813665
6.0,6.595575200672748,6.035512
5.9,6.301761039003765,5.8760476
5.4,5.806007536587906,5.3421583
5.2,5.454434523912717,5.1518154
5.1,5.282849804988473,5.251903
4.9,4.425571675511861,4.9802585
5.1,4.366076210698381,5.1048584
5.4,4.595636635977975,5.1659474
5.8,5.179047789974042,5.863162
5.8,5.218794617583491,5.654483
5.7,5.1366360457316205,5.5303526
5.8,5.2527598894109815,5.655551
5.8,5.268500453040467,5.8676314
5.9,5.53655886887077,5.923305
6.3,5.916114598911108,6.349013
6.1,5.838907209231138,6.204247
5.7,5.248955556296558,5.716305
5.2,4.544733258347186,5.044246
5.2,4.668498777518771,5.1700597
5.3,4.665243184028995,5.393158
5.3,4.766563414912255,5.328778
5.5,4.995803322357652,5.602461
5.6,5.121525698838624,5.6687603
5.8,5.335372321744927,5.559768
5.9,5.459861904122818,5.6839323
6.6,6.4590351027090165,6.630323
6.7,6.512586091399498,6.6435566
6.9,6.797419799018222,6.866341
6.8,6.529015933064734,6.6867404
7.4,7.34646382752814,7.5215
7.8,7.884517419810528,7.8201904
7.8,7.9016146978994755,8.1425705
7.3,7.09266315377041,7.0893083
7.8,8.04550123523347,7.8221307
8.4,8.490907213898126,8.214103
7.6,7.346992860215941,7.575373
8.6,8.475416626591056,8.533011
8.6,8.48079618613109,8.507892
7.7,7.5289605078653565,7.6550884
8.2,7.979263144491121,8.329938
8.8,8.710209935058849,8.6891
8.4,8.084721474179783,8.339219
8.5,8.347710736080671,8.700689
8.8,8.667883375862544,8.951842
9.1,8.986354625622337,9.162695
10.1,10.165930196837742,10.276839
9.8,9.844763157966874,10.016991
11.0,11.135941133720777,10.9426155
11.8,12.03492802140783,11.844654
12.0,12.215039757692477,11.9956045
12.5,12.653627191524475,12.58745
12.0,12.12018115259021,12.045713
12.7,12.81665497487268,12.689643
13.7,13.960236590854706,13.554726
14.8,14.964474325777672,14.79719
15.1,15.270123027629925,14.89998
16.5,16.785900771257797,16.33057
18.2,18.419002964509144,18.35429
19.2,19.330303315004,19.556625
20.0,19.538945467381197,20.163282
20.0,19.61007601848303,20.160479
19.7,19.38982211087606,19.849195
20.7,20.290786818634167,20.810951
21.5,20.864408325428123,21.553259
22.3,21.483171177544367,22.481094
21.8,21.03708521893781,21.7998
20.7,20.186588113062932,20.870316
20.3,19.71850486495315,20.158829
19.9,19.448504624922325,19.82026
19.7,19.2171370016718,19.82026
19.4,19.05637053911125,19.713755
19.4,19.068796951081712,19.571943
19.1,18.823182818319896,19.045753
16.9,16.847845224249692,16.36415
16.2,16.179000142923407,16.113962
15.0,15.022733211809147,14.900544
14.4,14.370258067472324,14.509508
14.8,14.834262386582317,14.863795
15.2,15.276834699383993,15.053077
15.7,15.718919979700683,15.932895
16.5,16.503737806678277,16.145218
17.8,17.75426333476326,17.861597
18.1,17.909816299384975,17.977602
17.9,17.77366528679234,17.995161
17.8,17.752156813542207,18.288628
17.8,17.650464641662083,17.9266
18.3,18.10448486092662,18.357456
18.0,17.995182973542562,18.196123
17.1,17.089036870235365,17.53491
16.6,16.496259217901837,17.173033
16.2,16.130593736395653,16.087275
15.7,15.652196683488786,15.928733
15.1,15.169699942349489,15.17653
14.6,14.750466599722646,14.54582
14.1,14.175319132400045,13.76191
14.1,14.073459604577987,13.777699
13.9,13.968419070340236,13.787246
13.2,13.321152096293897,13.129732
13.2,13.261998311039672,12.985735
12.0,12.058792910590228,11.901253
12.8,12.88250289749801,12.655097
13.2,13.321035418964343,12.960865
10.4,10.196346996399232,10.562927
10.3,10.148465476616938,10.293502
11.3,11.137400713085782,11.207284
11.8,11.856656508956899,11.960053
12.6,12.832380684527521,13.186795
14.1,14.348662249398195,13.7559595
13.2,13.334134690425799,13.292845
13.1,13.330196553767049,12.826122
13.0,13.368974649062793,12.965401
13.1,13.404126646253744,12.96751
14.0,14.3555045296577,14.155121
13.6,14.000804292189102,13.669861
14.8,15.21863572100201,14.763558
11.9,12.344569780566186,11.919448
12.9,13.314550132185953,13.030684
11.3,11.526968031610124,11.057273
12.7,13.079123526969092,12.832739
12.0,12.669113302272095,11.779166
10.4,10.581090149589489,10.478242
10.8,10.85231771534946,10.855145
10.0,10.136986059668555,10.005006
9.4,9.578794540675037,9.569137
9.3,9.35547730870356,9.440699
9.3,9.473523441980753,9.404525
8.8,8.616961298204462,8.997986
10.3,10.724915229959535,10.359667
10.2,10.37084753583164,10.215266
10.7,10.80518324874738,10.848533
10.8,11.081022250166662,10.954074
10.2,10.481282521397134,10.389652
11.1,11.314259751385737,11.291972
12.1,12.346428377996332,12.223671
11.9,12.242916193818925,12.226539
10.8,10.998810462047842,10.889913
12.7,13.082680387163585,12.599368
11.3,11.622318453432872,11.39886
12.7,13.11767649702244,12.71893
12.4,12.886639118498554,12.546046
11.3,11.642799943874653,11.316978
10.6,10.916442099552444,10.763825
10.6,10.660276032019219,10.634414
9.6,9.576184294273467,9.627042
9.9,9.656812957239172,9.892002
10.4,10.160690685437771,10.686971
10.3,10.052885729928825,10.207552
10.6,10.38055267894503,10.683228
10.5,10.249856156626603,10.632186
11.0,10.97370782337076,10.759841
12.0,11.958806546146263,11.842958
13.9,14.17815778823244,13.6954775
15.2,15.355292963446072,14.866521
15.6,15.822686156343842,15.881785
16.5,16.736434981007516,16.542795
17.3,17.32017371746145,17.6348
17.1,17.23657321038988,17.128471
15.2,15.773149343952792,15.40377
13.3,13.410340547992803,13.38146
13.0,13.33095953304274,12.6876
13.7,13.881630076095181,13.638328
14.0,14.000543586789448,13.763784
13.8,13.866378165642693,13.635015
13.5,13.755430893937103,13.496629
13.4,13.729294055317038,13.278871
12.8,12.909017613629242,12.751301
11.5,11.7292384438352,11.53627
11.2,11.500505819607845,11.341401
10.6,10.800089234802183,10.660028
10.0,10.143680910569437,9.953584
9.6,9.801386441024224,9.819836
10.1,10.279651463403503,10.050263
10.9,11.16508654150108,11.118908
13.3,13.406502752275578,13.549851
12.4,12.505231512216806,12.255498
11.5,11.752983616428978,11.69773
11.5,11.798634745314796,11.709781
11.4,11.722415948692976,11.353764
12.0,12.570486878573568,11.701626
14.1,14.41131236508646,14.114373
15.8,16.00138102038126,15.73568
18.0,18.04278635952434,17.918407
20.7,20.21587356756392,21.122356
21.1,20.399326246830295,21.127132
20.5,19.97535689092728,20.619194
20.2,19.783450247085028,19.80335
19.5,19.26336036680667,19.479094
19.3,19.08817042142371,19.40605
19.0,18.824149306644077,19.228456
18.4,18.329167442346407,18.386944
18.2,18.139135725947334,18.157337
18.5,18.3668588160106,18.421915
19.6,19.36259706565465,19.627214
20.2,19.855524712252816,20.380045
19.9,19.595385318728507,20.05717
21.1,20.50991542839246,21.168943
22.6,21.882098248024022,22.313108
23.4,22.60249890465898,23.51499
24.4,23.441795379638428,24.56617
21.9,21.408562169006174,21.976109
19.8,19.588502543604925,19.821411
20.1,19.93167371311237,19.94017
19.6,19.319187204061784,19.654537
18.1,17.972578872378826,18.149698
16.9,17.005928848344375,17.347393
18.4,18.236427834936578,18.489315
20.2,19.818392195332105,20.173124
21.3,20.491430171004925,21.379303
21.9,21.00048309996942,22.198524
22.0,20.859323446978603,21.552961
14.7,14.737605639125718,15.122642
11.8,11.670212490503381,11.899518
13.7,13.722759625050006,14.06835
10.3,9.992733711975749,10.280116
9.4,9.189870730662413,9.571585
9.8,9.651056196964898,9.639023
10.4,10.333001041880646,10.550497
9.8,9.521861430794502,9.878212
11.1,11.000268568941422,11.086179
12.6,12.751116853819585,12.520153
13.3,13.490672880813257,13.089038
11.8,11.83871467775128,11.841051
12.3,12.504253841198452,12.482053
13.3,13.460403124636201,13.287313
13.8,13.833585304397086,13.552269
14.1,14.118891703008206,14.041125
14.9,15.029550510792486,14.7574
13.4,13.420473925142133,13.2979555
13.4,13.537016318835576,13.182452
13.5,13.521621767976157,13.33632
13.9,14.047416593629084,14.225284
15.6,15.739359608570428,15.688549
14.2,14.490892152676587,14.225393
12.6,12.865672158243829,12.500929
12.6,12.861647263812824,12.497808
12.9,13.137644031700482,13.097897
12.0,12.17429108463752,12.087772
11.9,12.111095717843018,11.754635
12.0,12.234212730239012,11.754635
11.1,11.135360577623128,10.941306
10.9,11.062326971234832,10.934483
12.0,12.279854692256201,11.750167
12.1,12.383325473026382,12.11504
11.7,11.94855606080434,11.754036
11.5,11.540076881385737,11.472502
11.5,11.472775816103127,11.550017
12.0,11.968853405198693,11.804939
13.2,13.295399718073615,13.350784
13.1,13.30401472006378,12.8603525
16.4,16.56733862747288,16.282639
16.9,17.190458017013754,16.802425
19.8,19.962198231586108,19.803991
22.0,22.08127111376795,22.031105
21.5,21.832934726330137,21.51707
18.9,19.172324416418398,18.999228
21.7,22.014229480497143,21.90497
23.0,23.15388928451652,22.951654
20.1,20.565458245554176,20.17383
18.5,18.69939496372827,18.220585
15.7,15.825746888189244,15.757759
15.1,15.274741851995898,15.176146
17.7,18.027757065193192,17.681087
20.0,20.360928309764482,19.971127
19.9,20.36513170952759,19.960125
19.9,20.361610438579834,19.828821
20.3,20.627024014252715,20.201162
20.3,20.68337239654634,20.274387
20.6,20.89127855374433,20.63844
18.3,18.372004637872525,18.499996
19.7,19.677388410729293,19.612904
18.2,18.286153367709705,18.307873
17.6,17.650113989340575,17.764265
17.2,17.389764486321948,17.159134
17.8,17.783191558241572,17.83644
17.3,17.397761504128944,17.440437
16.7,16.709580646512354,16.82377
16.0,15.985218546086635,15.843957
15.3,15.351124606878525,15.0642395
15.2,15.303863657346618,15.241792
15.0,15.003011789790612,14.769537
14.7,14.639091937493262,14.676915
14.3,14.268217889575567,14.551775
14.3,14.213104175579101,14.175272
13.9,13.93159546657348,13.784142
13.6,13.597094613622215,13.554769
13.0,13.01930375525163,13.290498
12.8,12.762845954698776,12.612883
11.9,11.7253829418594,11.884789
11.3,11.218166883097776,11.281298
11.6,11.391860264450063,11.49167
11.9,11.830512060596583,12.215875
12.3,12.289253917167017,12.256727
13.0,12.926592484418137,12.849679
12.1,12.040332191013512,12.265362
11.4,11.299024130741149,11.438972
11.4,11.313654460190527,11.806452
11.4,11.488037616507068,11.290224
11.0,11.149903033882044,11.25475
10.5,10.432304124765341,10.344511
10.6,10.541221863337075,10.477024
10.3,10.306255176950216,10.347107
10.2,10.091612614900104,10.279185
9.9,9.914903124219524,10.030848
9.4,9.260329965862425,9.29498
10.0,10.054463999238912,9.991692
9.6,9.529369241300028,9.970906
9.3,9.085749811737372,9.272637
9.5,9.128357635237467,9.300909
9.9,9.581994771052631,9.467375
10.4,10.202262364800426,10.679262
10.3,10.090198078893533,10.268068
9.4,9.480711331846344,9.454161
8.3,8.542016912350899,8.504588
7.4,7.545630042547195,7.3746367
7.6,7.893646725129848,7.664457
8.4,9.11248948242351,8.0162325
9.0,10.045649574293208,8.938979
10.1,11.42247859800558,9.961338
10.7,11.726053963587887,10.668326
11.8,12.78972438048456,11.882117
12.7,13.429540156053601,12.829216
13.3,13.887744570278628,13.509714
14.3,14.986167183677619,14.5566435
14.3,14.870551291448823,14.416891
13.9,14.533911789693757,13.985299
13.4,13.913253901861108,13.32245
13.0,13.540797776761853,12.911304
12.3,12.970024864016658,12.067283
11.9,12.578862341984326,11.973365
10.8,11.51770618169822,10.899138
9.5,10.269067040770732,9.614411
8.1,9.030354783319943,7.982027
7.0,8.046529195450617,7.1221843
6.2,7.139147742405186,6.0786624
5.6,6.472519290896898,5.7339087
4.9,5.717270981782839,4.888855
4.1,4.796752518449011,3.8543725
3.4,4.209221754074214,3.4871824
3.9,4.707160790992788,3.733671
4.6,5.387555424641491,4.500427
5.4,6.1219775858115355,5.453038
5.9,6.833428987446979,5.8222
5.9,6.854276187435602,5.8545766
7.2,8.339538147285413,7.2106967
8.1,9.34165159718777,8.152302
7.9,9.033841080252646,8.202954
8.0,8.983379755387094,8.01033
7.9,8.859680395638229,7.6926165
7.3,8.248880072102512,7.34822
7.2,8.174498212165386,7.2980466
6.4,7.215290716323679,6.605708
6.3,7.080952211137536,6.1871777
6.0,6.6701326449242515,5.7680182
5.9,6.653250110741602,5.8777595
5.3,5.914149819658569,5.4172406
5.0,5.737537305170704,4.784696
4.9,5.636096055007364,4.8692465
4.9,5.732335706434071,4.5953097
5.0,5.842567840248364,4.8637695
4.9,5.522194497070515,4.799828
4.4,5.161452804903192,4.4792337
3.8,4.304204830966015,3.9048102
4.1,4.466674638213895,3.996134
5.7,6.267598084764025,5.708971
7.3,8.003461751727883,7.0066056
8.1,8.951739583280006,8.345537
9.8,10.609654047935553,10.019807
11.6,12.490631858187758,11.522266
12.4,13.12014193086485,12.388497
12.7,13.369988556875487,12.707844
9.5,9.935418829482952,9.518908
10.1,10.675776961049348,10.036572
10.4,11.158865355946148,10.322415
10.3,11.00289690548355,10.448663
10.9,11.452609600055101,10.850081
11.2,11.684605188069828,11.287133
11.2,11.650613914758043,11.471018
11.4,11.513698297850151,11.249921
12.2,12.692867826913513,12.050744
11.9,12.620928127519647,11.750607
11.4,11.952226199648901,11.535707
11.2,11.755012722890665,11.296109
10.9,11.535351239588284,11.222865
10.7,11.540127021384944,11.226704
10.3,11.054731462482753,10.15466
10.1,10.795438686497562,10.106071
10.7,11.371394408316434,10.656662
11.6,12.347468415229852,11.756362
13.1,13.558461757189736,12.961002
15.5,15.743814278137009,15.454594
17.1,17.084916280691672,17.133327
17.9,17.680972898556846,17.50987
18.4,18.226508057659416,18.746101
19.2,18.70298069979858,18.691149
19.5,19.07119472632807,19.10597
19.7,19.151383296492874,19.097198
19.4,18.920503315853733,18.999176
19.0,18.57960584283845,19.06649
18.7,18.511103965086306,18.636211
18.0,17.937279155405776,18.138666
17.2,17.096982284794727,16.833601
16.7,16.76548266332179,16.861164
16.2,16.10796130592926,16.023977
16.1,16.12158739068585,15.935647
15.5,15.585183269786821,15.586453
15.2,15.344380721043041,15.441991
14.4,14.59594241700481,14.8062935
14.6,14.710765048854281,14.797686
14.7,14.989436164511112,14.958738
15.3,15.472960166948894,15.413062
15.5,15.605731501994782,15.7422495
15.8,15.847503621173171,15.924891
15.6,15.61809571481416,15.44734
15.2,15.357033058488103,15.179176
14.5,14.623809380731377,14.770202
15.0,15.01089179869727,14.668933
16.0,16.016806254753185,15.922315
17.3,17.32064256401783,17.481586
16.4,16.51101060113963,16.62768
17.8,17.83195432341429,17.47875
17.1,17.363432802128983,16.981678
16.0,15.996801783640272,15.806178
15.5,15.620128141463248,15.489986
15.4,15.354022679476927,15.356203
16.7,16.966008284133927,16.726137
16.2,16.39382520879796,16.221182
8.1,7.72740379778277,8.280377
6.7,6.261420471681845,7.026007
6.0,5.617906439382189,6.0166483
5.1,4.761749561452099,5.190028
5.2,4.720966714670908,5.101261
4.8,4.345650532824088,4.8655205
4.9,4.570102649299308,4.9000525
4.7,4.365661349571454,4.755998
4.4,4.1470991546136275,4.5185413
4.4,4.157398752305596,4.516264
4.7,4.325456518139731,4.583764
4.0,3.817152400433649,3.9517918
3.9,3.6394445219914218,3.787816
4.0,3.657058306870127,3.9588792
4.1,3.907361361201481,4.114312
4.5,4.359759799625458,4.7487545
4.3,4.129301531798838,4.2626815
4.0,3.9161408945419893,4.1000757
4.1,3.8807671788927465,3.952598
4.1,3.8944509493383137,3.9516385
4.2,3.9749030985641696,4.1133523
4.4,4.2126219652286,4.6426587
4.4,4.194737975360113,4.358402
4.5,4.166082421663752,4.6438475
4.2,3.770922247096273,4.064396
4.5,4.068041114680774,4.5594745
4.7,4.43017306351495,4.825214
4.8,4.561980835422503,4.973224
4.9,4.532642255007794,4.9976144
4.8,4.2396762488889195,4.665979
5.0,4.477309672100112,5.1367
5.2,4.701938916148144,5.3224626
5.7,5.245703246657811,5.8331513
6.5,5.963495934026213,6.291212
7.1,6.831020253758453,7.0366983
7.7,7.542545340384528,7.565033
7.5,7.317947020882919,7.2403045
7.6,7.464500233462502,7.490662
8.0,7.929106007360719,7.7678666
7.9,7.6103478105837326,7.84496
7.8,7.531336065222021,7.84496
8.1,7.874223041182873,8.117776
7.8,7.528881390450913,7.852947
7.9,7.788042683798835,8.009848
8.0,7.8819867496832074,8.048142
8.2,7.991994114126356,8.152371
8.3,8.104273499182046,8.2732315
8.1,7.850027199256374,8.131063
8.5,8.284528791609688,8.438047
8.6,8.10330626837365,8.501177
9.1,8.940349003676637,9.26426
9.0,9.0585851355792,9.033316
8.9,9.057861220806377,9.077409
8.7,8.564966474790449,8.658414
8.2,8.198557598888542,8.393944
7.7,7.876154768989899,7.6075273
8.4,8.573930505857291,8.556471
9.0,9.130259845731526,9.034871
8.8,8.859536462998214,8.86943
9.5,9.500698569819907,9.494464
11.0,11.098658762362572,10.87499
11.1,11.011357759355679,10.965695
11.7,11.692263980750521,11.717334
12.2,12.53421957387254,12.08971
12.9,13.071390220493921,12.754847
12.0,11.930036739300412,12.005611
11.0,10.839064300430024,11.182242
11.0,10.823833812353762,11.183491
11.6,11.402885691301329,11.557166
12.6,12.637228744881334,12.624725
13.7,13.71800517773939,13.640863
14.7,14.888064454247463,14.83425
15.9,16.041112832583092,15.850227
18.1,18.199067387905018,17.891804
14.9,15.105613389002201,15.265007
16.1,16.231158506373667,16.27328
16.3,16.67468990620397,16.275038
16.9,17.163732168926828,16.91622
17.8,18.034901962777237,17.650644
18.0,18.190705310609204,17.860315
19.0,19.22744537407366,18.98111
20.0,20.136659305787227,19.896008
20.8,21.035113768150506,21.036034
21.5,21.712793857362936,21.617512
23.3,23.3132763074042,23.239729
25.3,25.0402226130118,25.228624
25.0,24.875079310444796,25.042286
25.3,25.172811824298883,25.33357
26.0,25.66716251474746,25.96754
25.3,25.138334450111806,25.312403
25.0,24.793016329622443,25.146498
24.5,24.428685087629976,24.327606
24.0,23.821923582657774,24.055096
23.1,23.064648468451807,23.07914
21.8,21.950959593303114,21.8611
21.3,21.371521671347306,21.295
21.1,21.424557763774025,21.011866
20.9,20.92936185226306,20.87862
19.6,19.939281211424692,19.654844
18.3,18.45440793904092,18.257294
17.9,17.94250537507633,17.856129
17.5,17.694607641702188,17.402359
18.3,18.659936528478212,18.25831
17.5,17.923886566903384,17.497517
17.5,17.729867937789912,17.481836
13.4,13.390572235553016,13.40668
12.4,12.21116657018717,12.283727
11.3,11.067135085389747,11.37549
11.5,11.18897227651205,11.513147
10.1,9.806290319668907,10.068704
10.0,9.729471649918018,10.067454
9.9,9.65039558910631,9.957479
23.5,23.8037211441291,23.577927
23.8,23.84265572584954,23.863836
23.6,23.58252146260179,23.588715
23.2,23.285691261016236,23.392885
22.6,22.661777468931735,22.585873
22.3,22.508446057959876,22.199293
22.0,22.263761705255906,22.039856
21.7,21.91054842868387,21.747904
21.6,21.830787560692777,21.70409
21.5,21.721986711585597,21.528646
20.0,20.527881307417296,20.057905
18.4,18.57824685164799,18.28746
18.6,19.20263677037145,18.692762
16.9,17.00377207975813,16.860806
16.7,16.91958599875099,16.732422
16.4,16.76965805198029,16.388016
16.5,16.87587553462011,16.391582
17.3,17.624303151499813,17.237883
19.3,19.42937023510121,19.251295
19.4,19.564542365865748,19.431952
19.5,19.718335157058952,19.483938
19.1,19.36230134895161,19.243782
19.3,19.415478989164868,19.30565
19.7,19.763745028110506,19.684849
20.3,20.35658934400026,20.23635
20.4,20.64666884266388,20.593193
21.1,21.002025379973293,20.948631
21.2,21.12472257315198,20.857435
20.5,20.5742555987324,20.550926
19.6,19.630959032935962,19.746134
17.4,17.365027376055295,17.349463
16.1,16.04385615870436,16.069527
15.4,15.444254154412004,15.245625
14.9,14.960630777955199,15.20894
14.2,14.264012062478137,14.183748
13.6,13.598423975353345,13.28763
13.4,13.407588166627558,13.063476
13.1,13.115390673555773,12.870498
13.0,13.015229651570365,12.871665
14.7,14.654855014032897,15.115553
15.6,15.611225823798144,15.467247
16.7,16.563884910020295,16.545017
18.0,17.91821552414739,17.985592
19.6,19.297101556211423,19.744614
15.4,15.34485489088117,15.341529
14.6,14.67180054566607,14.525007
14.9,14.959538011278969,14.901919
15.3,15.349109380109994,15.268633
16.7,16.79382523641743,16.620548
18.3,18.252222068553408,18.299139
18.9,18.870808250761304,18.779879
19.1,19.011373917357968,19.01661
19.3,19.35404660485457,19.29257
20.0,19.979684276088143,19.880932
20.1,20.080134851941963,20.315062
21.3,21.152974349773768,21.497766
21.9,21.536879801380465,21.721033
21.4,21.122158333310306,21.336184
20.7,20.64997685422409,20.588644
19.7,19.67386410719435,19.781569
19.4,19.421986496632908,19.436934
20.0,19.941591842877475,19.938137
20.6,20.55437275073273,20.641314
20.8,20.69182721791131,20.713049
21.1,20.84772037413377,20.96071
22.2,21.705642357601874,22.508621
23.2,22.02535009266883,22.975285
24.0,22.769187386893453,23.993801
23.7,22.345576318599434,23.35942
24.5,22.546434957660207,24.773172
25.1,23.031368611682264,25.441254
24.6,22.73496409004767,24.980991
24.1,22.330189889179124,24.229723
19.7,19.275190062790795,19.694172
18.5,18.281518607996684,18.086918
19.7,19.191398119109696,19.824997
20.2,19.648425302208103,20.171381
20.2,19.607695313294716,20.134607
19.9,19.297988752670882,20.062218
18.9,18.40545761112551,18.912476
15.6,15.373738821115122,15.765232
13.1,12.757069305568251,12.968025
14.4,14.440275366300181,14.583134
14.3,14.33354347401875,14.180458
13.1,12.98061131242697,12.866838
13.0,12.825579532529975,12.969156
13.8,13.667541258474781,14.048741
14.9,14.836675139558547,14.650155
14.0,13.925150005902445,13.899363
15.4,15.480569857853197,15.779881
17.5,17.569354421113083,17.571835
17.4,17.545275701630253,17.706135
15.5,15.510900270504525,15.455704
15.8,15.968210295218945,15.796877
17.3,17.593454113903288,17.207867
18.2,18.24571051828236,18.137194
19.6,19.879848154369018,19.745539
18.9,19.063431498445492,18.771494
19.9,19.89437544683087,19.796543
18.7,18.936685297406296,18.435284
20.9,21.16971740005057,20.82839
20.1,20.19257888033906,20.10487
17.1,17.29182467765026,17.109278
18.1,18.1667783023397,18.04391
16.8,17.00643008251319,16.739113
17.2,17.33813675413327,17.12629
17.8,18.05492242323024,17.786772
16.9,17.1974194243117,16.735945
16.3,16.4427597514937,16.43958
16.1,16.235687918618826,15.992742
16.1,16.15103260006684,16.186558
17.9,18.154640563915596,17.900654
13.5,13.419033768390527,13.495692
13.5,13.427102498526597,13.564702
13.7,13.6529030791019,13.771678
14.5,14.555644164107505,14.563135
14.3,14.25792805411059,14.278822
14.8,14.876484881553925,14.799715
14.3,14.280770331996909,14.397733
14.2,14.154297618781502,14.123281
13.6,13.546299202411227,13.631062
13.8,13.768379275467254,13.992366
14.9,15.191281330737937,14.845622
15.2,15.502164428060343,15.334116
14.8,15.040492815116018,14.791619
14.6,14.691107559003488,14.818025
13.6,13.736111999149532,13.649732
13.6,13.888960769259327,13.572285
13.4,13.527525916879497,13.520166
13.6,13.640708748197607,13.480942
14.1,14.028455075755957,14.128005
13.0,12.904718090019113,12.962228
12.6,12.481053993055152,12.488903
12.7,12.470601437022975,12.775289
12.8,12.724389808477905,12.911213
13.6,13.378808874612123,13.582703
13.0,12.898276327350604,12.596825
15.4,15.366625044829604,15.080392
15.2,15.252024973632267,15.362347
16.2,16.31647382685362,16.13109
16.6,16.783139347899798,16.619925
21.0,21.213159724950497,21.032446
21.5,21.609663532216555,21.45281
21.8,21.87322831567032,21.818829
21.7,21.82415550554821,21.82345
22.4,22.38373413064794,22.227423
18.2,18.390480022137663,18.192127
19.4,19.70342116004197,19.434393
19.0,19.23899459736896,19.064592
18.8,18.98515934796111,18.882551
17.2,17.268613678824163,17.242992
15.7,15.656209468894428,15.754691
14.7,14.748816795756522,14.727597
14.6,14.41205979809559,14.452886
14.4,14.321963746966329,14.438374
13.8,13.721434167370962,13.89162
13.1,13.037737418690575,13.314444
12.5,12.356258839231831,12.479074
12.0,11.855166106297865,11.88659
11.6,11.432134083459559,11.473719
11.1,10.846851539951935,10.894863
10.9,10.649085282190683,10.799269
11.0,10.86529730133644,10.927724
10.9,10.651189044964273,10.798343
10.9,10.773519204791416,10.822769
11.4,11.22931738917256,11.413326
11.9,11.783058415870105,11.964658
11.7,11.534615278523052,11.836619
11.7,11.608180233495162,11.8950815
11.9,11.812139776550882,11.963927
11.5,11.516491234431907,11.896918
11.2,11.059808826116523,11.080431
11.5,11.464047173855938,11.552837
11.5,11.53608113462224,11.480123
12.4,12.55761829012729,12.194312
12.1,12.061251673394885,11.946614
12.3,12.444092683177846,12.440742
12.2,12.172019709762793,12.502227
12.0,12.053365936487726,11.939421
11.6,11.65672633349191,11.505853
11.4,11.307320064836006,11.235131
11.0,10.927771275415253,10.868423
11.3,11.11376617788967,11.326818
11.9,11.788502542657,11.968686
12.6,12.47840082722649,12.479473
11.9,11.764520252443042,12.012391
12.7,12.574476021905685,12.909588
13.2,13.116216133487875,13.384154
14.8,14.892805635763356,14.817688
15.8,15.868732172355344,15.831186
16.3,16.394420088141487,16.274353
15.3,15.306494073075832,14.994155
15.4,15.577221360212341,15.475193
15.7,15.79079968898155,15.404467
16.1,16.152023474805375,15.689269
15.0,15.009499474599647,15.025027
17.4,17.47518985051141,17.346607
17.9,17.96592364473882,18.296986
17.5,17.543039972382786,17.64487
16.6,16.77246353419639,16.539537
15.4,15.642219105753025,15.493993
15.8,15.97119439549266,15.4495535
15.5,15.654184933744354,15.788672
14.7,14.81918197501373,14.679583
14.6,14.780090945534042,14.8238535
14.9,15.104713708257439,14.961527
15.1,15.274988487272022,15.092729
14.9,15.306566921198645,14.873421
16.4,16.80329795048144,16.368668
17.1,17.434603927429297,16.986311
17.1,17.499815721331334,17.126156
18.5,19.013103698906463,18.475191
19.6,20.468363294431924,19.610258
18.1,18.573277097048692,18.223593
20.5,20.924907842006085,20.575716
22.1,22.626051834152026,22.007372
16.2,16.595424384113247,16.318378
16.8,17.162363532947865,16.90113
16.5,16.829078176113498,16.520958
17.3,17.700531569798244,17.433393
19.2,19.16898940324263,19.062233
19.5,19.55027380599361,19.574251
18.4,18.538939360528047,18.23379
16.7,16.94793150735569,16.609291
17.2,17.36207235524148,17.302675
17.5,17.54487431982474,17.662802
16.6,16.679806633543684,16.69352
14.5,14.495054167666758,14.341758
16.3,16.416232451306605,16.307835
19.1,18.93126601190201,19.204159
20.6,20.134095111981313,20.397057
19.3,19.10547819595122,19.002575
20.3,20.127885740781817,20.14661
20.8,20.585216763234307,20.789675
20.4,20.151664082256158,20.40501
19.7,19.586791772782075,19.689241
20.0,19.645897692488433,19.828432
19.1,19.151903691223417,19.433788
18.2,18.14561971964637,18.206476
17.5,17.496827062475422,17.581707
15.9,15.94507549587566,15.591033
16.3,16.30768159282311,16.421938
16.7,16.703422860619874,16.892225
16.5,16.46289815128314,16.778168
16.9,16.90228286332021,17.069412
17.1,17.13754732763305,17.354347
15.8,15.932304154826355,15.84182
15.9,15.930645872957356,15.593418
15.5,15.527993697847272,15.421536
14.6,14.548874142112098,14.384997
14.2,14.500373551118003,14.532467
13.9,14.115861033362314,13.9705105
14.3,14.243197738764383,14.286141
13.6,13.436358219420484,13.679251
13.5,13.609222694828887,13.674668
13.1,13.39953519183559,13.259628
12.6,12.624120168643234,12.54673
12.6,12.503085883213878,12.464854
12.3,12.537884297010361,12.403451
12.3,12.262226659886085,12.092033
12.2,12.172947086228735,12.091074
11.8,11.93621319712291,11.744122
11.7,11.832551865021248,11.424958
12.5,12.493109751283992,12.5836115
11.4,11.220076020481343,11.406875
11.9,11.839274156469969,11.912826
11.6,11.45591966134506,11.698077
11.4,11.28165925023104,11.387253
11.8,11.712748687949905,11.694662
11.4,11.203195027063028,11.369878
11.3,10.978310325722283,11.025002
10.7,10.427573194410744,10.868901
10.7,10.384515905529106,10.87132
10.8,10.361581573711767,10.5755205
11.0,10.80760187350327,10.847636
12.4,12.380237333024638,12.450051
13.0,12.950808771868154,12.946413
12.6,12.503095675847902,12.600113
12.3,12.15755152494398,12.232767
12.0,11.936918582209444,12.042989
12.5,12.410281149098893,12.214906
14.7,14.701080351087622,14.602135
16.3,16.357463079333428,16.28286
17.6,17.814685467054677,17.504595
19.9,19.74686175381727,19.81058
19.7,19.549543869159134,19.652895
19.9,19.701381965389707,19.78013
19.3,19.15183358159673,19.216784
19.1,19.124727760277082,19.145609
18.4,18.253645373472295,18.346287
18.1,17.9928690896771,18.007936
16.9,17.066843258936398,16.968107
13.5,13.433690190915645,13.251548
12.8,12.59088417622521,12.601539
12.4,12.14685775500815,12.197347
12.3,12.003111959007992,12.181023
12.3,12.061259478760668,12.151172
12.5,12.397306029845723,12.5878525
13.6,13.59759331377743,13.353616
14.1,14.129914007912458,14.194502
15.2,15.376650151557023,15.249407
16.4,16.504191580211746,16.557737
17.3,17.25739906007925,17.467003
17.8,17.829279348180695,17.771255
18.1,18.08639486839913,17.764254
13.4,13.448879968794888,13.316606
12.8,12.847215973225563,12.863257
12.1,12.04321501419841,12.047201
12.6,12.490799280402666,12.514033
13.5,13.583344045988788,13.595494
14.4,14.42414972205982,14.591206
14.3,14.329891081753026,14.595918
14.4,14.475750036154032,14.715008
14.8,14.940059537935422,14.738492
14.8,14.946924981545596,14.734226
15.1,15.150376702431302,14.901776
15.0,15.14486841113548,15.174404
15.3,15.196713476672205,15.258067
20.8,20.63321059661374,20.787971
22.3,21.882055670124053,22.234385
24.2,23.55693697183682,24.235085
25.1,24.45433066250223,25.275042
26.9,25.86408021431268,27.080462
26.5,25.442650997315106,26.581903
24.7,24.037368679744,24.478558
22.1,22.35164874574307,22.224693
21.5,21.561561075858624,21.462898
21.6,21.77239756915594,21.669586
20.5,20.548290329380002,20.416908
19.7,20.015294908569896,19.755548
18.5,18.937627167722834,18.527727
15.6,15.690896480346819,15.5387945
14.0,13.955004278143555,13.845412
14.0,14.144744154640673,13.843704
13.8,14.061808715886631,13.883101
13.6,13.577521102586644,13.55931
13.0,12.9353775570616,12.992835
12.1,12.082550857600324,12.383872
11.7,11.766943135451132,11.874619
11.8,11.770590545406392,11.721214
11.4,11.317102588921568,11.394476
11.1,11.11254772872558,10.994274
11.0,11.184501392320737,10.985175
10.9,10.85858297598794,10.986315
11.4,11.486463213177004,11.531104
11.3,11.23601557744739,11.101672
11.3,11.207947398337147,11.103489
10.9,10.905163057014963,10.98835
11.2,11.16815004943178,11.273193
11.2,11.271372839894827,11.396852
11.2,11.16890370475507,11.307031
11.7,11.695037205984558,11.563439
11.6,11.588955266761268,11.668518
11.2,11.109802597443387,11.424076
11.5,11.591793451542454,11.668518
11.7,11.811897122063368,11.756795
11.9,12.01317677833713,11.908106
11.8,11.837854923793092,11.909778
12.1,12.163040923238157,12.218682
12.7,12.77385467532076,12.911254
13.0,13.129649512005294,12.944052
12.7,12.874182468352743,12.5823
12.5,12.520837390449415,12.624284
12.3,12.301984347140728,12.217607
11.5,11.409661317428416,11.386477
11.8,11.851479840810523,11.693469
12.0,11.967169749492616,12.015218
11.5,11.544133258523498,11.370193
12.3,12.31530921921409,12.145475
12.0,12.09179962007175,11.867061
12.2,12.21672205488192,12.075906
12.3,12.329482802976614,12.207173
12.9,13.06284872811824,12.857354
14.7,15.057911963329602,14.759525
13.5,13.742845846195301,13.618638
13.1,13.335338327832776,13.0393505
13.1,13.320609451199505,13.098795
12.5,12.56940433772563,12.387944
12.2,12.197612678184122,12.269328
12.3,12.355496272984183,12.515884
12.6,12.76566428474629,12.5827
12.2,12.231940692884383,12.352228
12.3,12.315446374810342,12.522253
12.4,12.288446143484556,12.178766
14.2,14.344146404575305,14.049663
14.7,14.756914799873709,14.87759
14.1,14.03778270151998,14.107816
13.1,13.087581740413135,13.377931
13.0,12.993928224244446,12.935128
15.5,15.660994155290624,15.482108
16.6,16.7761231704441,16.564358
16.1,16.194402470850477,16.13772
19.1,19.232850683179045,18.921488
21.8,21.89325533057604,21.937685
24.0,23.734168845483406,23.944471
22.2,22.283882516054316,22.320312
21.1,21.390418184827073,21.13581
22.3,22.6234758869486,22.314693
21.9,22.231428073410843,21.935894
22.2,22.372047017451866,22.034111
21.8,22.1420642136385,21.800257
20.6,20.880771625752494,20.684778
19.8,20.02717365887313,19.898462
19.4,19.83575463328018,19.456629
19.4,19.72956342553074,19.434975
19.4,19.57900483523893,19.342527
18.9,19.252332825167354,19.195839
19.0,19.164985613219244,19.043524
18.8,19.098405053144923,18.877605
18.6,18.884808065811704,18.570208
18.0,18.214183002109603,17.913837
18.1,18.479777193443525,18.05473
18.7,18.91258480455874,18.591488
19.4,19.741900228002596,19.406881
20.6,20.876155057607,20.623266
20.0,20.25484713711528,19.935139
21.0,21.181853548882355,21.034233
17.9,18.271407284078652,17.995325
16.9,17.05154965020016,16.640547
17.0,17.274951589532595,17.034325
16.5,16.748510396516647,16.255136
14.9,15.068730898586288,14.878804
13.6,13.591289479094073,13.476056
16.1,16.269428370791783,16.185963
16.7,16.866836304359136,16.490303
17.3,17.553894739369703,17.45994
17.9,18.165603359049467,18.045553
18.4,18.542248363046205,18.388689
19.7,19.85566640894974,19.748392
20.7,20.506389126637142,20.549292
19.0,19.33264747938275,19.010244
16.4,16.58491851054469,16.514719
16.3,16.44788661764476,16.230997
16.5,16.654304516276245,16.248993
19.9,20.115652047549844,19.852654
22.0,22.228091417198296,21.999624
22.6,22.73412107556757,22.54594
22.0,22.308328001622236,22.08073
20.2,20.455949503774395,19.986563
23.9,24.104636611073406,23.98547
24.4,24.46054955514675,24.236464
25.5,25.455115131531677,25.631454
25.2,25.105879442713157,25.14297
25.5,25.25850675604621,25.419891
25.3,25.023907328304457,25.095121
25.3,25.066904943392217,25.092047
25.4,25.041971558846896,25.385284
27.1,26.400977664708265,27.146387
27.2,26.658537773836645,27.244154
26.9,26.093845209413153,26.857248
26.3,25.61283660298176,26.164064
26.1,25.477842186374563,26.01927
25.6,24.924153363457364,25.550238
24.8,24.203620045211018,24.833578
24.6,24.117328250011052,24.830805
24.6,24.180540302787342,24.541704
23.7,23.323768389802325,23.77229
23.5,23.182856092078765,23.743893
21.7,21.48867258073574,21.82967
21.6,21.189222361088785,21.75271
21.1,20.794706777019623,21.42764
20.5,20.212914935181313,20.262384
19.4,19.168089040266064,19.05221
18.2,18.156690635917865,18.384846
18.4,18.290774177165318,18.462105
18.1,18.150096014439807,18.130072
18.3,17.95897550268169,18.02105
17.5,17.55298497089361,17.316898
17.2,17.1681510596503,16.990435
16.8,16.906765205570945,16.956211
17.5,17.47124865012783,17.61434
17.5,17.61903856507793,17.744587
17.4,17.43831865163332,17.55219
17.7,17.63392657389964,17.748049
18.0,17.856645310184934,17.98547
18.2,18.02741142060845,18.122053
18.8,18.662228792433233,18.982124
19.7,19.372825447869637,19.733936
20.7,20.07779243420574,21.250973
22.0,21.16023568142829,21.916796
19.1,18.93272832551062,19.173042
20.3,20.18225162409708,20.27881
21.1,21.10872158575561,21.069254
23.0,22.977743814242604,23.07485
19.1,19.25383830118628,18.95645
18.9,18.846628899327982,18.583632
19.1,19.18526654293608,19.256138
19.3,19.17845309097156,18.935432
27.4,26.616611302117995,27.410437
28.5,27.677374496406046,28.348495
24.9,25.000339324889183,24.990635
25.7,25.89739230862889,25.794182
28.4,27.56859110149031,28.293917
27.3,26.333939607861282,27.13033
25.8,25.252954173658907,25.751354
25.2,24.69118902935601,25.0932
24.1,23.852973618788965,24.134241
18.5,18.69977651154534,18.4146
16.7,16.723665903515023,16.5819
17.3,17.3919512130197,17.462423
17.7,17.760652504366277,17.634398
17.5,17.55452042552282,17.582201
16.4,16.56970732074609,16.585659
16.1,16.25164611924748,16.078928
16.0,16.20312940087024,16.13527
16.0,16.2533342661708,16.016256
15.5,15.762346036011461,15.328333
16.7,17.11725891780273,16.808594
19.6,19.962660677155814,19.49061
18.0,18.353082228049974,17.883497
18.9,19.50068192475133,19.117441
29.9,29.153933495972662,29.751965
30.8,29.72320326982325,30.561684
31.2,29.980610609921168,31.37879
31.6,30.161342032019505,31.634825
31.4,30.109997631936242,31.497807
30.8,29.58287702422615,30.65189
30.5,29.411184418655026,30.220158
29.6,28.755385131023537,29.570156
28.8,28.129774527483796,28.91884
28.7,28.139433190851683,28.898533
28.1,27.539931359729138,28.140924
27.6,27.184064103055853,27.763487
27.4,26.698980331274136,27.414629
26.9,26.139182990822427,26.826689
25.1,24.83376183030019,25.072926
21.6,21.57454512772524,21.761448
20.5,20.554636682910843,20.48209
19.7,19.70739267257372,19.727016
19.2,19.1090480965999,18.722458
18.9,18.87146028055411,19.054588
19.7,19.542126141361457,19.430393
20.7,20.5391010915419,21.070618
22.8,22.317907853324584,22.640554
23.0,22.501556954479682,22.718609
23.6,22.901208004992473,23.487263
24.3,23.433713790930604,24.142912
24.5,23.521975355228417,24.723976
24.8,23.49634214891278,24.719784
24.6,23.18451711363686,24.38394
24.1,22.88664462438417,23.983887
23.1,21.941407382736223,22.886612
22.5,21.657240573450828,22.728369
22.3,21.490985890794686,22.551321
21.8,21.106308826569805,21.975634
21.4,20.585686404442313,21.061436
21.0,20.377785810949092,21.10888
20.6,19.964337160658097,20.39701
19.9,19.428549746222696,20.11635
19.5,19.07134322479908,19.741432
19.0,18.71327349072601,18.872208
19.1,18.810359608012416,18.934412
19.7,19.376231005770773,19.636097
21.3,20.697205237767456,21.367441
21.4,20.98033931756543,21.538435
20.6,20.49271211686932,20.919197
21.6,21.14108307463838,21.644579
21.6,21.03324880042816,21.350243
20.2,20.055187556711473,20.144669
20.7,20.51061592469031,21.171528
21.2,20.825608425469355,21.39386
20.7,20.326553101830154,20.711342
20.2,19.98947054072511,20.278683
20.1,19.785080951753304,19.886726
19.7,19.59970128289394,19.8291
20.0,19.744725566595424,20.175974
20.5,20.208339664685845,20.4218
21.4,20.952258981201712,21.77056
22.2,21.58020505177218,22.443106
22.6,21.78733008222382,22.941105
23.2,22.240962033371016,22.99095
22.2,21.54250389624002,22.416029
22.1,21.391576405822658,21.880348
21.6,21.217309725513122,21.845436
21.1,20.844554998648974,21.328459
21.2,21.080797120962547,21.217678
21.8,21.737640925455345,21.742931
22.8,22.728459229745475,22.720026
21.8,22.00226468640438,21.870516
21.8,22.046423421361027,21.876263
22.4,22.73320240206189,22.45541
22.1,22.523205409321474,22.170176
22.0,22.056713386992765,22.057367
17.9,18.249386236307384,17.85372
19.0,19.21056253153537,18.992317
20.1,20.399352720361804,20.182291
21.5,21.89170658777775,21.435987
23.9,24.21253075865222,23.954008
23.5,23.641727854361132,23.667946
22.7,22.74364006182354,22.609104
22.9,22.848672387846765,22.842997
21.7,21.854610155120803,21.631454
21.5,21.740576932857746,21.436296
21.4,21.390912626247555,21.341484
21.0,21.051515249330127,20.93379
20.1,20.314993979833687,20.07455
19.7,19.94385333702948,19.61671
19.9,20.095652896753315,19.9315
17.7,17.81077118792467,17.653616
16.4,16.51161912658387,16.659744
15.9,15.990922546877048,15.835391
16.4,16.38852613869475,16.58999
17.3,17.368094929071127,17.288084
16.3,16.456784425258483,16.35521
16.5,16.536190779280755,16.510817
16.8,16.829204468154447,16.790762
17.0,17.083155576296807,17.1499
16.7,16.713604485375246,16.78984
17.0,17.11839006063209,17.012949
16.8,16.83694303568972,16.9215
16.6,16.777861228704293,16.548374
16.6,16.643750038188667,16.419842
16.9,16.97272677499353,17.30034
16.7,16.80678403732712,16.619917
17.1,17.19818391676012,16.879246
16.7,16.843251421382462,16.618769
17.0,17.08028101569346,16.752996
18.1,18.08368195134912,18.138613
17.8,17.884302048027543,18.273779
17.4,17.531083872485198,17.552834
16.4,16.452276973028162,16.341578
16.5,16.616063862675155,16.534773
15.9,15.973106455148997,15.791712
16.1,16.199279816000406,15.900866
16.7,16.848655474496386,16.76617
16.4,16.580969226803816,16.397133
16.8,16.987706075805683,16.691496
16.7,17.179291917744145,16.797266
16.6,16.84685352658494,16.462336
15.0,15.007455587284362,14.743161
15.1,15.427809617043977,15.144805
15.3,15.746886738592277,15.298909
16.2,16.593433332076184,16.139591
16.9,17.269400074131422,16.867712
16.9,17.291607954495806,16.867626
17.5,18.131332489834193,17.496962
20.3,20.934811976409332,20.347717
22.1,22.710482302273626,22.110134
19.3,19.810204280086275,19.34797
18.5,19.074124340179633,18.566856
18.4,18.800611355299182,18.349693
16.6,16.985215987544645,16.81224
15.7,15.929044735804155,15.72102
15.7,15.948581063415567,15.71891
15.8,16.0587760607824,15.701783
15.7,15.921725258740299,15.596964
15.5,15.683561469113041,15.581192
15.5,15.763867315401626,15.583284
15.8,15.978265770047717,15.6909485
16.0,16.182716238016493,15.893094
16.3,16.500567874414493,16.213055
16.5,16.784399196556237,16.738045
17.0,17.126055414582975,16.927368
18.4,18.577099887046757,18.518255
19.5,19.499312162859628,19.41335
21.1,21.00881471109723,21.362875
22.0,21.74496420399025,21.891981
22.8,22.457291635684136,22.734093
21.4,21.294184985872445,21.462875
19.8,19.902191352191814,19.623104
18.7,18.912062993865376,18.642443
16.9,17.217926182773937,16.910772
16.3,16.396987545199075,16.237082
16.7,16.875967597852767,16.747911
17.5,17.64606086267998,17.68152
17.2,17.138429454715858,17.312784
17.1,17.050841643026057,17.312822
16.7,16.664692657192756,16.446703
16.6,16.58625876986665,16.38317
16.0,16.03527880349931,15.886845
15.7,15.714229489546508,15.583286
15.6,15.682896478482235,15.65432
15.9,15.917596003875268,15.967153
17.3,17.441513238633366,17.33523
17.0,17.118439158360943,16.918825
16.4,16.656049715979176,16.580465
16.7,16.866032258883294,16.745483
16.7,16.8366838960348,16.444092
17.1,17.303304517157066,17.31074
17.7,17.75758327337607,17.54246
16.9,17.151923453443246,17.03109
16.6,17.030749781437958,16.662016
17.9,18.26149437787567,18.086466
17.6,17.973387311587874,17.65715
16.1,16.05636031424718,16.132969
16.0,16.057330920873156,15.9615135
15.7,15.696195416275103,15.65014
14.2,14.389685496218224,14.099442
13.6,13.4135413245255,13.655368
13.5,13.398489571056633,13.524441
13.8,13.690820346044305,13.869387
13.8,13.8282216686212,13.876124
13.6,13.702030925231455,13.386067
13.6,13.536274788558654,13.65403
14.1,14.044688667870677,14.040006
14.1,14.079419586581004,13.960394
14.7,14.721764514983594,14.683145
14.9,14.97471515026987,15.207528
14.7,14.752622677202119,14.898397
14.4,14.470899839348856,14.335337
14.6,14.688273971900408,14.839728
14.7,14.755472818652517,14.850473
14.6,14.529934807099892,14.280921
14.6,14.657453807106865,14.689848
14.5,14.592428700684067,14.561227
14.6,14.762595092681902,14.73279
14.6,14.716989562670403,14.754782
14.5,14.60574933408758,14.58526
14.3,14.493345613138956,14.698524
14.5,14.607901425620707,14.408094
14.3,14.536040191155472,14.227163
14.1,14.424708993506151,14.32048
13.7,13.795066418734159,13.628183
13.5,13.754746091650592,13.557581
13.5,13.615671327399937,13.146306
13.5,13.509572205607697,13.478754
13.8,13.859351283235206,13.896006
13.3,13.236454975278434,13.227102
13.5,13.43913323316793,13.454745
13.6,13.571999439921807,13.481576
13.7,13.702132375969477,13.989227
13.7,13.664549519690336,13.826056
13.9,13.775191049312319,13.826056
13.6,13.57162175041707,13.852025
14.3,14.373658397569923,14.72763
15.0,15.151872872593362,15.088403
14.9,14.85962265198232,14.584301
14.5,14.651129773599415,14.584821
14.4,14.460676409793251,14.138147
14.3,14.257332385548466,14.187621
14.2,14.163410008896477,13.813062
14.2,14.219605939450155,14.160172
14.0,14.014173289896469,13.974101
14.6,14.495811522245006,14.508981
14.6,14.536479067639746,14.502632
14.6,14.494942395079779,14.702149
14.5,14.33980468113704,14.280958
14.3,14.104564991374488,14.218762
16.3,16.140524433374164,16.082922
18.6,18.425745045139497,18.522896
20.4,20.200429895283563,20.55675
20.9,20.80725290414861,21.292397
21.7,21.379063437530107,21.761568
19.9,19.886988549000463,20.061377
20.5,20.430114393530552,20.605383
20.8,20.543161040331295,20.688354
20.5,20.276634771256113,20.740107
20.6,20.311379888083994,20.535824
20.6,20.451395204920406,20.768524
19.8,19.78405243172499,19.96395
20.1,19.97226756228851,20.300875
21.3,21.025055663653237,21.59994
21.4,21.04884546398746,21.330902
20.1,19.854337577031384,19.987514
19.2,19.204887920914796,19.319494
18.4,18.39660918121747,18.44181
18.3,18.254620139262716,18.028938
18.4,18.48023420487897,18.441236
18.8,18.704507814012405,18.550331
19.1,19.077085849145334,18.770311
18.6,18.608868489230982,18.50446
19.1,18.941149783462283,18.707281
19.0,18.889179067252428,19.034218
19.7,19.85753967719618,19.404339
17.0,17.279184394242755,17.032928
15.7,15.82561456269092,15.722386
15.7,15.822753554734145,15.542158
16.2,16.590205076587353,16.185999
16.2,16.557953525934764,16.242672
16.5,16.89908269039212,16.542284
18.0,18.35957254947089,17.909716
19.7,20.24847295945656,19.911724
19.9,20.587686656994066,20.05456
16.1,16.31780749732114,16.176203
15.4,15.978943402681178,15.342587
15.6,15.67642174416336,15.326512
15.2,15.385507515738567,15.256364
15.1,15.246723657910369,15.25652
14.7,14.828303739254132,14.557615
15.0,14.944422427376981,14.9489355
15.2,15.338599584688222,15.232688
15.5,15.598529743655309,15.556129
15.1,15.207842733441463,15.036033
15.0,15.112860189641143,15.147023
17.8,17.8412230655306,17.676077
18.1,18.238838723967532,18.081509
17.7,17.958319161985848,17.634907
17.9,18.199928182765817,17.967876
18.5,18.65261309230211,18.238955
18.8,18.99363344936741,18.83748
18.3,18.566845949630228,18.308088
18.1,18.392468473715574,18.19822
18.0,18.23072327985956,17.940197
19.7,19.87240808904117,19.73711
19.4,19.524421727453962,19.3486
18.7,19.143598595168086,18.42933
18.8,18.949599440714415,18.842505
18.5,18.75275727335976,18.641417
17.7,17.748372308387726,17.665165
17.9,18.027790270954963,17.886257
18.0,18.157875954888816,17.959612
18.0,18.098733685414125,18.038218
18.4,18.531381794205235,18.281366
18.5,18.67695684870539,18.421432
18.1,18.45644179508344,18.198788
19.1,19.277642235462974,18.965984
20.5,20.757009463463778,20.3491
22.4,22.71547392747795,22.31863
23.9,24.09474722539618,23.995642
23.9,24.08719952575006,23.900932
24.4,24.556774535505586,24.201443
24.9,25.05962058265385,25.15234
25.5,25.59957630652519,25.69298
26.2,26.147427201301934,26.25906
25.1,25.19579550728778,25.087847
25.1,25.334704160828878,25.240757
21.4,21.833513842418956,21.44458
26.2,25.92269750084894,26.191257
28.7,27.80521497248456,29.110039
28.2,27.441082208245284,28.640215
27.1,26.568426269317513,26.942986
26.6,26.114097030746763,26.552706
26.1,25.733635958812698,26.01601
25.5,25.07225572889506,25.496859
25.3,24.966563385191076,25.381538
24.9,24.582618293241545,25.033224
24.4,24.189128708018224,24.26653
24.4,24.19818515387543,24.387882
23.2,23.129080309484163,23.233744
23.6,23.502238337851512,23.716087
25.0,24.854181416030578,24.97084
24.6,24.637498120488143,24.394924
24.3,24.526496150720288,24.340406
24.2,24.406233797262438,24.210741
23.7,23.950250141629837,23.8221
23.0,23.367957322723015,23.199139
24.0,24.233392922883827,24.089682
23.8,24.0210445394963,23.979671
24.2,24.252187760955486,24.089682
23.7,23.893647229341866,23.773182
23.3,23.65662744194158,23.367142
24.1,24.165082033767206,23.886702
23.9,24.267138789773863,23.821564
21.9,22.684863089300343,21.908041
23.7,24.302001045711457,23.671614
21.2,21.681970094302745,21.021803
24.0,24.509390522991907,24.127419
21.9,22.775686396698053,21.909498
22.7,23.595089066665768,22.611519
21.1,21.506272945631295,21.190863
21.8,22.5253266516512,21.861708
22.5,23.12113561744843,22.38248
23.0,23.564575120836572,22.944118
22.6,22.917829944353706,22.404602
22.3,23.045669862477048,22.237938
22.1,22.68824405401874,22.082588
22.7,23.163458540454894,22.688818
24.5,24.91038996778407,24.467487
25.4,25.614135386009355,25.510145
26.3,26.23644741135353,26.508242
26.9,26.443694977547427,26.924814
27.6,26.395902927672548,27.66992
26.6,25.37538892842109,26.408113
26.6,25.443233900480944,26.64849
26.3,25.455968420281017,26.64849
25.4,24.657137878383487,25.440275
25.2,24.383487765148544,25.255064
24.9,24.24576359250699,24.936016
24.6,23.976441762668234,24.716053
24.5,23.845167140389993,24.565836
23.8,23.22774113945022,23.74984
23.0,22.71429345327658,22.790497
21.9,21.77976306676616,22.075134
20.8,20.775234630083656,20.827953
20.3,20.30113178343102,20.460192
20.2,20.05300194526563,20.296122
21.3,21.146895947442474,21.356182
23.0,22.657643959481682,22.926968
23.6,22.87467795029357,23.527117
24.6,23.425703402038632,24.2139
25.2,23.860514255732443,25.08538
25.6,24.129311396710854,25.406286
25.8,24.587574171229427,25.543613
26.2,24.45359467010824,25.702343
25.9,24.26799471280302,25.611034
25.9,24.244613185494345,25.609865
25.3,23.973550361554246,25.454874
25.0,23.64605009679219,25.292006
24.0,22.959296601131623,24.104929
23.3,22.303656537737858,23.255692
22.8,22.112350053672923,23.131489
22.1,21.371570771725267,22.031376
21.6,21.182545671655166,21.747541
20.8,20.288559982992144,21.036499
19.8,19.358589402633537,19.639467
19.4,19.09497593454193,19.21385
18.8,18.560359990401338,19.014612
18.3,18.131053686777825,18.25054
17.6,17.487284011602682,17.720293
18.3,18.100109395538315,18.327776
19.6,19.420660089342835,19.679943
20.9,20.591453887320995,20.555603
22.9,22.118057790809655,22.75008
23.4,22.612607020789827,23.354326
24.0,22.96866174453333,24.323206
24.7,23.396160553828903,24.974344
25.5,23.99555316466695,25.054186
25.7,24.1348395429307,25.579266
26.0,24.35703894207056,26.01862
25.9,24.407506658577752,25.802738
25.7,24.14901465927987,25.5491
18.6,18.565183080787303,18.544859
19.3,19.071660605663606,18.835985
19.5,19.301457693088842,19.523565
20.2,20.034687374166843,20.276514
20.5,20.218524779336278,20.276165
20.8,20.523445602091716,20.784521
21.6,21.078056075162788,21.645113
21.5,21.063947908317306,21.57674
21.3,20.824402512190407,21.086815
20.4,20.15497885630825,20.759436
18.9,18.830684487256487,18.705301
18.7,18.663294109909934,18.35757
19.7,19.53856788404864,19.675241
21.5,21.123069269968077,21.575857
22.5,21.95423008379111,22.453941
22.6,22.014673040643228,22.725084
23.1,22.378887822383724,23.125235
23.3,22.775449824748858,23.40593
24.1,23.638747292317063,24.288967
25.4,24.810647601743824,25.353556
25.1,24.54925172129797,25.27076
16.5,16.62311657368153,16.341444
15.8,16.11168051372316,15.75205
14.9,15.217510163644619,15.248516
15.2,15.401848686014667,15.292849
15.2,15.317054334448553,15.291991
14.8,14.860287683986833,15.051039
15.0,15.067644181762198,15.087928
14.9,14.8821353479083,14.667937
15.1,15.040145438741504,15.046638
15.3,15.300561771627777,15.288804
15.3,15.339117970264908,15.571031
14.9,14.868191754844705,15.053256
14.7,14.81981746570709,14.85038
15.2,15.270330980585214,15.2836275
15.6,15.722419512481771,15.571831
16.6,16.6101332557146,16.666613
19.2,19.27212890368575,18.84971
21.4,21.202192320855943,21.805712
22.7,22.135290226672517,22.748928
24.4,23.32138380234717,24.221174
25.3,24.011792795019232,25.406364
25.5,23.922402136490113,25.16386
26.5,24.467423222517134,26.403202
26.6,24.62396444236301,26.27827
27.3,25.05207073086961,26.839537
27.0,24.813167696927138,26.839745
23.5,22.798813945131812,23.461473
18.0,17.914460557008596,17.948753
15.9,15.823855881937607,15.964852
15.1,15.059818994235293,15.395091
14.6,14.508788646578637,14.571571
14.2,14.048835644679727,14.29824
13.7,13.662237366282312,13.872592
13.1,13.038730091480009,13.026085
13.3,13.254519971129707,13.365117
13.7,13.72544593816352,13.608484
13.2,13.256644217949539,13.192381
13.1,13.108378202137693,13.32389
13.3,13.563393840533696,13.355324
13.6,13.767127487053298,13.667264
13.8,13.920527382608963,13.8921795
14.3,14.606860558737612,14.594757
14.7,14.93076379008842,14.589683
15.0,15.080141878264417,14.848472
15.5,15.766668695886107,15.770405
15.7,15.908540571785394,15.765222
15.8,15.924586637816947,15.636042
15.3,15.397542658809364,15.249598
15.4,15.651186918019263,15.394456
15.3,15.513265432938262,15.252154
15.2,15.279854300177306,15.229467
15.0,15.157474125806317,15.059946
14.8,14.83925869448619,14.737542
14.6,14.581691168882813,14.7997465
14.8,14.712084550103924,14.6514015
14.7,14.811307696674497,14.723887
14.3,14.339194975668487,14.599211
13.7,13.607024531325585,13.489117
13.8,13.744701206091182,13.792799
13.8,13.988051953142453,14.052543
14.3,14.256303330758694,14.147045
15.0,15.109686838718712,15.094692
16.7,16.631614764353028,16.538801
16.7,16.610677561041953,16.526443
16.0,16.102880740767596,15.754082
16.9,16.937688933133003,16.9462
17.3,17.37180019912,17.147326
18.2,18.349371238449876,18.380753
18.6,18.664415207848627,18.434269
20.0,19.947347769727465,19.909996
18.9,18.96957400150665,19.036015
20.8,20.455591406616502,20.95545
20.8,20.52968017725078,20.416346
21.1,20.889385023226914,21.081022
21.8,21.504285740379256,21.943106
22.3,21.923578154415807,22.606182
22.0,21.655661764737967,21.83
22.2,21.95699956590482,22.27932
22.4,21.97728072711602,22.147121
23.0,22.062167811572763,23.018747
23.2,22.30374908310821,23.199402
22.6,21.990407047269393,22.62911
22.0,21.43093541537366,22.147076
21.9,21.46195375709327,22.02461
21.8,21.34416209440414,21.866102
22.1,21.499558855005017,21.891674
22.9,22.3882471708717,22.804865
24.2,23.66291154704777,24.59324
26.0,25.284841354599372,26.016472
27.3,26.271109227920547,27.15266
27.5,26.436937102123455,27.333857
26.7,26.05461841012783,26.671362
28.9,27.44065115378783,29.082088
24.1,23.902528722212963,23.89329
24.1,23.98219840170845,24.184912
27.8,26.83689132166961,27.738497
27.1,26.386614393071973,27.20681
29.4,27.66573622625954,29.336924
30.3,28.38311600389863,30.76558
29.5,27.711380556028885,29.369066
28.9,27.619561609215836,28.924725
28.2,26.952849418609993,27.951399
27.8,26.839106763417043,27.77367
27.1,26.462468805590397,26.918385
26.2,25.696760002409903,25.996506
25.3,24.905939269581594,25.232822
24.8,24.39414949555411,24.65969
24.9,24.611768226533698,24.850496
25.0,24.76263671170182,24.952814
25.2,24.842517445707095,25.04372
24.1,24.306914676578735,23.917164
28.0,27.49535907051079,28.029305
29.9,29.0440071168962,29.90816
30.5,29.6080945034808,30.506021
31.3,30.19888408134353,31.233385
32.0,30.841125410525954,32.21746
31.3,30.115491554243835,31.33081
32.3,30.92525023070114,32.16699
26.5,26.286142611064083,26.320162
27.1,26.606374542268803,27.118324
26.4,26.27943489291016,26.314869
27.1,27.11518661420939,27.035849
26.8,27.07427856456943,26.839231
25.2,25.597346377665062,25.369003
21.2,21.708609888233834,21.116528
23.2,23.717979107902476,23.237963
25.6,25.851357248679747,25.646423
24.5,24.431460004059808,24.340935
24.8,24.593550829505297,24.774803
23.9,23.628266963153628,23.746096
23.3,23.05371805541235,23.333805
22.1,21.931046858518393,22.135735
22.7,22.60944461508834,22.680267
21.9,21.780489461576213,21.877876
20.5,20.615965281111528,20.41866
20.4,20.437768828719094,20.321678
20.2,20.371756983724133,20.195377
19.9,20.02485608638664,19.738686
19.5,19.66347659175138,19.506393
17.8,18.01879603942809,17.793839
18.5,18.688690259737836,18.508757
19.6,19.863519869324758,19.776457
19.3,19.428337941055354,19.15299
18.5,18.769391250285455,18.549726
18.2,18.428651951956258,18.188242
17.9,18.05835066339168,17.83751
17.8,17.80750815186821,17.685057
17.7,17.737683133712018,17.876629
17.7,17.777590773420012,17.645094
17.9,17.877111828799702,17.997202
18.0,18.06697119666724,18.032085
18.0,18.01230035089203,18.085548
18.3,18.345897558433357,18.190699
18.0,18.03211410617491,17.850113
18.3,18.422323061746177,18.290403
18.4,18.644691092463763,18.50831
18.6,18.846207133535987,18.66458
20.0,20.155800989660836,20.046574
21.7,21.663775964266726,21.811768
22.1,22.075250526645245,22.178564
21.4,21.39806898998081,21.383585
21.1,21.154922434146513,21.110773
23.4,23.25431418974396,23.32822
22.7,22.801024170398076,22.69806
23.1,23.218897821942704,23.380098
24.8,24.70818856312284,25.005579
24.2,24.007740570925797,24.126114
26.2,25.3983813136624,26.101063
26.0,25.169330387094902,25.98056
25.8,25.018909294862002,25.83672
25.5,24.573991762168717,25.359118
25.1,24.25587631394825,25.253153
22.1,22.150725362087993,22.220009
22.3,22.142476812842656,22.260683
21.2,21.232296899566208,21.256155
21.1,21.074988027902787,21.176413
22.2,21.945196738898986,22.185713
23.3,22.58393002337449,23.048725
24.2,23.405289940115605,24.18298
24.7,23.8045149192768,24.760233
26.1,25.014342718879718,26.148863
27.6,26.403365862275244,27.37126
29.1,27.816915972603503,29.112661
30.2,28.926307580939095,30.138695
32.0,30.449970115845368,31.546984
33.0,31.371961288345286,33.39361
33.5,31.807323429496936,33.71576
33.0,31.32725306527543,32.996853
34.7,32.42021917624425,34.994343
29.5,28.672615468775888,29.332022
29.4,28.250087673380328,29.14137
28.7,27.693363848366957,28.660593
28.7,27.887695021958322,28.941744
25.5,25.28656700999837,25.308203
27.6,26.942772433584942,27.688225
27.4,26.90377467155229,27.646383
28.9,28.148516267813786,28.78277
27.9,27.55119422806571,28.061737
28.3,27.89290909590119,28.349232
27.6,27.510902802341526,27.840992
27.4,27.389915089663653,27.683403
27.8,27.80684629809832,27.813644
28.3,28.15826803691273,28.269285
29.5,29.37990112508846,29.709341
30.6,30.043625581728712,30.201998
31.9,30.988781589043295,31.9994
32.9,31.463228794239438,33.387447
34.2,31.8711038683179,34.51712
34.3,31.92226616299222,34.43956
34.4,32.034922595029286,34.344376
34.8,32.30821877097539,34.867867
33.7,32.25925464598377,33.71732
34.0,32.227394957155155,33.74375
33.7,31.889471887623,34.03312
34.0,32.09931375637817,34.314575
29.8,29.24625158479878,29.883469
29.4,29.201985163675293,29.45118
31.3,30.36621704303511,31.300203
30.5,29.84267947725,30.319056
29.9,29.20298855668102,29.926447
29.1,28.4687852119128,28.789644
28.1,27.930742486608693,28.107485
27.5,27.355742129561968,27.517769
27.1,26.92737650087958,27.120232
26.6,26.59124097505999,26.53947
26.4,26.34926672013897,26.383602
26.9,26.891078612126684,26.916792
27.1,27.147294518261305,27.127016
28.0,27.99867255645826,27.99011
30.1,29.60602302700635,30.109379
31.0,30.423913595182597,31.182703
31.8,30.79919274471596,31.606077
33.5,31.930058408618983,33.665024
33.9,32.1205633107959,33.789516
32.9,31.24669823512003,32.57528
32.3,30.91434215371767,32.217773
32.0,30.744455756097015,32.016747
31.0,29.939068674863385,31.186817
29.7,29.02852124325027,29.718832
29.6,28.99264837577907,29.563358
28.5,27.82225180798855,28.538006
28.2,27.621212674558905,28.067423
27.6,27.30617822815126,27.654602
27.5,27.242915476015114,27.668701
27.2,26.97660300615776,27.365301
27.2,26.980761270149646,27.36494
26.5,26.308015433919394,26.51261
26.9,26.783035789477175,26.917486
26.9,26.762316321187424,26.93065
28.1,27.69038953605073,28.26416
29.4,28.69523102268397,29.36591
30.4,29.31680322197868,30.049911
31.6,30.294301386343903,31.836508
31.6,30.414815137243224,31.823116
33.0,31.153000373438587,32.949642
33.5,31.46345077114716,33.690746
32.4,30.841394907374646,32.438744
33.1,31.166862873600707,33.380833
32.6,30.724467528722485,32.79186
32.4,30.621769666813996,32.29673
32.5,30.749462896794018,32.42646
31.4,29.873033069570944,31.309795
27.6,27.241773555591426,27.76353
28.0,27.339009926711903,28.180536
24.3,24.261370293836368,24.159592
26.1,25.89851213531234,26.281685
21.6,21.684799342947166,21.60644
22.6,22.611112259395465,22.428371
21.0,21.15680556292855,20.956516
21.3,21.388434297439588,21.101917
20.1,20.169675197977345,20.010788
20.3,20.55234825434771,20.28128
20.4,20.690800244069695,20.37835
19.3,19.68231113901881,19.47025
18.4,18.62342456830537,18.524406
18.2,18.43641959619334,18.337826
18.0,18.30989460478509,18.062275
18.2,18.451007407595323,18.175558
18.7,19.012783282081113,18.724873
18.8,19.14555538650758,18.746965
18.5,18.934208829827316,18.735699
18.5,18.84054217333244,18.587574
18.3,18.632729755629622,18.404308
18.3,18.63621748893471,18.373182
17.9,18.500452854793625,17.866985
18.1,18.512115259384913,18.275661
17.8,18.17188569344151,17.78533
17.7,18.060082988976696,17.636158
17.9,18.305115463371752,18.065617
17.7,18.04950616516355,17.668335
17.8,18.162243742206137,17.881023
17.9,18.169742447747044,17.861202
18.5,18.836248449292224,18.439985
18.7,19.03962539185991,18.655607
18.8,19.246277356238576,18.805815
18.8,19.148352202168383,18.895939
19.8,20.129839605151965,19.815304
20.0,20.476329507167325,20.127367
20.5,20.804591671809266,20.519613
20.7,21.047033404628895,20.689365
20.8,21.13964582027522,20.74859
20.8,21.298698503065214,20.824009
21.9,22.553056461735036,22.03322
24.2,24.62372574447081,24.148342
27.9,27.948996506725514,27.990135
29.3,28.820205350070854,29.264378
28.3,28.197379769259086,28.361473
28.4,28.184853923994208,28.512371
30.3,29.261157336585555,30.294657
31.2,29.811803569373204,31.121153
29.8,28.850267058326594,29.781282
20.8,21.258466862100274,20.877142
19.2,19.60228440891192,19.088682
18.7,19.126703524525134,18.7005
18.8,19.249635096967875,18.772524
18.3,18.715728031579843,18.301985
19.5,19.990446688909135,19.496174
19.7,20.161656005535622,19.661058
20.4,20.84475127649544,20.433979
23.7,24.03808753611618,23.648222
25.5,25.680905504489285,25.585793
28.4,28.01853323490036,28.463547
29.8,29.222578079547148,30.115467
30.7,30.08334897378616,30.70337
31.3,30.468007418101735,31.211807
32.0,30.881812550980428,31.823637
33.0,31.184908065837114,33.190197
32.6,31.075489648710953,32.87118
32.9,31.476867763804073,32.821136
33.6,31.754352437980312,33.65372
32.9,30.98484311405253,32.87665
32.9,30.840638850767427,32.93311
31.8,30.24723771559136,31.925095
31.4,29.59130301879602,31.138618
30.2,29.280504822839283,29.898727
30.2,29.262641098799676,30.053492
22.6,23.190132482525744,22.613518
21.1,21.602195405376666,21.10669
22.6,23.378843073059606,22.743786
23.1,23.68939382277272,23.183151
23.2,23.91026244873415,23.272577
23.7,24.391839374572278,23.804367
23.4,24.11253019301916,23.45229
22.7,23.21963113401931,22.686218
23.7,24.050776774262303,23.652641
23.9,24.30164440644954,23.722158
23.8,24.189398129291384,24.014538
24.6,24.785754682857053,24.452604
26.0,26.030342354992,26.046518
25.6,25.68138108131731,25.598833
21.4,22.025301319896364,21.5641
20.7,21.12914404503013,20.548779
20.5,21.014653354206878,20.47454
20.2,20.693954343782877,20.236988
20.0,20.470909676595547,20.012148
20.0,20.45911677951739,20.012508
20.6,21.087141873233946,20.69361
20.6,20.981264421374796,20.5942
22.2,22.527091241113116,22.296867
23.7,23.63063717998673,23.722857
23.6,23.639306091467578,23.722857
23.2,23.137309876327052,23.227571
23.0,23.00150770620062,22.856956
22.9,23.105849604265686,22.90572
22.6,22.71440658011604,22.649912
22.6,22.621299528529896,22.59641
21.6,21.734607396407622,21.567278
22.4,22.490765675956524,22.326967
24.0,23.936623177338454,24.10948
24.5,24.3000290746386,24.458149
24.1,24.283175140953553,24.252167
21.8,22.07434580482245,21.790602
21.2,21.620266259632043,21.105148
21.0,21.403190572981085,20.920338
21.6,22.06957938161613,21.650146
22.4,22.800776651450583,22.407963
23.1,23.595713347579228,23.205156
23.6,23.929389742552186,23.553036
23.8,24.16976745386656,23.884806
23.9,24.218820891870603,23.804619
25.5,25.448306745996142,25.334436
25.7,25.75347176180655,25.800875
26.1,26.206933062863655,26.191574
23.7,24.15393332870824,23.852587
25.0,25.305761629708016,24.93287
26.7,26.66654462383536,26.811226
27.5,27.186398382223942,27.57563
25.7,25.59950751487846,25.783207
25.0,25.074106910958342,24.978142
26.3,26.142473491754178,26.32892
26.6,26.604196186069657,26.677105
27.3,27.29186319623236,27.145868
27.1,27.022810962242644,27.001976
23.2,23.984456907213932,23.243448
22.4,23.00337118834035,22.31448
23.1,23.666445991217792,23.042126
25.0,25.471156733906568,24.955608
26.3,26.533547004160297,26.261427
27.9,27.92237274799535,27.790897
29.2,29.037960620216502,29.12653
29.3,29.19446894928629,29.440638
29.4,29.214940074141687,29.28029
29.6,29.34739650803099,29.820559
29.7,29.156958592060235,29.774357
29.2,29.114303913448545,29.045227
28.7,29.027834952656235,28.810663
28.2,28.690481098448238,28.188732
27.2,27.55948036765281,27.241705
24.3,25.16943794638398,24.371588
27.0,27.451024301031076,27.101236
27.0,27.46388424090494,27.035837
26.6,27.20884863942561,26.69584
25.5,26.26366860880774,25.612543
24.5,24.98773181135848,24.313557
24.3,24.8902557513316,24.313557
24.2,24.90341351859727,24.314705
24.9,25.357944565775405,24.828846
24.6,25.263555369110264,24.577496
25.4,25.92829920714196,25.518375
26.0,25.91469983431699,25.971521
26.7,26.44252401987505,26.628061
26.9,26.34886730845794,26.89533
27.9,27.37358104021309,27.964672
29.5,27.814998500244222,29.627445
29.6,27.802181091976674,29.68249
26.7,26.099477012407284,26.858698
25.8,25.508223529769317,26.058386
24.5,24.040281073682362,24.507181
24.6,24.067255957190444,24.409437
23.5,23.26198317513009,23.622969
21.0,21.23743417331053,21.009138
20.4,20.505257839301823,20.439127
19.7,19.806551502335942,19.74788
19.3,19.51865409705794,19.311289
19.0,19.115626232016062,18.914494
19.3,19.435844342036276,19.154737
18.5,18.714752788268623,18.61835
18.0,18.2608653783711,18.1017
17.9,18.120858958228126,17.923492
18.0,18.13263071731332,18.086363
18.4,18.446627941884707,18.273037
18.3,18.381952865471714,18.30877
18.4,18.608317991704208,18.505646
18.7,18.77272222006903,18.808115
18.4,18.532274620339287,18.498451
18.8,18.82960068620874,18.703318
18.3,18.464643325765817,18.446917
18.8,18.861327987684835,18.906403
18.3,18.381379041026783,18.380919
17.9,18.00422968621377,18.10509
17.9,17.988355586456308,17.99587
17.7,17.81971805618179,17.645725
18.0,18.213298829796592,18.195415
18.3,18.375849529721194,18.02881
18.6,18.694510083870927,18.638725
18.9,18.943953432026603,18.869186
19.3,19.43016664404487,19.15516
19.6,19.858527730459215,19.530622
19.8,20.08884698393011,19.97583
20.0,20.289746658927236,19.999422
20.3,20.386641059974522,20.24439
20.7,20.770520360278972,20.716452
20.9,20.98120711946978,21.012325
21.2,21.5737617878191,21.268667
20.9,21.276402002828302,20.7833
21.2,21.52837041876593,21.342157
22.0,22.446016631803264,21.928524
21.7,22.19800923357658,21.705128
22.7,23.192130247252283,22.815382
23.1,23.567861028670464,23.056095
23.6,24.01772775011554,23.634623
24.0,24.470209177112363,23.99577
24.2,24.640583407088194,24.279644
24.0,24.58991850189789,23.885715
23.3,24.010986900128025,23.120937
22.5,23.092364699360022,22.479485
21.7,22.407499950456902,21.892797
22.6,23.313204903908886,22.687132
23.2,23.78474409128091,23.318266
22.2,22.8061301700183,22.110956
22.1,22.8006004496813,22.048777
22.4,23.087195172073347,22.19927
24.7,25.577781589139434,24.92449
25.1,25.94951520700942,25.053925
25.0,26.06278075675707,25.053059
24.8,25.616529170488132,24.951609
25.8,26.48151937589337,25.881458
26.5,27.172833798471878,26.490902
26.5,27.09890822706266,26.571157
27.0,27.556844442725843,27.093338
27.8,28.295113730308465,27.888605
28.9,29.142544482964162,28.703228
30.4,30.251595139564543,30.101418
31.3,30.706115973471924,31.098032
31.5,30.76515992237344,31.25714
31.9,30.877475781902444,32.095894
32.3,30.598119248790056,32.504738
31.0,29.597251179872845,30.750776
30.3,29.20699917960755,30.116978
29.0,28.39213396757235,29.212208
28.2,27.300601439687576,28.14001
27.0,26.262111199470752,27.036104
26.1,25.258679639753936,26.106134
24.4,23.89417577135326,24.422724
23.1,22.60743069845927,22.988749
21.6,21.40182588731857,21.757998
19.6,19.578528176459294,19.664867
19.1,19.036912506098734,19.129282
18.5,18.424526327920518,18.570345
17.5,17.332827324296794,17.526098
17.5,17.375794671382486,17.514013
17.5,17.449303933247116,17.5072
16.8,16.806547153413998,16.79033
16.9,16.83253985239077,16.971773
16.8,16.759043340060472,16.960533
16.7,16.689528353001016,16.578224
16.9,16.952717028983425,16.841352
16.9,16.735544926529357,16.729502
17.2,17.16854876901087,17.02071
17.5,17.51988782928151,17.515802
17.6,17.624441077541945,17.773457
17.4,17.415386091144754,17.609161
17.9,17.889475641582774,17.954617
18.2,18.17761140137244,18.464426
18.0,18.024803632041216,18.195248
18.2,18.281722647417066,18.020681
18.2,18.237205945993374,18.249584
18.2,18.100960051825265,18.249712
18.7,18.470595888269532,18.461107
18.8,18.626105709254958,19.063135
18.5,18.177502229330326,18.337322
17.9,17.77711332995949,17.877922
17.6,17.298847519665088,17.344614
17.6,17.423318110133728,17.482187
17.5,17.444286862985948,17.31012
17.4,17.06227809818093,17.358973
17.8,17.576347270080333,17.453846
17.5,17.253855045382277,17.626816
17.6,17.279212625865107,17.464651
17.9,17.711612863791146,17.987707
18.0,17.837043573969478,18.086035
18.3,18.082380467448598,18.275135
18.9,18.666204776740926,19.032486
19.2,19.19022695552057,19.222517
19.6,19.497968954437912,19.632105
19.5,19.480090177698,19.618004
19.7,19.64109430911595,19.732645
19.6,19.610033649201213,19.753881
19.9,19.914229590310615,19.920832
20.3,20.307888287252247,20.316988
20.8,20.722438461144616,20.970318
21.5,21.05604755942658,21.52513
21.6,21.17850613260315,21.747498
21.4,21.00217262794402,21.53078
20.7,20.435114843722204,20.694782
21.5,21.47176634053806,21.4635
23.2,23.05785019489917,23.28135
25.3,24.76183287489866,25.452896
26.2,25.52399495416923,26.30035
27.7,26.59272484951113,27.693298
28.6,27.013108267628517,28.483753
28.6,27.1284637893934,28.552273
28.1,26.52731001033892,28.213966
27.3,26.584805505188083,27.273056
27.2,26.09246949636093,27.031754
27.3,26.17567505532697,27.27687
27.3,25.976944483874213,27.026129
26.9,25.698164965476266,26.822
26.7,25.837478455231135,26.642485
26.3,25.527882190453397,26.334723
25.8,24.943129126394318,25.633524
24.9,24.392990455709565,24.938496
24.5,24.70798412098486,24.547579
24.9,25.090932568828666,24.936407
25.1,25.21031059983748,24.979599
25.5,25.65930779817937,25.519985
25.6,25.80070421569267,25.628698
26.4,26.416610373746252,26.287006
25.7,25.99904677390481,25.812283
23.1,23.546968281756488,23.041561
25.2,25.61084514135957,25.209026
24.1,24.619789676201005,24.123903
24.8,25.1048834000783,24.757565
26.2,26.39040818598987,26.41748
26.8,26.821734488167486,26.770147
26.2,26.376338586494615,26.110018
25.9,26.25045897996142,26.027327
24.3,24.721576067444317,24.444641
27.8,27.334990862010095,27.897415
27.3,26.948961488796407,27.508339
27.2,26.752563599191717,27.27384
26.8,26.452757524452753,26.747591
26.4,26.05208365044249,26.362837
26.0,25.801840003543003,26.040636
25.5,25.293852454772022,25.702251
24.8,24.74931447243513,24.674923
26.4,26.2780335394312,26.49996
24.8,24.828276987097276,24.814638
25.7,25.5306431301252,25.901382
25.7,25.71812097069565,26.001106
23.9,24.22814232708133,23.999958
25.5,25.690666828784188,25.611021
25.4,25.398083011601507,25.703972
25.9,25.767297895750772,25.955284
26.0,25.897852894881858,26.087658
23.9,24.17920923745276,24.079643
23.8,24.01208942205447,23.87177
25.5,25.540125044576452,25.522058
24.9,25.178543170596924,24.803413
24.5,24.712867619996306,24.461102
24.9,25.04804500788061,25.098965
25.1,25.23542350130861,25.267641
25.0,24.903829302074314,25.002138
25.1,25.045218605324962,25.182486
24.6,24.589879901719584,24.50082
24.3,24.250044279453768,24.21418
24.0,24.24183014369708,23.8593
23.6,23.596479782343035,23.431355
23.9,23.89271678286206,24.026348
23.7,23.665412903629672,23.951643
24.0,24.02483977601349,23.88283
23.7,23.82871552281854,23.583498
23.9,24.008331270256555,24.015408
26.2,25.89875778294161,26.074144
27.0,26.304730644919143,26.948454
27.3,26.145037686589284,27.02846
28.7,27.330245557383073,28.85707
28.4,27.012426464396384,28.127619
28.5,27.104543818337184,28.304018
27.6,26.438184598101053,27.686111
27.2,26.146454815430843,27.124952
26.9,25.916609659692014,26.950844
25.8,25.02301273535076,25.694109
25.4,24.716225886202892,25.56932
24.8,24.18702194045127,24.976324
24.5,23.82473674339758,24.455132
23.7,23.328666241540358,23.855755
23.4,23.005431485147685,23.501635
23.0,22.774833796591846,23.117802
19.9,19.97031655667011,19.776617
20.4,20.47886615765272,20.314724
20.4,20.404257513890936,20.382757
20.1,20.08972112969366,20.018375
20.0,20.02383324739645,20.057543
20.2,20.21042398546789,20.106586
20.9,20.92042538859959,20.938116
21.3,21.458951204406805,21.383232
20.4,20.52767968524726,20.388746
21.2,21.341634497517955,21.12718
21.2,21.365153419240528,21.224463
21.2,21.370825726573546,21.224752
21.7,21.70890046380221,21.55819
21.7,21.841984345687212,21.712479
22.4,22.3192600743012,22.343367
22.4,22.55265600643797,22.57671
22.7,22.719130942758216,22.68642
22.7,22.53380252928151,22.587732
23.0,22.73483058440594,22.934294
22.8,22.48829005952901,22.606133
23.6,23.0731349912552,23.712753
23.7,23.113429748759845,23.791246
24.1,23.395958027618597,24.036697
23.7,23.23481593791934,23.694601
23.5,23.216084961434888,23.7766
23.3,23.07479480015735,23.26742
22.5,22.52495252032683,22.539217
22.3,22.261284854070304,22.179276
22.2,22.147381992489894,22.193432
23.1,23.024891391404562,23.191376
23.4,23.23420846743325,23.361408
25.1,24.71029794827031,24.943607
24.8,24.572454517228643,24.799873
26.3,25.882781704573013,26.256056
28.6,27.61485738468352,28.62666
28.8,27.6899780295902,28.786654
28.8,27.95973813640414,29.263992
29.8,28.719608879260043,29.776932
21.6,22.09387099842494,21.6953
21.2,21.759054973855818,21.356617
20.8,21.3564504315643,20.867962
19.9,20.33408108522139,19.885643
20.7,21.273532352543462,20.627903
21.7,22.068121632712742,21.747232
23.2,23.461976889030037,23.322058
22.1,22.41229071564339,22.091347
22.1,22.419246650681455,22.181738
23.0,23.289086632426443,22.977749
23.2,23.518705989018724,23.259176
23.8,23.911782266420268,23.57256
24.1,24.249039632156745,24.017113
23.8,24.314019981467958,24.01212
23.6,23.966510771464694,23.879034
24.2,24.38165839802607,24.229298
24.0,24.24487589220646,24.11346
23.3,23.673974974936872,23.25708
23.7,23.789009259943548,23.756365
25.8,25.539545342370978,25.937658
26.8,26.429274212148655,26.700306
28.7,27.996872027737314,28.805826
27.9,27.39805276844227,27.98137
28.7,28.090232141307958,28.729221
29.6,28.55981236072829,29.67157
30.2,29.16788768388121,30.139996
29.6,28.778316717662108,29.935091
29.8,28.71107763793743,29.787077
29.3,28.649792627232245,29.55116
24.0,24.18910610329086,23.824148
23.8,24.04558516445789,23.710646
24.4,24.605470545859028,24.261889
26.1,26.017142024500092,26.183159
25.7,25.67480364375482,26.007511
25.2,25.145819189072927,25.071806
24.8,24.911971108825803,24.718378
24.6,24.69469768920002,24.541115
24.3,24.3475879623822,24.190338
24.6,24.618134042739822,24.599874
23.6,23.76083774021744,23.612555
24.2,24.193086911924546,24.172892
25.4,25.220393192375347,25.545467
24.6,24.60465677616345,24.672869
24.5,24.473825119504987,24.500929
23.8,23.938659452236543,23.865345
23.9,24.031855522095988,23.810308
23.6,23.952578844789656,23.582348
23.2,23.81615375786891,23.400593
23.4,24.067442522148717,23.46093
22.3,23.055180334548677,22.217688
22.7,23.53988542165556,22.802954
21.7,22.28062634939328,21.601076
21.8,22.547916708578622,21.794262
21.8,22.80667032982879,21.78394
21.7,22.65526938474699,21.677557
21.6,22.43915195318846,21.523651
21.2,21.83822929352166,21.218086
21.0,21.646387295234536,20.964668
20.9,21.681308075691454,20.94075
19.9,20.378017448863517,19.737808
20.0,20.651934993921344,20.05265
19.6,19.956055942708097,19.523403
18.5,18.69075322600366,18.554955
18.8,19.18741755456103,18.87495
19.7,20.233314155785475,19.733624
20.6,21.231900146735526,20.562607
21.7,22.014996038717456,21.71752
21.8,22.18012697634551,21.559135
22.4,22.794123303618147,22.349556
22.6,22.88518225222462,22.559141
22.8,23.14815652403222,23.079239
23.0,23.31368152263303,23.011862
23.1,23.42080489106674,23.109516
23.1,23.306636027675864,23.268633
22.6,22.83092715193274,22.585154
22.3,22.67353150912376,22.168945
21.5,21.869691476763307,21.41244
21.5,21.756431158371207,21.37396
21.4,21.638716528366096,21.18921
21.2,21.399882428685117,21.188627
21.9,22.012371950904697,22.08303
21.9,21.921742495335973,21.963604
21.7,21.69675548692873,21.751993
21.8,21.74550979361903,21.742891
21.5,21.562412673610897,21.485685
20.9,21.016292355972492,20.863354
21.5,21.97485003270582,21.649502
21.5,21.825505274710732,21.516592
21.4,21.79904519364462,21.516953
21.6,22.0430755872755,21.625437
21.6,21.918760348587604,21.649374
21.8,22.172837893872696,21.727736
21.8,22.303794086875982,21.728563
22.1,22.552729799658074,22.041363
22.3,22.900709079253,22.379799
22.3,22.806399939583574,22.303082
22.2,22.7214436945029,22.247877
22.2,22.82347916228292,22.387972
21.8,22.278195178358626,21.881083
21.9,22.371395800989394,21.823912
21.6,22.023392499268045,21.394035
21.5,21.988986833565946,21.584648
21.6,21.991967316148873,21.474928
21.2,21.62309756326123,21.113905
21.4,21.57606237048239,21.275
21.4,21.778587984086364,21.422157
21.1,21.48354386315079,21.009968
20.9,21.20342110538246,20.897738
21.0,21.39173521698839,20.97651
21.1,21.482794634281888,21.184359
21.8,22.057310953366944,21.68523
22.3,22.52394338278635,22.274817
22.7,23.072137414207976,22.685734
22.8,23.179123427555467,22.667393
23.1,23.505201950191843,23.158932
22.9,23.391511944605156,23.045908
23.3,23.728449934718174,23.532778
23.5,23.85668334490502,23.640968
23.9,24.30679532396435,23.9446
23.8,24.095776863403792,23.844591
24.2,24.545574634285515,24.235006
24.0,24.308383917515197,23.944567
23.3,23.833527350740315,23.340807
23.9,24.161464938946594,23.897984
23.5,23.666987149247536,23.549658
23.4,23.54409928395707,23.416279
23.3,23.4049188744421,23.25493
23.3,23.54066250151258,23.398594
23.4,23.55993411830187,23.615314
23.5,23.542773574314364,23.645178
23.4,23.323701714945106,23.566965
23.0,22.937948083637448,22.991596
23.7,23.522573899064792,23.72222
22.7,22.85014568016143,22.689106
22.8,23.19261507603972,22.830683
25.2,25.373065959209857,25.221226
26.4,26.38377464534161,26.247492
26.3,26.307361840331264,26.163612
26.6,26.712714111673712,26.737238
27.2,27.213004929342368,27.13768
28.5,28.36800789092488,28.549461
30.1,29.600916787243268,30.175373
27.3,27.503120419532337,27.31494
29.0,28.96608126224482,29.13522
32.2,30.988808768257552,32.146637
32.3,30.741485546660677,32.106785
28.8,27.916414274225758,29.262909
29.9,29.068424257209518,29.89472
29.1,28.66149910930358,28.963327
28.8,28.07850844300465,28.647182
28.6,28.289865407920782,28.582432
28.4,28.260409672836726,28.548351
20.1,20.191061287704922,20.168962
20.5,20.745521138174723,20.559423
20.8,21.067620433977673,20.788548
21.1,21.466613205437575,21.248762
22.0,22.317570238052916,21.882008
22.0,22.20082775676382,21.87958
22.8,23.077014490437918,22.808918
22.8,23.10081381009386,22.668623
24.5,24.701091373135178,24.46247
22.0,22.465607034117724,21.905628
22.4,22.866446988469654,22.464214
25.4,25.472606335585468,25.5009
26.7,26.499348155215355,26.512295
29.4,28.948458467815858,29.775211
31.8,30.813543473169634,32.038784
31.9,30.789586993109545,32.090717
30.5,29.6913269951133,30.646173
29.6,29.61186364611701,29.443615
29.5,29.506887643613737,29.64075
29.3,29.276002088124798,28.94619
30.2,30.114431234782217,30.221651
29.6,29.706182740686145,29.399395
29.8,29.814003340141795,29.573938
22.1,22.553695950776625,22.20091
21.7,22.123654629882594,21.594837
21.8,22.2234865457505,21.850527
22.4,22.87818035605688,22.46577
22.2,22.66636383621313,22.109324
22.0,22.49587412143365,22.041588
22.3,22.73244452313384,22.188803
22.5,22.86038475181098,22.436977
22.7,23.116107855278607,22.684835
24.4,24.887004020435107,24.454542
24.9,25.11438359560134,24.723057
25.2,25.618337192385624,25.226826
27.8,27.87640594967761,27.960283
28.3,28.376878740819787,28.269985
26.6,27.14464187329748,26.772038
27.0,27.4250049942221,27.04022
28.8,29.07791813875876,28.953846
29.6,29.908962041552137,29.466896
31.5,31.22575793590067,31.266485
31.7,31.555895953298823,33.315887
31.6,31.487874679315464,32.878464
31.0,31.268776820273384,31.385828
30.8,31.464460300152126,30.103209
23.1,23.92647378678525,23.17201
21.1,21.7694182565276,21.097366
21.1,21.630564645914074,21.094498
21.7,22.376578185818865,21.67373
22.3,23.004100846916483,22.306551
22.1,22.693796088848043,22.25592
22.3,22.801225640360553,22.268124
23.1,23.452470649711866,23.153791
24.0,24.28820128519623,23.819841
26.8,27.016269130985812,26.944334
27.4,27.421692565716704,27.585804
28.1,28.101605586719295,28.099861
28.9,28.591416360233996,28.760914
29.4,29.07177779458366,29.189789
30.2,29.72522713354243,30.05232
30.6,29.9320899390084,30.469128
30.6,29.563766469807568,30.124605
24.2,24.87237319329875,24.253141
24.2,24.81807458212262,24.29754
23.6,23.96129567763718,23.57116
23.7,24.20547574181322,23.734312
23.2,24.118998141835313,23.258327
22.8,23.560257762006515,22.94867
23.5,23.912139938984936,23.452847
23.3,23.76046733996055,23.256039
22.7,23.489145646100525,22.69845
23.6,24.085856769864087,23.71928
23.7,24.110035319900636,23.778051
23.5,23.973012372064808,23.650242
23.2,23.402835350215845,23.346703
23.0,23.11477473864756,22.943064
23.6,23.6652723553481,23.538723
23.8,24.069792142525976,23.812447
23.9,24.133864989071494,23.95734
24.8,24.89795659136376,24.953735
25.0,24.799061018483396,25.036793
23.3,23.53589446172869,23.2865
23.0,23.371776653909663,23.116484
22.8,23.065539622419934,23.072155
22.6,22.75179075897017,22.507534
23.0,23.109070936400347,23.126074
22.7,22.753171766917212,22.69743
21.8,21.961015625429965,21.815397
21.7,21.741352945443722,21.696022
21.7,21.672152447412028,21.669086
21.9,21.91372785673656,21.824142
21.8,21.679772474997336,21.71271
21.0,21.10661037079776,20.947659
20.5,20.39778370643435,20.360697
20.2,20.15882850014865,20.15211
20.1,20.020418261602742,20.090984
20.0,19.863801876388855,19.885265
20.1,19.916372835545054,19.916054
19.9,19.835235918347156,20.02758
20.3,20.184940833425177,20.259066
20.2,20.05211763283984,20.196278
20.1,19.95663416831032,20.129787
20.3,20.212195475857722,20.324614
20.6,20.52584274903288,20.579723
20.7,20.5859455144184,20.72579
21.2,20.877423021020242,21.209694
21.0,20.660071999497813,21.26047
21.0,20.80240484059866,21.285147
20.9,20.57437025110686,20.712423
20.6,20.20110633634686,20.281525
20.9,20.627195686907168,21.260614
20.7,20.49128537945088,20.55906
20.5,20.205849174291515,20.39843
20.6,20.298327535864733,20.557505
20.8,20.44215873068473,20.568325
20.7,20.352311386001997,20.570288
20.7,20.465584976704598,20.578768
20.7,20.450012644221264,20.814312
20.6,20.288060314068623,20.613237
19.6,19.355230751440452,19.497555
19.0,18.75678105027835,19.037796
18.9,18.646315663656814,18.990847
20.1,19.750829117200826,20.177969
22.7,22.198495702150332,22.598684
23.4,22.744609056868043,23.348505
22.2,21.909644136278885,22.1323
22.6,22.175168108806233,22.51444
22.6,22.280143805797298,22.532938
23.3,22.89884919705072,23.093977
22.9,22.464681379289328,22.662687
23.0,22.668793537446188,22.905483
23.1,22.6512357935198,23.261118
23.0,22.65305557953485,22.932552
23.2,22.88771467031875,23.092276
22.8,22.38461967225403,22.661945
22.6,22.356446502310067,22.663094
22.8,22.506701208765122,22.90438
22.8,22.413079926326585,22.611248
22.6,22.33746897265976,22.707563
22.8,22.411757607220682,22.901033
22.9,22.340155338008056,22.846874
22.4,21.726104175943377,22.199091
21.8,21.34611161658405,21.95524
24.1,23.682475769867082,24.286728
23.9,23.437943827076573,23.79267
23.2,22.985534130308334,23.473333
22.5,22.39560931471552,22.567448
22.5,22.199528349705396,22.528803
22.6,22.336410367397594,22.578932
22.6,22.232237570720994,22.5283
22.7,22.467732702007755,22.661198
23.3,23.05623517751884,23.458277
23.4,23.298158184066004,23.494747
23.6,23.54165431888266,23.616251
23.7,23.525653173820473,23.622519
23.9,23.759986230451407,23.942577
24.6,24.306141161485726,24.475157
25.0,24.955897908659324,25.021736
24.9,24.68626018919111,24.812445
24.3,24.435664483594472,24.032028
24.4,24.55528402203856,24.12156
23.8,23.977739698902496,23.872501
23.2,23.567349553210295,23.312305
22.7,23.195927812557823,22.596148
22.6,23.096153684426557,22.48236
22.6,23.122094371903067,22.485529
22.3,22.889855163277748,22.45909
22.2,22.573289180575944,22.147594
22.1,22.596991069245135,22.123648
21.9,22.390503685137496,21.978716
21.8,22.265561075687057,21.887403
21.8,22.372780181517093,21.93027
21.7,22.16236314830791,21.678747
22.3,22.865042850290436,22.336828
22.7,23.306651003357707,22.852612
23.1,23.662113150115683,23.145254
23.2,23.580592068772123,23.059164
23.3,23.728933804831893,23.27542
23.6,24.077785498295352,23.646265
23.9,24.19060652731807,23.80618
23.7,24.184684140853832,23.610336
23.5,23.951579747218446,23.422241
23.2,23.633990798748286,23.243452
23.4,23.75540447213477,23.348906
23.1,23.51742399387556,23.342978
23.1,23.347689999627466,23.245474
23.0,23.322549000535584,23.055746
23.1,23.306234317088965,22.943857
23.2,23.498453537420275,23.201643
23.2,23.406508874584887,23.349245
23.4,23.321181728137436,23.40409
23.7,23.738105599228184,23.733688
23.5,23.60269273535495,23.570309
22.9,23.13524010992,23.161808
23.3,23.46534135800011,23.321545
25.0,24.885332706721673,25.096766
25.8,25.541382164112818,25.842876
26.9,26.501291948050113,26.949715
27.7,27.169300502518738,27.721746
28.5,27.674745805711893,28.221098
29.1,28.17489917006279,29.346642
29.8,28.71899979929306,30.007923
30.1,28.87882159435044,30.199553
30.2,28.99613042841765,30.299433
29.8,28.73894434082339,29.762505
29.0,28.079584142682904,28.815767
25.7,25.667222809448976,25.790928
21.7,21.956771972756954,21.515203
22.3,22.594564019306834,22.329254
23.5,23.620353243402214,23.508537
23.1,23.34348603892401,23.144835
23.0,23.212326075121698,23.084633
22.5,22.66663797556453,22.568739
22.3,22.486356629315182,22.268494
22.2,22.49851442254975,22.12316
22.2,22.524262923376977,22.125177
21.3,21.788355904047794,21.366663
21.4,21.79477569337486,21.337597
21.7,22.029524126866022,21.61296
22.2,22.514523501206423,22.169565
22.1,22.383742832253528,22.071964
22.2,22.51380865674326,22.186983
22.8,22.967763430056515,22.76976
22.4,22.678267669764246,22.379148
22.7,22.951310968309958,22.841679
22.4,22.593086034972742,22.482565
22.5,22.602731270448484,22.450975
22.2,22.467301861670734,22.277838
22.0,22.18261960248586,21.906755
21.8,21.95684144242404,21.777899
21.8,22.078128519038888,21.95757
21.9,22.178257083727196,22.076635
21.8,21.939427624862944,21.77675
21.7,21.841888515333384,21.743446
21.4,21.498979398850903,21.284454
21.3,21.339163798353205,21.378998
21.6,21.616882472976332,21.544558
21.5,21.592488531606993,21.50833
21.7,21.701316656442458,21.654114
21.4,21.40682512458992,21.360315
21.4,21.419383286066342,21.360315
21.3,21.487366848088435,21.423096
21.6,21.519345955487058,21.41986
21.8,21.829074901407186,21.751049
21.7,21.788191159248292,21.69497
21.4,21.584675655797042,21.594595
21.7,21.692196279046723,21.681974
21.5,21.58659948827633,21.594595
21.6,21.636145385323935,21.655039
21.9,21.87971018744412,21.848291
21.8,21.59321506250407,21.628565
21.8,21.736949847813886,21.89812
21.8,21.726597670713094,21.712698
21.8,21.6789373732159,21.73591
21.6,21.568293276950467,21.568338
21.4,21.483264347047083,21.46341
21.6,21.579823388373924,21.598682
21.5,21.37988656887967,21.504755
21.6,21.456306630575682,21.725182
21.7,21.594756063808006,21.892643
21.3,21.20431332584096,21.378725
20.9,20.771757818117766,20.735113
20.8,20.793718660261728,20.990292
20.9,20.82742384865165,21.050495
21.0,21.095005408083995,21.290747
20.9,20.86029401343525,21.028645
21.6,21.56298151043963,21.61327
21.6,21.479687118046982,21.566261
21.7,21.546513853467697,21.628044
21.7,21.44584510147206,21.748896
22.3,22.179042869643744,22.312283
22.5,22.31386978399956,22.433819
23.1,22.8039361347952,23.073458
23.2,23.14867274507298,23.271217
23.7,23.65247822655853,23.982395
23.6,23.453444094928205,23.672373
23.4,23.397695707827054,23.538488
23.8,23.768022484815422,23.79743
23.5,23.603062083948444,23.641022
23.1,23.122860974755408,23.16378
23.0,23.079071937477636,23.154047
23.0,23.212504151369238,23.238363
22.8,23.02269716627746,22.851963
23.0,23.37462850990662,23.061142
22.8,22.921049510637875,22.69203
23.4,23.155754114019828,23.45624
23.4,23.060758598559488,23.3697
22.4,22.259753883844148,22.479527
22.1,21.994281297762896,22.175404
23.0,22.79835586188869,23.181532
23.7,23.26298895413901,23.506256
24.0,23.712464558373608,24.040482
24.2,23.93443883259784,24.098215
25.0,24.808773567196504,25.099527
25.7,25.269224425194977,25.65165
26.2,25.831622533052624,26.31681
25.4,25.418307041645004,25.726385
25.8,25.760260467025567,26.055649
25.5,25.58177753643713,25.463036
25.3,25.312684825497186,25.35944
24.9,25.051356098589785,24.792894
25.1,25.13162205515775,25.158714
25.5,25.40504609534237,25.431345
26.3,25.7042349133754,26.567244
25.9,25.41411811058726,25.961447
25.4,25.00855012761269,25.316818
25.4,24.968426309503087,25.459822
25.3,24.71256109295151,25.25292
24.6,24.372672061477395,24.635004
24.2,24.35907275433686,24.17513
23.9,24.12541757047948,24.066242
24.0,24.145315999771483,24.064104
24.4,24.38179032650479,24.282919
23.8,24.057700325553117,23.852018
22.7,23.138411204717023,22.845516
23.2,23.671774202725345,23.28875
24.1,24.57622469295469,24.044123
25.0,25.539402508345603,24.786636
26.2,26.498374360820964,26.176609
26.0,26.80351722136722,26.03843
26.3,26.81785931019068,26.227259
26.3,26.89232382754615,26.421791
26.6,27.13862721283646,26.767975
27.6,27.88621292220821,27.405806
27.6,27.804137300846172,27.405088
27.7,28.027486828237407,27.807674
27.1,27.518311036288864,27.098753
26.7,27.091045760559393,26.768797
26.7,27.08561341951981,26.886267
26.3,26.625596321428734,26.262075
25.8,26.212368011714496,25.717009
25.3,25.93568308796799,25.290625
24.9,25.504028183061735,24.964266
24.9,25.3611955432181,24.963905
24.7,25.221408417364756,24.637331
24.2,24.722629973518075,24.182386
24.3,24.670223873977207,24.217178
24.1,24.822012568770557,24.034239
23.2,24.07845850157518,23.201038
24.2,24.903132922872423,24.462315
25.0,25.359679478142688,24.986261
25.9,26.22971366837593,26.000084
27.8,27.858951534020925,27.755733
28.3,28.24151781028965,28.32542
27.0,27.370941851186032,27.083597
24.2,25.025572985860663,24.200119
23.5,24.343262657565624,23.394855
23.6,24.517599235209914,23.673315
24.4,25.070112006511323,24.509483
25.3,25.929573798867523,25.400665
23.7,24.626760894858542,23.680164
23.3,24.06961610360095,23.362125
23.2,24.02145800852751,23.243645
23.3,24.117015509165974,23.434769
23.0,23.713769598699724,22.85922
23.4,24.158768703098808,23.434265
24.1,24.689431536058482,24.028584
23.5,24.103639239494697,23.450594
23.1,23.751980021373832,23.127855
23.9,24.432114242886296,23.800026
24.8,25.296061947245196,24.574936
26.5,26.891858464618057,26.46804
25.1,25.851694111864475,25.136787
25.2,25.975694221391507,25.027481
25.5,26.124107169976327,25.530403
25.9,26.549492482941993,26.056377
25.3,25.957644468901236,25.428282
26.0,26.67952226972225,25.955849
27.0,27.37686570557979,27.025595
26.9,27.32198238889412,26.901213
27.3,27.48796027682098,27.125135
27.2,27.424842361710027,27.092628
27.3,27.408518900897633,27.47168
27.3,27.346175057935923,27.386583
27.7,27.866407353427594,27.534887
27.9,28.204740369778136,27.770243
27.7,27.770733371104654,27.412539
27.1,27.137907073672125,27.00026
26.7,26.790761056860788,26.705273
25.7,25.861433055702605,25.643839
25.4,25.66446735127748,25.377962
25.9,25.917250369276186,25.970667
24.9,25.282109616122302,24.979874
24.8,25.14430484253938,24.808403
25.7,25.97360871503257,25.868013
27.0,27.054570589194554,27.365084
26.7,26.45149290164477,26.616423
27.1,26.812176875743425,26.98711
29.0,28.490405232808815,28.67255
30.4,29.882388364590767,30.289557
31.6,30.50461370786948,31.384096
29.3,29.476178816928027,29.67561
28.3,28.50285697633274,28.439062
28.8,28.478574950822235,28.584536
30.0,29.323179275583925,30.369764
30.1,29.216539925356074,29.988113
27.5,27.942930382217803,27.511063
28.7,28.781943653115754,28.774147
29.1,28.888683650363177,29.07328
28.6,28.49557559752931,28.801
27.7,27.616480613819505,27.612373
27.7,27.74776710535032,27.668306
27.3,27.49292007503921,27.264952
26.5,26.66640375093266,26.494596
25.7,26.129810927517095,25.694263
26.2,26.486516555233454,26.266466
25.9,26.369025580787508,25.841059
25.9,26.347011870340612,25.861113
26.6,26.895766433149653,26.58628
26.1,26.381846701881972,26.059612
25.2,25.926315481092956,25.286964
26.3,26.925022410454666,26.240248
27.2,27.45849142560239,27.213413
26.5,27.100842122559012,26.503637
27.3,27.47142246423808,27.31682
27.9,28.29605046742435,27.865633
28.0,28.27143821068932,27.72276
28.0,28.198470338407645,27.799152
27.7,28.022588390182186,27.638966
27.8,28.12145362439791,27.688957
27.7,28.026782610353873,27.374342
27.8,28.127744322813584,27.828405
26.6,26.83583037857153,26.467024
24.3,24.806172621586136,24.235794
21.9,22.279853071231862,21.976114
22.8,23.210423280202114,22.725866
22.1,22.629564675247885,22.105652
22.0,22.546189535009262,22.039696
22.2,22.781474640866346,22.244844
22.4,22.925258563263185,22.311079
22.6,23.238117642086603,22.671242
23.3,24.090406981879287,23.340054
23.8,24.315767662737354,23.73591
23.5,23.90303633608002,23.440992
23.5,24.112331030255568,23.33977
23.7,24.241139024196855,23.63889
24.2,24.923373185630687,24.170418
24.6,25.377810265702387,24.905481
24.9,25.60136590011514,24.69394
25.4,26.16698553410159,25.244335
25.3,26.05804282289082,25.475672
25.7,26.101839502539917,25.595133
26.1,26.40055388322261,26.211557
26.2,26.334271721268372,26.133232
25.5,25.85888964485194,25.428608
26.4,26.272756203741608,26.436937
26.1,26.18448676372364,26.178009
26.6,26.5707421926138,26.653337
26.5,26.309853224304664,26.489965
26.2,26.08114954919921,26.288305
26.1,26.10875703802368,26.193274
25.5,25.733441026659367,25.427202
25.4,25.496997650841767,25.328648
25.2,25.27842261951554,24.944128
25.0,25.148935837052722,24.878023
26.3,26.24202710288018,26.150433
26.0,26.209772675179334,26.025202
25.8,26.18027130976279,25.822933
25.6,26.064142461800817,25.605974
25.9,26.379714865012268,25.84261
26.0,26.59345419513332,26.056868
25.9,26.507280747696797,25.554539
25.9,26.514336644447397,25.994146
25.8,26.4256572659879,25.712507
26.3,27.0025005600352,26.300468
25.8,26.43288624892054,25.554506
25.4,26.20352823936415,25.477283
25.4,26.221655986828168,25.504433
25.3,25.90319341325998,25.275518
25.1,25.587565323976197,25.14491
25.1,25.377379011137222,25.086285
25.2,25.46571631780727,25.154675
25.2,25.414205699379472,25.227884
25.0,25.170779161431412,24.944754
25.1,25.115356480908023,25.15095
25.4,25.272033794509092,25.317944
25.3,25.030405467951283,25.196362
24.5,24.759573082086135,24.533403
24.5,24.73068973486527,24.534353
25.4,25.42775582792099,25.252714
25.2,25.464249376297815,25.150675
25.7,26.03361901405166,25.785267
27.0,26.442640460227782,26.824564
26.4,26.463718332695578,26.398884
25.6,25.991972125282665,25.59737
25.7,26.115531364614842,25.61105
26.0,26.34354606100798,25.932747
27.1,27.045692406521567,27.106255
27.6,27.634324395098098,27.400389
27.8,27.47189901410757,27.834667
28.4,28.153951379233042,28.531458
28.4,28.232707227121278,28.370289
28.2,28.297297835777435,28.070177
29.5,29.160220102177426,29.251953
28.9,28.53624948019793,28.79199
28.5,28.182362219135726,28.620287
28.2,27.67793838300428,27.915295
27.9,27.703458636551186,27.879501
27.9,27.714116107869234,27.998964
27.6,27.5214005933064,27.760782
27.5,27.414700980847474,27.397665
27.4,27.433052258448598,27.396534
27.2,27.311645414098685,27.199457
26.7,26.80898082257822,26.54501
24.4,24.787421895419023,24.34158
25.3,25.719338415140953,25.40086
26.9,27.135536386820682,26.752861
27.9,27.864872154964402,27.81148
29.7,29.545584921401556,29.423101
30.6,30.516847692208277,30.669624
25.9,26.82418858988732,26.07496
25.0,25.783351449946494,25.03725
25.0,25.474826240258437,25.027227
24.7,25.349962764203543,24.650057
24.5,25.15695671721907,24.448599
24.2,24.903158702080468,24.171555
24.0,24.543373604439548,23.891926
24.0,24.520995956762974,23.891926
24.0,24.799329548419955,24.113096
24.0,24.659511469048294,23.990587
23.9,24.63719375274318,23.990587
23.9,24.689605144969327,23.990587
24.0,24.82293671558243,24.033974
24.4,25.286830843582813,24.239485
24.5,25.22245431464544,24.50576
25.4,26.079712753249275,25.44182
25.8,26.409778596936867,25.715782
23.4,24.081101655260632,23.389328
21.5,22.12197633717181,21.38736
21.6,22.29553596598296,21.558474
21.3,21.88628201827316,21.276041
21.5,22.1105392424187,21.43928
21.5,22.081136696499527,21.556618
21.5,22.08668938078451,21.410667
21.6,22.20743890621874,21.518732
21.5,22.017670710949442,21.38924
21.9,22.53331596158916,21.87938
22.2,22.82825704991134,22.123096
22.4,22.929662527508288,22.339022
22.7,23.277315523962052,22.693026
22.9,23.34971352331083,23.157972
23.2,23.695490163511565,23.25594
22.8,23.162769769753993,22.763296
22.4,22.715563395063466,22.456703
22.3,22.577713454207302,22.341362
22.0,22.33607369839087,22.071886
21.8,22.059047256380186,21.74047
21.8,22.204203103530464,21.902693
21.8,22.011159601941227,21.866613
21.6,21.79176276225859,21.552132
21.4,21.673011847090727,21.429522
21.1,21.32004467933925,20.947441
21.4,21.824546208278466,21.511173
21.4,21.768157694954375,21.48214
21.8,21.911534107384917,21.737679
21.8,21.96039074904759,21.829165
21.8,21.868130756106233,21.718636
22.3,22.415625948873867,22.346363
22.6,22.698108562619563,22.579992
23.0,23.15487296505998,23.356792
22.8,22.822246846295567,22.84728
22.9,22.953640220605863,22.865023
23.1,23.138143799993355,22.863646
22.9,23.058283141899036,22.783716
22.7,22.786108346635746,22.63899
22.6,22.935071989680736,22.66072
22.8,23.10332148585226,22.813942
22.8,23.05038483311433,22.814611
22.5,22.819485489510363,22.581457
22.8,23.069021170932558,22.70397
22.6,22.82652245684097,22.449213
23.0,23.020647178581658,22.875492
22.8,22.890508961653943,23.02794
22.8,22.792245594533714,22.73617
23.8,23.694169357051763,23.944397
23.9,23.792478979192552,24.012613
24.6,24.32943310475407,24.55843
24.9,24.5724037868101,24.93276
25.5,25.096359464939717,25.53228
24.5,24.495229457077894,24.328392
24.5,24.474181266853726,24.49876
24.4,24.575876860407327,24.493368
24.2,24.31387197446242,24.257938
24.5,24.44907451275688,24.491064
24.3,24.331640896541764,24.27067
24.5,24.46951220787131,24.339493
24.4,24.4661477953234,24.339853
24.8,24.77076055156912,24.845682
24.9,24.849180951307684,24.723942
25.6,25.33141092629391,25.649618
24.8,24.615336133132203,24.842611
24.2,24.27334608401575,24.176271
22.7,22.28639361870166,22.60977
21.6,21.286124216456834,21.595133
21.1,20.828930103316,21.337448
20.2,19.9404317080248,20.244024
19.2,18.996694512638598,19.027742
18.5,18.335872407801403,18.510427
18.8,18.662098101655854,18.709976
19.3,19.018799682048073,19.051477
20.1,19.798454678589323,20.122179
20.4,20.147612372513667,20.74883
21.5,21.203136945974958,22.02048
22.4,21.851924064916584,22.58459
23.1,22.393854716538588,23.13075
23.0,22.403264984697635,23.197096
22.9,22.21897836413076,22.604479
22.8,22.32091677280009,22.737247
22.2,21.549949411040156,22.103855
21.7,21.32064554082428,21.7096
21.1,20.612365242116564,21.004168
20.5,20.24315255443961,20.557892
20.1,19.86341907924542,20.121704
19.6,19.355063238713242,19.72743
19.1,18.836276425606844,19.12552
18.6,18.330112421399754,18.787554
18.5,18.27663573779311,18.501692
17.9,17.697084851403662,18.11437
17.6,17.415866896993688,17.488613
17.1,17.027402525998983,17.113976
16.5,16.407213381418483,16.647123
16.1,15.811729914680964,15.996104
17.0,16.79117018182911,16.794426
19.0,18.860380232641234,19.240194
20.5,19.96194536579631,20.316929
21.4,20.847657398028428,21.43636
22.2,21.39652605785386,22.008404
23.3,22.299213028565568,23.294315
23.3,22.369197818972772,23.218885
23.9,22.873058637570388,24.142294
24.7,23.549051947305657,24.803514
24.9,23.81556673748474,25.069342
23.9,22.978033468192972,23.881685
23.6,22.56060668810513,23.498718
23.4,22.464147796042287,23.204666
22.7,21.89259609309941,22.70964
22.4,21.770976842483478,22.594517
21.9,21.212553436189868,22.137144
21.3,20.660386889528358,21.287086
20.5,20.033114895716416,20.74288
19.8,19.384979741146086,19.464272
19.1,18.728392369767462,19.06311
18.6,18.284595438670223,18.503782
18.4,18.02569057706014,18.504831
17.9,17.70423191582646,17.958063
17.5,17.326144686195548,17.631678
17.9,17.669295940691985,17.908539
19.7,19.33824301384273,19.72481
21.6,21.079922141056702,21.522295
22.6,21.990608917738182,22.252913
23.7,22.972149753066336,23.839354
24.1,22.97128136311216,23.968174
25.1,23.81453987881547,25.08753
25.5,24.250774587075853,25.279392
25.5,24.34651193235335,25.352938
26.0,24.63765296612054,25.731396
25.7,24.355688494086476,25.678534
23.9,23.28133131662634,23.927656
23.7,23.18279103546942,23.61145
23.2,22.800496329564364,23.101433
23.2,22.729360168890242,23.04767
23.6,22.926064203917342,23.735254
23.4,22.80196442707702,23.45632
23.0,22.282080727781302,23.322325
22.2,21.737788319261306,22.269058
22.0,21.39745604783244,21.875927
21.2,20.79562046746644,21.295988
20.6,20.25882679119982,20.515026
20.2,19.906503905976393,20.29837
19.8,19.45118834663256,19.40236
20.6,20.27060256445639,20.687742
21.3,20.85252681993933,21.515146
24.2,23.344934848279546,24.238146
23.9,23.06225744780726,23.772966
24.2,23.499865992136133,24.253942
25.0,24.094077411172357,25.065334
25.6,24.430245535899317,25.494629
23.9,23.3781645855915,23.985115
24.3,23.80434302230414,24.613995
24.4,23.778295355128574,24.61642
24.0,23.573747036350078,24.269716
24.1,23.48318619453786,24.1347
24.7,24.31461728864155,24.918962
24.5,23.866592894348813,24.64511
24.5,23.790800499011816,24.575891
24.4,23.633655840796653,24.493174
24.0,23.390448290985564,24.167295
22.7,22.295204180527268,22.601116
22.2,21.844137449486066,22.189726
21.7,21.567826081114983,21.695673
21.4,21.19963447013775,21.388985
20.9,20.717700116882934,20.894785
20.9,20.843739333122627,21.064402
21.9,21.659600621181646,21.826475
23.2,22.769812267366845,22.936977
23.0,22.850923189602284,23.09681
24.4,24.13075213127952,24.239426
24.1,24.00275145726762,24.061474
24.7,24.714006827597043,24.93079
25.1,24.745351418512712,25.026844
25.5,25.160255359287913,25.500452
25.4,25.200173287950186,25.595985
25.1,24.91489000406667,25.135143
25.0,24.884258799803153,25.245823
24.8,24.64062924618277,24.778688
24.7,24.45660571494067,24.830873
24.5,24.3702966927345,24.288233
24.2,24.183100803196993,24.085876
24.6,24.279880424310317,24.338924
23.8,23.93764243238472,23.802935
23.6,23.82007903661153,23.575842
23.3,23.50177472931769,23.345661
23.1,23.473380794278444,23.150991
23.0,23.15624480802001,23.051422
22.9,23.072817707261038,22.848228
23.5,23.59905147332765,23.413916
23.9,23.791234955840125,23.865835
24.0,23.878674739666838,23.998873
24.0,23.978753894047806,23.982956
23.9,23.91383409727921,23.862286
24.1,24.153295154448465,24.15336
24.3,24.34341491191804,24.262068
24.7,24.923600250836344,24.946863
24.8,24.92901881026976,24.801973
24.9,25.11040880811598,24.718287
24.9,25.204322321022516,25.002623
25.2,25.25809121008171,25.24943
24.7,24.887210645498687,24.661228
24.6,24.760321201798774,24.532759
24.8,25.00043923989429,24.913485
24.6,24.77581281105867,24.520664
24.4,24.61487535633114,24.336067
24.5,24.794360898681788,24.54671
24.6,24.93190316802877,24.61936
24.6,24.86374698740464,24.502485
24.6,24.681625811928285,24.240765
24.2,24.438760391514034,24.22636
24.5,24.33574115580494,24.504755
24.0,24.171160673493645,24.042898
22.3,22.7623970081313,22.470133
21.1,21.492261590871784,21.08441
21.1,21.680413137766447,21.029387
21.9,22.265760231360908,22.056732
22.6,23.094022036418664,22.57323
22.2,22.65963547794613,22.178185
22.4,22.952338489128593,22.39096
22.4,23.097778937551354,22.511774
23.8,24.612599190016223,23.897337
23.4,23.99037743306367,23.465345
24.0,24.60491423976632,24.047895
23.9,24.462826952551055,23.948133
24.0,24.56455775322757,24.043438
23.9,24.35111390298225,23.85093
24.0,24.567215909480204,23.98472
23.8,24.45756845173871,23.776773
23.9,24.557572693064877,23.981388
23.8,24.421020653292658,23.677824
23.9,24.63059114160314,23.926126
23.3,24.13695792725014,23.28754
21.5,21.797020038957776,21.434727
21.9,22.358738212650195,21.946589
22.9,23.17894423178618,22.95702
22.3,22.815816401043968,22.472504
21.5,21.956243675037566,21.422382
22.6,23.082774386168705,22.587967
24.5,24.79244274294294,24.414276
26.6,26.782015560125767,26.561174
27.1,27.342616477286192,27.363676
28.6,28.38438618222107,28.66374
29.8,29.38649989428942,29.93874
29.9,29.42198899485532,30.080269
29.9,29.35362543787626,30.389954
30.6,29.841670057057463,30.663343
24.4,24.949825772060176,24.264776
26.4,26.569982728457862,26.576675
28.4,28.06408858374993,28.366087
28.3,28.277580076505586,28.538677
22.1,22.383157124780343,22.037943
22.5,22.891181891488475,22.38253
22.9,23.34035048809091,22.937563
23.0,23.315540896021137,22.937265
22.8,23.18311283199982,22.812742
22.3,22.675196949495533,22.166962
22.4,22.811818919310557,22.375269
22.3,22.766264115579123,22.333822
22.2,22.667062033878498,22.16583
22.0,22.39296776942839,21.883162
22.0,22.558612574858447,21.923397
22.5,22.81653697012178,22.376095
23.2,23.634494877600297,23.346876
23.9,24.561891325188004,23.857927
22.8,23.55789013504034,22.726547
23.0,23.574407482810823,23.098835
25.0,25.402595096685005,24.979414
23.3,24.138629605877455,23.540318
23.5,24.123443578511854,23.515799
24.0,24.645548401238738,24.041723
22.8,23.62075268656794,22.711344
23.1,23.710194787049588,22.936344
23.0,23.528530239765523,22.931507
22.2,22.776187559410374,22.213861
22.6,23.17899642784014,22.65604
22.9,23.2826161608791,22.809813
23.0,23.418401666738617,22.935505
23.0,23.239615248348663,22.808409
22.6,22.940443342744867,22.645304
22.0,22.37582416232135,21.94748
21.7,22.066129392089007,21.509274
21.3,21.713098207772752,21.275639
21.4,21.79246595182018,21.370173
21.0,21.43978951780617,21.06419
21.8,22.10062805058315,21.913092
22.1,22.370186828751397,22.104675
22.2,22.398055737490683,22.104675
22.8,23.02229658454878,22.786585
22.8,23.082606453771355,22.953436
23.4,23.64571781136714,23.35966
23.2,23.60017437474425,23.247936
23.0,23.29173459117559,23.259338
23.6,23.948319487029234,23.786514
23.3,23.706279627971423,23.279015
23.2,23.628869580794433,23.260038
23.2,23.696420547176682,23.278858
23.2,23.517756177284685,23.352007
23.0,23.34256874180256,23.00253
22.8,23.18865289341297,22.900986
22.5,22.894500445922734,22.574533
22.4,22.79658977164392,22.340765
22.4,22.75262605568155,22.448013
22.1,22.450720194898896,22.170126
21.8,22.206698754949855,21.96555
21.5,21.71535849675887,21.563684
21.4,21.75294579151192,21.484653
21.3,21.63832169045774,21.431908
21.4,21.609830278219793,21.437082
21.2,21.497032070076873,21.314095
21.5,21.69801335995056,21.452564
21.6,21.70257617229897,21.516056
21.8,21.924832660932125,21.844246
21.7,21.62037056927182,21.75208
21.6,21.507748613211014,21.636276
21.7,21.602812452291115,21.890007
21.8,21.566111614560413,21.467346
21.8,21.63419884371616,21.733402
21.8,21.8246418565186,21.719276
22.2,22.25037458231334,22.077484
21.9,21.95963317820614,22.057783
21.8,21.728478431544147,21.814386
21.4,21.468527594584017,21.452404
21.4,21.53207471040746,21.470509
21.5,21.47550117697211,21.57736
21.3,21.370865264536956,21.329659
20.7,20.699903540148046,20.743765
20.5,20.557304348311657,20.411232
20.5,20.449514991251185,20.397303
20.1,20.013647460747723,20.060295
19.7,19.650714706945596,19.625856
19.0,19.055857044218648,18.713604
18.8,18.81665590170008,18.923191
18.7,18.627183925305552,18.57402
19.0,18.87126418986498,19.033712
18.9,18.810422355746308,19.02685
18.9,18.77551406173831,19.031357
19.5,19.389559025278878,19.52871
20.1,19.93632919061695,20.174221
19.3,19.2025725031295,19.21853
19.3,19.301689769801094,19.269213
19.2,19.19443400380955,19.273077
19.3,19.14825488804736,19.503967
19.3,19.23814555453627,19.255539
19.1,19.18641565194795,19.509235
19.3,19.13343672221219,19.12148
19.5,19.366539751654578,19.729223
19.5,19.38411132847198,19.593246
19.5,19.39309450908917,19.276205
19.3,19.142514944832055,19.276205
19.6,19.393539231882986,19.528357
19.6,19.37037475890458,19.728569
18.2,18.04564972540007,18.304625
17.9,17.687388090505273,17.991636
17.6,17.437637957579074,17.730715
17.3,17.036031341398285,17.388103
18.1,17.89521253071373,18.306316
19.9,19.67473832508078,20.078312
21.0,20.6267258706328,21.32712
20.6,20.189074676417643,20.530031
21.0,20.510002709433156,20.757427
20.7,20.41670328903298,20.761805
20.5,20.149208693311486,20.556032
20.8,20.593243669900964,20.71006
21.0,20.794981537252546,21.197828
21.0,20.684787011063204,21.005116
21.0,20.675748714375967,21.005116
20.7,20.320886547791975,20.903807
20.6,20.36171441524101,20.605684
20.2,19.889954013697885,19.891516
20.0,19.797482321711698,20.068926
20.0,19.7869952617863,19.890505
19.8,19.584682419038245,19.818655
20.1,19.759527613865693,20.238388
20.1,19.695105518845853,19.892467
20.1,19.864225148721754,20.243021
18.9,18.671403194926295,19.032454
18.6,18.279487231039838,18.41683
18.2,17.920635077175994,18.412014
18.7,18.435664908402252,18.80611
20.4,20.136524974018265,20.594395
20.6,20.174629462401164,20.555841
20.3,20.102314159255037,20.38975
21.2,20.927812465315444,21.514324
21.8,21.55664377942959,22.002457
22.6,22.12833879384711,22.562376
22.5,22.162873733660284,22.383732
22.9,22.558562230313335,22.888577
23.5,23.18984670479148,23.37751
23.2,22.81022644539372,23.03738
23.1,22.807280467362734,23.06131
23.0,22.715864297798497,23.081001
23.2,22.66696513996068,23.109135
22.7,22.161947040224405,22.708708
22.2,21.689670993098858,22.222795
21.5,20.9210197146863,21.584667
21.4,21.04451494789164,21.551405
21.1,20.605453568433088,20.937103
20.7,20.35139755977251,20.703693
20.8,20.355450937819572,20.70269
20.6,20.21390007209131,20.672712
21.1,20.68659398884389,21.2864
21.9,21.50129755307032,22.10162
23.6,22.904021614665037,23.694286
24.1,23.30375658121452,24.236582
24.1,23.531438718129586,23.95193
24.6,23.97624314334486,24.488148
24.0,23.589300891376567,23.996529
23.9,23.533817837056343,23.841627
24.5,24.27431438877761,24.563913
25.0,24.618978838922185,25.176683
24.3,24.019283337104866,24.144112
23.9,23.81841680850007,23.842655
24.2,24.008540556076017,24.078133
25.0,24.356975106784876,24.884838
24.8,24.094511203028777,24.693733
24.3,23.81345284827308,24.65285
24.3,23.7852665440901,24.653133
23.9,23.40938691512657,23.79816
23.3,22.938279193276866,23.477304
23.2,22.85226476089038,23.320683
22.8,22.463678306476613,22.668442
22.9,22.634076981612473,23.001326
23.1,22.696456686353674,23.190977
23.5,23.00157707434205,23.427763
24.4,23.942106707669716,24.432068
24.1,23.933002903228438,24.066164
23.9,23.89031053297927,23.894442
24.3,24.456467141917457,24.350513
24.5,24.675505436779694,24.411348
23.7,23.97370886715155,23.648838
24.4,24.774827104924146,24.464922
25.9,25.976931953980966,25.857092
26.7,26.73662488496774,26.79605
26.4,26.56761711537839,26.29217
25.8,26.192987685326848,25.868458
26.4,26.674920771548614,26.465603
25.0,25.596697406035947,25.033007
24.0,24.7804367308428,24.038095
25.1,25.6620454187646,25.013968
28.4,28.338957204344133,28.265017
28.2,28.021166964743852,28.090506
28.0,27.785890969151794,28.059893
27.3,27.232935352965377,27.60551
27.1,26.867725055241905,27.113264
26.8,26.603860335390277,26.764471
26.6,26.426882717491406,26.648653
26.1,25.96395346874683,26.170235
26.3,25.887679600302512,26.172571
27.0,26.7514901848387,26.872627
28.8,28.23449935437403,28.69408
29.8,28.98366707952049,30.105602
30.7,29.525048855450557,30.663992
32.2,30.307838419805346,31.804749
32.8,30.968129338755254,33.156757
32.7,30.79747201556806,32.617077
32.8,31.053583175308734,32.96491
32.8,31.098426438861175,32.9426
32.8,31.0496225382265,32.94626
31.8,30.20954548724739,31.781696
31.3,29.950984733357387,31.329294
30.6,29.409372704886746,30.53313
30.1,28.838652549510687,29.983192
29.8,28.54606257092965,29.934385
29.6,28.582056757834614,29.808754
29.6,28.36804224718398,29.586323
29.0,27.878415271081007,29.306475
28.5,27.535642585807167,28.223375
27.9,27.172204858036558,27.932827
27.7,26.938794254739697,27.783382
27.7,26.913925339299702,27.775139
27.1,26.329932259164806,27.085588
27.0,26.409534278395828,27.42101
27.4,26.774456480212123,27.603724
28.0,27.25726844090024,27.960875
28.8,28.327963329270027,28.975086
30.8,29.77533101202974,30.69513
31.4,30.459392931486526,31.464777
32.7,31.56062799865488,32.784523
33.6,32.248429698058125,33.858906
34.4,33.05446338362151,34.485546
35.0,33.54537329025759,34.54507
34.8,33.30055362720441,34.48907
34.0,32.70114634894702,33.83686
33.0,32.17228408822661,32.967117
32.0,31.46619835527711,32.20009
31.1,30.728019820144773,31.04698
30.6,30.090470656365362,30.621664
30.3,29.94345917371004,30.12267
29.7,29.30195610440674,29.699795
29.1,28.88616510879711,29.26162
29.0,28.74410714329342,28.883732
28.3,28.037750113190036,28.246874
28.0,27.807994100910918,27.987421
27.4,27.311696662390297,27.485106
27.4,27.39787708370996,27.467655
28.3,28.22704812410923,28.175306
29.3,29.280224244313075,29.446861
30.9,30.735557557929873,30.667974
31.6,31.40536464087851,31.874502
33.6,32.96508156883015,32.78296
33.6,33.066025695515165,32.879974
31.7,31.570431004274738,31.265371
32.2,32.076283572405295,32.055206
32.7,32.588807255931144,32.17286
31.1,31.21064957102836,30.830616
29.2,29.692326673142702,29.067331
27.1,27.021253287301455,27.022835
24.8,25.076992769688623,24.79034
26.2,25.982361753393192,26.090223
27.2,27.217378691855384,27.491873
26.5,26.697311180172793,26.6594
24.7,25.35168308718599,24.9715
24.6,25.27448088210422,24.90369
23.6,24.079581406750385,23.516779
22.7,23.19577392927062,22.644897
23.2,23.726297019025065,23.160328
24.2,24.878743067927648,24.240215
23.3,23.966570115562718,23.433254
23.7,24.187498878321545,23.695093
24.6,24.90928164059801,24.619143
25.5,25.652460701107678,25.322327
26.9,26.87136163378474,26.81082
28.7,28.454143175476382,28.643778
29.2,28.78874405083259,29.052116
25.6,26.043791622830142,25.604864
24.7,25.261370665128908,24.712284
24.3,24.79487054358683,24.464684
24.4,25.042738895831327,24.583277
24.0,24.709786003698582,24.123808
23.7,24.388895172942703,23.742825
23.3,24.054400769485017,23.488811
23.3,23.83420842651589,23.197786
23.0,23.600074388896047,22.929506
23.0,23.573400921484634,22.930695
22.9,23.301842217892183,22.70585
22.9,23.39303125432109,22.934778
22.7,23.081346252108162,22.619356
22.4,22.79940339864106,22.461065
22.2,22.599766241164925,22.211637
22.3,22.70761756515197,22.186487
22.1,22.664552163079385,22.120531
22.2,22.69506635879995,22.396101
22.0,22.527032121634722,22.003405
22.7,23.22510972372024,22.718113
22.9,23.342432529183284,22.94386
23.1,23.5660107698845,23.157942
23.9,24.280631742340216,23.896666
23.7,24.168658360463862,23.717663
23.9,24.396302508819584,23.799656
23.8,24.286837944857883,23.731403
23.9,24.54839817466588,23.891224
24.1,24.866916222097725,24.197006
23.8,24.561411984105426,23.820791
23.8,24.660137273737618,23.8235
24.5,25.16959837172569,24.472849
24.9,25.649618074027856,25.013649
25.7,26.464785128135176,25.881876
26.4,26.99539473132276,26.320436
26.2,26.779040004784946,26.190037
26.3,26.807353873739416,26.414083
26.3,26.67161727779937,26.401098
26.1,26.583348041457633,26.289167
26.2,26.464493413671804,26.127663
24.2,24.56155564232629,23.967596
22.6,23.003716689232725,22.4934
23.0,23.42639391190661,23.060051
24.0,24.34694470568467,23.904781
26.0,26.460312597036957,26.059734
25.4,25.880159706493558,25.178848
26.6,27.02889172565323,26.71035
25.7,26.3520164366673,25.6818
25.9,26.297609036236096,25.769249
27.8,27.899772536490964,27.689598
28.1,28.075474196377087,27.838358
27.7,27.70534102339517,27.775707
27.2,27.159958739344336,27.139874
26.6,26.62795735565974,26.554356
26.5,26.372335665129626,26.223864
26.3,26.331133749027362,26.376242
25.9,25.976340482784373,26.03707
25.1,24.875643437284673,25.206371
24.4,24.00916269062685,24.229294
23.8,23.412216167016553,23.828228
22.8,22.376728418939056,22.65011
22.0,21.766729531161836,21.91886
21.3,21.11323245204387,21.306353
20.6,20.37121920465352,20.480526
20.4,20.166652151438846,20.310236
21.3,20.99685861513751,21.247862
22.4,22.110407402872003,22.38045
25.0,24.361515651583744,25.165466
24.1,23.809733578231352,24.082947
23.8,23.577632325225707,23.855703
24.2,23.893383865752025,24.101212
24.3,24.08153012900967,24.200445
24.9,24.57860475834852,25.005505
24.8,24.783339568739997,25.023266
25.1,24.974377772877837,25.030882
25.2,25.114239136518314,25.329077
25.2,24.987065188652814,25.032806
24.8,24.971710375407035,24.76273
24.5,24.578617676208403,24.305319
25.9,25.40054280525564,25.964296
25.3,24.638823701905807,25.25529
24.7,24.19026298318562,24.445524
24.0,23.62335642201303,24.071817
23.5,23.141335125934564,23.731419
22.8,22.502018478676654,22.653948
22.5,22.393161437000696,22.582031
21.8,21.650874139833746,21.78968
21.6,21.51672737734487,21.566715
21.3,21.221423668978304,21.308147
21.6,21.567146342598218,21.624891
22.7,22.65188032167568,22.56168
23.5,23.303963580063,23.55117
23.3,23.046001415815095,23.267881
22.3,22.06245711906422,22.079252
22.0,21.830790866957255,22.11609
21.9,21.662596388784088,21.901657
22.0,21.68040407998286,22.061771
22.1,21.775610871310256,22.087954
21.9,21.459894489010413,21.92065
21.5,21.295457051714155,21.576267
21.1,20.963185028484542,21.247406
20.9,20.61482323836068,20.825792
20.8,20.481116436223214,20.72259
21.3,20.963549630802216,21.445189
21.1,20.811470493519582,21.050732
21.0,20.658371735200998,21.04021
20.9,20.578270928188065,20.836132
20.9,20.532047967582535,20.941967
21.0,20.705708483373808,21.284277
21.2,20.770188542627743,21.111275
21.1,20.859786529838466,20.835663
20.4,20.112860799519822,20.472162
19.8,19.654250577239743,19.60691
20.1,19.89043307897844,19.886951
20.5,20.09265993922613,20.738115
20.6,20.23170857847876,20.614754
20.4,20.000543026213084,20.380737
20.5,20.02542532493192,20.196043
20.5,20.18211496524082,20.579823
21.0,20.62195425824643,21.315718
21.0,20.552226247357765,20.937288
21.0,20.52552268502365,20.987476
20.8,20.303950624461283,20.681103
20.9,20.450899755188637,20.751192
20.5,20.218325339936715,20.57979
20.8,20.50096178597656,20.852045
20.7,20.460155375240564,20.833681
20.9,20.542448381915563,21.148233
20.9,20.52541479103618,21.148233
20.6,20.078392812941274,20.453287
20.7,20.435725959893166,20.708298
20.6,20.247550835292863,20.90271
20.6,20.287739322815394,20.650593
20.2,19.998419844095853,20.391632
20.2,19.930855828906218,20.31689
19.7,19.419447715215828,19.821518
18.9,18.556571803128747,18.7775
18.7,18.35433452215789,18.857065
19.0,18.663530884390802,18.838299
20.0,19.468165264351423,20.202421
20.0,19.549158864194176,20.20638
20.8,20.27577013758942,20.784945
21.1,20.558744667287957,21.248997
21.0,20.543445211609153,20.977528
21.5,21.046823973102057,21.653524
21.5,21.152022297277583,21.729963
21.6,21.336516678842244,21.802155
22.3,21.884356986998544,22.370571
22.2,21.64931356037377,22.08566
22.2,21.583059119956758,22.0917
22.4,21.781526640063618,22.270515
22.2,21.78494777252363,22.303522
21.5,21.20447950641854,21.630457
21.5,21.15629238353336,21.452131
21.6,21.114071166130042,21.454094
21.5,21.179734793045075,21.572386
21.7,21.16447581266386,21.596916
21.3,20.841742964904785,21.293127
21.0,20.44972421501663,20.943535
20.0,19.744235312678956,20.295794
19.5,19.310293721653018,19.723238
20.3,19.86375884286301,20.233955
21.6,20.892605269133995,21.431328
21.9,21.294912594133258,22.099491
22.0,21.54841179988024,21.948301
22.4,21.958009612886976,22.338755
22.3,21.807053107958662,22.365482
22.5,22.167958326652595,22.335196
22.8,22.55095352661918,22.82434
23.3,23.059295736355697,23.443153
24.0,23.82627497140772,24.15731
24.4,24.02582804495959,24.216415
24.0,23.728380864693893,24.01977
23.8,23.448719043882765,23.750736
23.5,23.478891647490318,23.57015
23.4,23.320242455829593,23.567545
23.4,23.49320084731596,23.40121
23.4,23.403622051478237,23.420485
23.8,23.652007048764883,23.791357
23.7,23.534902143605773,23.931196
23.7,23.4767778631212,23.723019
24.1,23.419173171362498,24.051146
23.9,23.18564024830653,24.069077
23.4,22.839568604043606,23.373503
22.9,22.630668097741964,22.917168
23.1,22.61519424635519,22.935677
24.3,23.858054092694278,24.355366
25.2,24.712129105630595,25.094261
26.6,26.36532491600957,26.481579
29.1,27.97100547857226,29.051521
28.6,27.635235182571016,28.637083
29.8,28.61995230501949,29.98614
30.1,28.345429965185062,30.492403
30.6,28.72772638299518,30.471722
30.5,28.41059098518869,30.881844
30.3,28.099768572630595,30.727985
29.9,27.79689855802396,30.10745
29.0,27.656870249253625,29.087618
28.5,27.407446553150162,28.851086
23.4,23.349298968517786,23.437023
24.3,24.298388028427873,24.285978
24.0,23.99460077763943,24.037315
23.3,23.17402102382329,23.308538
22.8,22.56295625529881,22.55731
22.1,22.073418238551977,22.19077
21.2,21.26713125232321,21.182682
21.1,21.27194152856465,21.079098
20.5,20.662418975126833,20.542582
20.0,20.171778759790573,20.079702
19.9,19.950708138920014,19.7637
19.5,19.687527881866203,19.562025
18.9,19.001516323046836,18.933105
18.9,19.067520028926747,19.003267
19.0,19.187181929580298,19.145136
18.7,18.848309044705605,18.591927
18.3,18.52536784505922,18.350582
18.7,18.772982555575048,18.57357
18.4,18.437850905345904,18.44977
18.5,18.480934358509412,18.502184
18.6,18.58077053666513,18.502705
18.6,18.66334079068134,18.592415
18.4,18.482177063608376,18.206242
18.4,18.48299756855408,18.502838
18.5,18.77314889931327,18.439207
17.7,17.940924664960995,17.778097
17.9,17.93355752201483,17.899677
17.5,17.4555701532256,17.46841
17.1,16.992364885519738,17.00716
15.7,15.564548318576922,15.767563
13.9,13.784056986055688,14.0498085
13.1,13.023173061568379,12.967902
12.4,12.409747732978815,12.618075
11.3,11.20035787127696,11.354935
11.4,11.274328467298186,11.555366
12.3,12.197963940947968,12.362876
13.6,13.538858969136726,13.265939
14.3,14.065249473245952,14.533495
15.2,15.285309642087626,15.466877
15.5,15.34258135594775,15.300633
15.7,15.585159679106464,15.760691
15.8,15.756461355248778,15.831439
16.0,15.917050271358768,16.000319
16.1,16.067820331086786,16.391531
15.9,15.839557579823595,15.679882
15.8,15.821905799914337,15.759212
15.6,15.633201311397222,15.762569
15.7,15.663994511342857,15.759729
15.7,15.65698640055113,15.900387
15.7,15.670876660173391,15.757851
15.6,15.504095728608704,15.831212
15.3,15.174024916274256,15.246184
15.0,14.794751711493667,15.272342
14.7,14.474920266936227,14.657319
14.2,14.13675389236246,14.533137
14.2,14.209440193727925,14.165375
13.7,13.658512551223929,14.047927
13.1,12.91139764177003,13.279714
13.1,13.109165098827056,13.168413
13.7,13.568283763957293,13.339675
16.6,16.501667740184782,16.881111
17.8,17.556046794685734,17.213905
18.7,18.282621947333322,18.64316
19.9,19.3750637742742,19.919239
21.0,20.42605873287556,21.231373
21.9,21.22958347990613,21.979542
22.3,21.499653503222696,22.276148
22.2,21.48505313719197,22.12585
22.6,21.782677759222622,22.604036
22.1,21.41446227609,22.03611
21.6,20.956558778926425,21.590511
21.1,20.590125121216534,21.345533
20.7,20.159377171567634,20.405937
20.1,19.526736356612208,19.893578
19.5,19.142545981841753,19.65113
18.8,18.420762324507468,18.657188
18.2,17.962041775558863,18.371336
17.7,17.460242740470033,17.852991
17.5,17.164349569832908,17.556726
17.0,16.770356041469842,17.33134
17.0,16.79277458258644,16.996832
16.8,16.687431967287896,16.978268
16.8,16.560756215672356,16.979446
17.7,17.5160322397124,17.84536
19.7,19.287724686476828,19.809546
21.9,21.2066259759916,21.828974
23.5,22.59716796450496,23.382915
24.7,23.722493028476833,24.732447
25.8,24.491281011815786,26.01614
27.2,25.744348357691184,27.3057
26.8,25.539080820425788,26.75584
27.4,25.969120610155166,27.608868
27.2,25.66993851049574,27.08223
26.3,24.993378805045765,26.53474
25.9,24.514323410068542,25.593325
24.9,23.91423773539234,24.90543
24.0,23.32172278272808,23.925121
23.4,22.572184036239033,23.167423
22.6,21.885531994126612,22.433304
21.8,21.148289955876862,21.759882
21.6,21.09322150236983,21.775856
21.5,20.921542993365883,21.620949
21.0,20.476751875389127,20.99543
19.9,19.63363738808931,20.269308
22.8,22.55151294835834,22.681501
22.5,22.441380221101063,22.512516
22.6,22.600045962837378,22.566002
22.9,22.988364582709632,22.946114
23.0,23.10824795895547,22.965494
22.8,22.97294327478849,22.696922
22.6,22.754548793481646,22.575354
23.5,23.780526150199037,23.41993
23.7,23.929948246631458,23.559368
23.7,24.18836159561132,23.87784
23.5,23.971025942914373,23.499802
23.5,23.865672026067884,23.53566
23.6,23.890732207290966,23.5823
23.5,23.75554358505695,23.516092
23.7,23.966065246069075,23.875914
23.5,23.826354479614626,23.53507
23.1,23.439191516950228,23.152248
23.6,23.9162391147012,23.739868
23.4,23.308008505031072,23.407003
22.9,22.943280515717078,23.060299
22.9,22.93436309613556,23.100306
22.6,22.552643387542044,22.452137
22.2,22.25284766645261,22.207823
22.0,22.12916441014395,22.092482
21.9,22.03690427597015,21.915329
21.7,21.791316054702882,21.753525
22.4,22.533190830832332,22.489004
22.3,22.433963234871175,22.283958
22.4,22.57021284481075,22.511307
22.2,22.3984590181602,22.176039
22.3,22.501111516336135,22.295437
22.9,23.061779969094715,22.868029
23.4,23.638775874597094,23.349518
23.4,23.729392117421423,23.448635
23.6,23.872276438650523,23.607874
23.6,23.98205294304254,23.740803
23.6,23.947404753566893,23.502726
23.5,23.80233073891244,23.44204
24.0,24.269312800299822,24.114225
25.5,25.250279922423864,25.630438
25.5,25.123378130536132,25.52812
24.7,24.434939229115344,24.646542
23.5,23.500376452025485,23.673029
23.0,23.032683138646053,22.823635
22.8,22.879096199924092,22.865717
22.4,22.42439847335193,22.294529
22.3,22.427464448888713,22.435299
22.3,22.227142614298206,22.078104
22.0,21.913265706462436,21.831001
22.0,22.040534346939182,21.909231
22.9,22.847304420456165,22.951326
22.3,22.375382387613424,22.282303
23.0,23.060089511962115,22.9273
22.6,22.715737180496216,22.502329
22.7,22.928836209627104,22.665234
23.0,23.354867795822674,23.113462
23.9,24.16572701834135,24.029352
24.8,24.946005832876395,24.711231
25.1,25.21823039622053,25.06466
24.9,25.003678705938626,24.719538
24.2,24.576534948557025,24.219706
24.4,24.596692289761112,24.33705
24.4,24.5857045472601,24.33705
24.8,24.97570647702598,24.914467
24.5,24.69888422071668,24.40842
26.2,25.774083774295725,26.2869
24.8,24.692667495385777,24.931667
24.0,23.956226642504483,23.89445
23.8,23.64796944399766,23.64848
23.3,23.263914381186943,23.267557
23.0,23.024977939618456,22.991116
22.8,22.954053402853702,22.968174
23.0,22.95575690523742,22.762295
23.1,23.07908924845256,23.18792
23.6,23.67582944750802,23.700106
23.7,23.80111512959911,23.73876
23.9,23.85790736878405,23.999914
23.7,23.84049544998734,23.738632
23.4,23.68206757903526,23.512367
23.3,23.479246645877858,23.240683
24.4,24.607616677901724,24.335993
24.8,24.92593940269286,24.683008
25.5,25.552063348398306,25.576992
26.0,25.854040844661355,26.078701
24.6,24.65496751105461,24.520653
24.5,24.656811620727453,24.430025
24.1,24.344718268234658,24.15193
23.8,24.078514191066386,23.72018
24.0,24.23720467341579,24.115255
24.7,24.543572088483018,24.777443
25.3,24.949296671541084,25.21525
24.7,24.301375700568656,24.909927
24.1,23.75723169096907,24.284756
23.8,23.563620976548403,23.791323
23.7,23.30453423430087,23.609865
23.3,22.975353411558274,23.421524
23.8,22.938208518423693,23.740383
24.2,23.47563477639953,24.241604
24.6,23.72071739687728,24.531006
24.7,23.965887752942056,24.527245
26.0,25.101463540879763,26.106117
24.5,24.306554472331946,24.32628
25.0,24.66813088197179,25.01786
23.6,23.792470959472645,23.568613
24.2,24.28322178952548,23.95431
25.9,25.37176084156643,25.827816
26.0,25.496075233734015,25.920366
26.4,25.54929392859693,26.214737
24.4,24.778279009035565,24.451746
25.0,24.559155671419642,25.03979
25.1,24.84820251058807,25.324213
25.2,24.585734346935126,25.167011
25.3,24.510269352882013,25.355618
24.7,23.957414032977027,24.739237
23.9,23.746022682991907,24.058683
23.8,23.386306837777457,23.643547
23.5,23.15497097668175,23.60196
22.7,22.45813520109467,22.605497
22.4,22.180528126608547,22.4266
21.7,21.60028031599255,21.868479
22.0,21.808942139454643,21.85739
22.7,22.68352949978304,22.5587
22.5,22.56849522352411,22.384895
23.0,23.1337089753072,23.170547
23.0,23.331160402246542,23.214281
22.9,23.23639282133461,23.055435
22.8,23.03916710492105,22.768719
23.3,23.45310588023221,23.352036
23.8,23.785609701226008,23.805414
23.5,23.39467274010062,23.342659
22.8,23.03444817692215,22.902905
22.4,22.67618843761407,22.474646
22.4,22.692777914165,22.473497
22.3,22.685041668920555,22.320404
22.4,22.755215151003846,22.3893
22.4,22.751291957432382,22.341125
22.5,22.764734666986474,22.505136
22.6,22.81627386782685,22.442574
22.3,22.466220138996476,22.299961
22.4,22.76864819523214,22.712975
22.4,22.676265798843275,22.446945
22.3,22.18575980431078,22.207993
22.6,22.258796066228285,22.598425
22.5,22.065107103990464,22.32159
22.0,21.80468552829906,22.25592
23.4,23.068630954357705,23.794367
24.1,23.693655266877478,23.962954
24.2,23.750906638317623,24.296585
23.2,23.236197700012433,23.1909
22.7,22.909931695019797,22.944166
22.9,22.994714350606884,22.766697
23.6,23.74431213020608,23.552757
23.8,23.884817727549056,23.743296
24.0,24.16596933982829,23.889942
24.2,24.257029480535262,24.093395
23.7,23.729371978885514,23.738276
23.6,23.55647421778766,23.647013
23.8,23.74531874721963,23.816431
23.9,23.64827314340175,23.857315
24.4,23.974356635265565,24.37317
24.5,23.850441877192267,24.326492
24.8,24.134947605162605,24.914186
24.7,23.93006860311928,24.678595
23.5,23.045836450696473,23.593697
24.1,23.413811083392446,24.159266
23.2,23.05671522276333,23.244806
22.0,21.88099901732231,22.050632
22.0,21.847859308643176,21.975733
21.9,21.80426907673581,21.857178
23.0,22.728670627385632,22.944065
23.7,23.502940905536413,23.860004
25.8,25.080050523933508,25.732555
26.7,26.151348807211,26.954416
25.5,25.238734183481476,25.613361
26.8,26.259211975640138,26.960842
26.6,25.88242094950639,26.524168
27.1,26.27764951191839,27.158184
27.5,26.475517563078988,27.337954
26.6,25.74959266720462,26.507998
26.1,25.466973646582495,26.029081
25.7,25.3165951562529,25.773676
25.8,25.38923383985997,25.72999
26.3,25.736604525167962,26.354452
25.4,25.18468215877256,25.314018
25.4,25.087863649641953,25.476208
26.6,25.442211136713933,26.408054
26.3,25.24885441434757,26.629026
25.8,25.131295772241735,26.032455
25.5,24.96180958257706,25.648325
24.1,23.71125764116079,24.0625
22.8,22.75138127366441,22.750587
23.5,23.436294851926892,23.556795
25.1,24.838879485885673,25.139883
25.5,25.157866037153802,25.629732
26.0,25.694496096256266,25.980146
27.6,27.291846650931873,27.755438
28.8,28.34824531440159,29.00801
29.6,28.86922916948585,29.733679
25.2,25.487173222413883,25.151358
24.9,25.268147873652232,24.938429
25.1,25.541571037220226,25.002419
26.2,26.52621298910634,26.262774
25.6,25.956875783155162,25.707182
26.1,26.247192993779038,26.20096
26.0,26.12318438646671,26.12848
26.2,26.246838571021364,26.163475
24.8,25.194129862713854,24.990707
25.2,25.371474979624992,25.2175
26.3,26.198740250327383,26.301216
25.8,25.3872018246758,25.71783
25.2,24.698616549942038,25.223232
24.6,24.017679332918007,24.714241
24.1,23.557279719403265,24.164227
24.4,23.769614528979233,24.514105
22.8,22.545965224689315,22.873047
23.1,22.708466673136716,23.28978
25.9,24.944579254641948,25.914524
25.8,24.940554175364767,25.851257
24.9,24.59375700343046,25.018595
25.5,24.919954038384795,25.50698
25.0,24.673093779690674,25.204317
24.3,24.30874795443401,24.203133
24.9,24.757682442370694,24.850235
25.5,25.427644912049697,25.705486
27.7,26.52720848005269,27.81126
28.2,26.75380672192989,27.992115
27.7,26.717524715888565,27.730051
28.0,26.540979038424943,28.198734
28.1,26.42418720510571,27.89225
27.7,26.174900836854185,27.62326
25.9,24.926572069890966,25.804432
23.9,24.123180838864116,23.881489
24.8,24.644059097501028,24.855999
25.5,24.779057614479548,25.43446
24.9,24.55461549842071,24.955599
23.9,23.986804653043265,23.84712
21.2,21.588479272313403,21.21916
21.2,21.570672064801485,21.218683
21.0,21.353110273909635,21.048706
20.8,21.456343595749118,20.928719
20.6,21.3689647276997,20.560974
20.4,21.037766136873856,20.490522
20.2,20.64275734031794,20.194553
21.6,22.2258547050485,21.68436
21.3,21.825899803626104,21.348377
21.7,22.112579397968286,21.522322
21.5,21.951967690202455,21.46891
19.7,20.33491475017191,19.635992
19.5,20.107543376206163,19.45409
19.6,20.04821379288593,19.545433
19.9,20.431966271535085,19.94193
20.1,20.45425272621237,20.068724
19.8,20.226487272889198,19.921638
19.8,20.14353581980128,19.88959
19.3,19.662421331119983,19.245918
19.2,19.464461155237835,19.015537
18.9,19.141644849419492,18.870687
18.5,18.828846739930793,18.578638
18.5,18.682246411281977,18.619497
18.2,18.36355282281602,18.03458
18.2,18.397574644656995,18.216413
18.0,18.18750922091891,18.21156
18.2,18.406901936233943,18.381357
18.4,18.546774810560617,18.507483
18.2,18.28355344790029,18.216286
18.5,18.616531105494115,18.418829
18.6,18.737264283127622,18.575165
18.8,18.977708827486474,18.842815
18.6,18.7944364379915,18.648224
18.6,18.83039113583883,18.414286
18.5,18.761714114172104,18.203497
18.6,18.841006867065577,18.52868
18.7,18.908115564846362,18.693602
18.9,19.088280761978364,18.88228
18.3,18.509941685291885,18.34157
18.3,18.614721410828782,18.232042
18.6,19.182073695245542,18.602495
18.8,19.46454022240781,18.813189
18.9,19.32573790778576,18.99119
19.2,19.583361582439696,19.234003
19.1,19.584884321625502,19.234003
19.5,19.937967776235027,19.442081
19.6,20.1798113605722,19.602343
19.7,20.177831525143386,19.599035
19.6,20.19841641572481,19.611988
19.4,20.28230500950706,19.27072
19.2,19.992732249830674,19.132774
18.9,19.565883619468533,18.811245
18.7,19.151790806577818,18.810535
18.6,18.98715884584164,18.546488
19.3,19.936689698360635,19.249853
19.6,20.428782530131024,19.61071
19.2,19.623852286297122,19.225052
18.8,19.267693881755484,19.012608
18.2,18.698456794871767,18.234762
17.8,18.1095139084612,17.694103
17.6,17.922211952206222,17.490463
17.5,17.7773739797643,17.40738
17.4,17.769918019401977,17.664898
17.2,17.35918415313229,17.284847
17.0,17.24358423913396,17.119553
17.0,17.2639176544576,17.051363
16.7,16.813913981571304,16.637398
16.6,16.710164238361305,16.63882
16.7,16.834415606466276,16.676743
16.5,16.499623326118407,16.562637
16.3,16.256433163491696,16.259403
17.6,17.641302359340163,17.685703
18.9,18.89449174051194,19.021141
20.4,20.26930708130408,20.40963
20.8,20.83845395170893,20.721937
20.9,20.837729541282126,20.720102
21.2,21.08806330431048,21.301338
21.5,21.411940577710013,21.569578
21.0,20.969767959970543,21.218945
21.3,21.093787952191878,21.267733
21.4,21.232904006976877,21.502146
21.1,21.099420128613197,20.943117
20.6,20.440766269550064,20.57149
20.6,20.521975318769748,20.635946
20.5,20.526297118139635,20.633358
20.7,20.59495139283814,20.585114
20.2,20.054588417760765,20.272213
20.0,19.90712223744187,20.101519
19.4,19.290670753726324,19.500368
19.1,19.088550863322457,19.099792
18.9,18.902126101495654,19.05675
18.5,18.428522017877007,18.57492
18.3,18.108365340285406,18.21512
18.5,18.356426711978415,18.416763
18.8,18.588623025167568,18.903006
22.0,21.75730984731145,22.03803
20.3,20.140258754795504,20.201674
21.0,21.094594605184916,21.114223
20.9,20.9500330192313,20.925535
21.0,21.20104132527287,21.128765
21.1,21.18620886626641,21.219576
21.5,21.49634291710622,21.58041
21.2,21.19782869055959,21.181362
21.4,21.384600563705916,21.345587
21.5,21.541266152851204,21.439762
21.5,21.543413278769158,21.439241
21.4,21.588399911841282,21.488722
21.6,21.81051421674871,21.556665
21.6,21.90444960108221,21.712278
21.6,21.847037770290676,21.695024
21.4,21.46677436163028,21.387905
21.2,21.385494160307406,21.364267
21.0,21.14688046522234,20.982504
20.8,20.967488305783966,20.868261
20.8,21.120603353048576,20.88677
20.8,21.038455272376964,20.841518
20.7,20.97008763501109,20.700125
20.7,20.98924831548979,20.678692
20.5,20.775513108138846,20.400772
20.4,20.718025262703947,20.373722
20.3,20.557922382829407,20.170202
20.4,20.72122220918107,20.43932
20.8,21.101532594783876,20.770933
20.9,21.157569714968247,20.979273
21.1,21.4095714010915,21.114609
21.2,21.41832697762691,21.193466
21.4,21.618793833724233,21.405266
21.5,21.829600503173726,21.445906
21.5,21.93409818686474,21.537506
21.7,22.2431374211183,21.930096
21.9,22.210938245516687,21.926771
21.8,22.23754508749624,21.897322
22.3,22.352610866078958,22.08368
21.8,22.05572556987238,21.743797
21.6,21.97521319458429,21.768337
21.4,21.554831155752474,21.404346
21.3,21.558017755605032,21.347204
21.1,21.30722706807175,20.994616
20.9,21.369599292179878,20.96087
20.8,21.148005314396336,20.634281
19.6,20.099188316065796,19.70954
20.6,21.237466680233705,20.744947
20.4,20.785953630235795,20.333893
20.2,20.851368160334804,20.139084
20.2,20.52891725058762,19.989779
20.1,20.515120587823994,19.98965
20.2,20.640394669451,20.130205
20.0,20.51973542423224,20.007563
20.2,20.598547921566112,20.131628
20.1,20.66753901277122,20.131628
20.2,20.75719512068459,20.331717
20.5,21.127932023687187,20.59384
21.1,21.51543721325367,21.070248
21.4,21.892750097961194,21.410208
21.4,21.841405152919222,21.40906
21.5,21.92814051784281,21.492496
21.4,21.79836815335778,21.354357
21.5,22.034527984147335,21.559004
21.6,22.137180798673565,21.58396
21.5,22.053264628157656,21.584087
21.7,22.038950144663556,21.793703
21.3,21.757155533138484,21.188877
21.6,21.722778043962315,21.491518
21.2,21.552236417663547,21.188293
21.4,21.694392519084857,21.405209
21.2,21.485141593411612,21.226782
20.8,21.13749664407309,20.83491
20.6,21.007218493000522,20.604036
20.5,20.982787971262848,20.60344
20.3,20.646982495200508,20.329792
20.1,20.50279307106175,20.113852
20.3,20.759945449263366,20.400639
20.4,20.872243666800813,20.491234
20.6,21.004999019317445,20.571257
20.8,21.14489193095944,20.801346
20.9,21.346406646056217,21.007296
21.2,21.669341704403436,21.22749
21.2,21.58148479729092,21.065811
21.0,21.558780225278728,21.156265
21.0,21.524073916180132,20.967436
21.0,21.679064588027234,21.184074
21.0,21.503740839828204,20.967436
21.3,21.722932207304034,21.113905
22.0,22.228502867924412,21.871376
21.7,21.98562849691357,21.578661
21.5,21.778207163118605,21.595047
21.2,21.574156670612314,21.29779
21.0,21.128193857792272,20.890488
20.6,20.862772630047388,20.739798
20.3,20.627657988610334,20.3204
20.2,20.51464443239862,20.048883
20.6,20.86506748768083,20.562752
21.0,21.198314343519215,20.882502
21.0,21.54394779045626,21.065811
20.8,21.2010016819858,20.653988
21.1,21.57652615763843,20.970219
21.0,21.449729057033284,20.872908
20.9,21.443344052370705,20.872908
20.9,21.42888866635206,20.933687
21.0,21.570299161584686,20.968311
21.2,21.660439594658136,21.064348
21.7,22.07975552657804,21.616344
21.4,21.82553504483483,21.393705
21.6,21.860100641109376,21.610973
22.1,22.149780762248124,22.085747
21.8,21.845240497546165,21.732689
21.6,21.703403457367852,21.718811
21.7,21.733645648350244,21.71885
21.6,21.74636626326963,21.71885
21.0,21.179793049079052,21.056034
20.2,20.22864109714584,20.158035
19.6,19.407578331755143,19.522058
18.5,18.292327717947312,18.531689
17.8,17.63991529182869,17.860018
17.4,17.386293954880813,17.560438
17.4,17.390721446215498,17.560438
17.8,17.848308769799676,17.863245
18.6,18.487023176685305,18.523108
18.5,18.364016408643803,18.448248
18.4,18.27294578201556,18.31864
18.5,18.32318119131743,18.471703
19.0,18.744014769924068,19.160732
18.6,18.194776715358827,18.489403
18.0,17.721559160365423,17.903996
17.1,16.869980158967135,17.260237
16.6,16.495989735936703,16.967842
16.0,15.862747968033357,15.722425
15.7,15.651200410968546,15.618116
15.3,15.05191905398943,15.141255
15.1,14.930221081239623,15.332915
14.3,14.12698379136398,14.733121
14.0,14.123431521011781,14.295418
13.6,13.38852881643534,13.549767
13.4,13.483010394044495,13.3657055
15.7,15.563558994624248,15.586184
16.4,16.310607636559194,16.28021
18.5,18.130285583500907,18.492123
19.1,18.52210702486884,19.045513
19.6,19.017820613299634,19.46433
19.0,18.430713707912968,18.968672
20.7,19.84615077042482,20.586319
20.3,19.635431897327233,20.615494
20.8,20.00659877579983,20.668652
21.5,20.590965169643155,21.723774
21.4,20.514325712743855,21.360678
21.2,20.26459213985154,21.105429
20.8,20.043993609431443,21.013308
20.6,19.781977854187236,20.636784
20.2,19.45385417990349,20.159838
19.6,18.940720253516652,19.860756
19.1,18.370604939451148,18.971752
19.2,18.611392755393506,19.291656
18.3,17.77291446035299,18.567717
17.9,17.386345509914342,17.612705
17.8,17.489380094650908,17.918047
17.7,17.264179114727288,17.83812
17.1,16.761501929693353,17.413021
17.3,16.94404291007981,17.474531
18.4,17.980465233937522,18.50375
20.0,19.39405996348674,19.826187
22.2,21.336130612834243,22.302662
21.0,20.556149963304833,21.143494
21.5,20.98343951265879,21.499813
20.9,20.568534117812966,20.818003
20.6,20.20223841166716,20.386654
19.8,19.61633978291412,19.943205
19.7,19.450927295468126,19.604446
19.8,19.534415106734517,19.71342
19.8,19.694849147524522,19.853872
19.7,19.657231175491496,19.866257
19.7,19.586278267572926,19.733702
19.8,19.691606803334896,19.923416
19.7,19.661496787939075,19.773193
19.9,19.835145124405823,19.883923
20.2,19.956835244541235,20.185297
20.4,20.14274683584352,20.322634
20.3,20.1138801948581,20.283789
20.3,20.116247102388414,20.283789
20.4,20.057547678861663,20.253788
20.1,20.006128653982802,20.299347
20.3,20.074639708963915,20.127726
19.9,19.601286788811198,19.753927
19.9,19.611956755630313,19.753927
19.6,19.19648397111679,19.282944
19.5,19.1876743421224,19.277676
19.8,19.55268534293613,19.958746
19.1,18.920933686800048,19.01201
18.9,18.702384409107122,18.916513
18.7,18.587825006622587,18.630901
18.7,18.520909860525478,18.586626
18.4,18.386351831559285,18.260403
18.3,18.135374308474702,18.020987
18.3,18.12477004058265,18.405054
18.7,18.498585830541487,18.674448
18.7,18.486540914182417,18.801832
18.7,18.52935039367623,18.570372
18.8,18.698299949893293,18.897282
19.0,18.888248867904938,19.093252
19.1,18.929519290334387,19.255707
18.9,18.78147032910406,19.029236
18.5,18.162677065551364,18.266161
18.2,18.020720996558193,18.266161
18.0,17.809285421151536,17.962036
17.8,17.612886812697276,18.116037
17.8,17.526121090535472,17.872725
18.1,17.924889673395104,18.304201
18.3,18.171283976300696,18.437775
18.9,18.66397853553595,19.037163
19.9,19.691225605251564,19.961716
21.6,21.331054530360788,21.802683
22.2,21.960237967858276,22.169575
23.7,23.26301532712523,23.512012
25.2,24.62543565596735,25.34041
27.0,25.907950716335698,27.24286
28.7,27.138819982144845,29.063248
28.3,26.81139794441055,28.165436
27.9,26.37952529280357,27.722452
26.7,25.573570562392938,26.49822
25.7,24.772328728945478,25.739271
25.8,24.87605591060339,25.946516
25.1,24.460598927003176,25.08861
24.8,24.147485219011106,24.580551
24.3,23.908818494009694,24.249
23.9,23.459451002677163,23.818584
24.2,23.833973662677376,24.226019
23.7,23.205094044230897,23.708107
23.0,22.514326189368006,22.852203
21.4,20.77313043503662,21.474432
20.0,19.482650103564083,19.862204
19.7,19.10280857455888,19.660454
20.7,19.961927774539827,20.819427
21.8,20.809229649393444,21.911366
22.8,21.565816436735066,22.796028
23.9,22.21606990503841,23.875504
23.5,21.935292187603082,23.491188
24.0,22.600802077518118,24.262514
23.1,21.79070006484297,23.159956
21.8,20.78832340590476,21.228474
21.3,20.368810216975707,21.226145
20.8,19.961366774617016,21.009771
19.7,19.06801786350213,19.770084
18.6,18.097096839726323,18.447348
17.6,17.141142654858225,17.567923
16.8,16.57103001723458,16.335443
16.2,15.90803628112068,16.186295
15.4,14.98598394129844,15.201232
14.9,14.641094520454406,14.799028
14.3,14.079498411740857,13.805188
13.6,13.429869789709379,13.149392
13.1,12.931460983881006,12.954836
12.5,12.372386615856257,12.52902
12.6,12.455118621300755,12.552753
12.1,12.018958555960477,11.981688
13.3,13.217669164843059,13.103211
14.5,14.410642774731237,14.571765
14.6,14.391082303977996,14.651878
14.9,14.720612243419236,14.645881
15.4,15.40322515177029,15.3760805
15.4,15.315048170444385,15.367684
16.6,16.42929146191721,16.093967
16.4,16.39052907658567,16.177204
16.8,16.702505046966323,17.012545
17.4,17.2212721721539,17.616169
17.1,16.965431936952506,16.976057
17.2,17.009345125571834,17.410868
17.3,17.263402535770446,17.329927
16.7,16.604059629397305,16.759232
16.5,16.331564344388738,16.185938
16.0,16.04423781787341,16.053469
15.2,15.148637480779335,14.853402
14.7,14.701401533745518,14.603155
14.8,14.708240866162718,14.282732
14.4,14.44309892473012,14.278666
14.3,14.31525736537169,14.186186
14.3,14.328791484663743,14.186223
14.4,14.458923185091333,14.187984
14.3,14.289782783414655,14.214156
14.8,14.755970678515052,15.250042
15.9,15.83034063690064,15.640838
18.1,17.806095609037676,18.132948
20.2,19.45347943366637,19.780582
21.4,20.52637373210612,21.308228
21.5,20.64579380298143,21.199568
22.5,21.322766723331373,22.384556
22.2,21.16795217001153,22.34969
22.5,21.268881977858452,22.485968
19.6,19.2895853650066,19.40258
19.5,19.131183693605625,19.50959
19.3,18.947047345809715,19.048517
18.8,18.557947303674208,18.693499
18.2,17.96611085571697,18.199224
17.9,17.799141873698485,17.963676
17.3,17.234250455100675,17.602148
17.5,17.239986946732987,17.355648
17.1,16.90136404992703,17.290476
17.1,16.887464438733222,17.199081
16.4,16.13726202412606,16.202421
16.0,15.846950902486348,16.168873
15.2,14.970389626613343,15.061574
15.0,14.731616041709941,14.647786
15.5,15.477239053314275,15.850391
16.6,16.4626777718017,16.519136
17.4,17.259597425404095,17.82838
17.0,16.88784612170151,16.326366
17.5,17.40274157649604,17.596281
18.0,17.876947725025722,18.151411
17.5,17.34105677078963,17.710968
17.9,17.613956399458374,17.881565
17.5,17.426458495102153,17.352188
17.4,17.169002432490615,17.322699
17.1,16.924143269122602,16.835655
17.0,16.878426271662264,17.046247
17.0,16.894969324645405,17.108963
16.8,16.60700200018534,16.633923
16.9,16.693340677143365,16.878937
16.8,16.751411430135242,16.745295
16.8,16.685424927430244,16.812002
16.9,16.772452432654898,17.08818
16.9,16.713018868573332,16.68587
17.0,16.866373566802352,17.14701
16.6,16.453216014447815,16.632074
16.6,16.416313014814065,16.631115
16.5,16.275598690188705,16.483849
16.0,15.779984729290916,15.897058
16.1,15.865697119565489,15.901393
17.2,16.92793987308015,17.35465
17.5,17.12887492123871,17.557028
17.3,17.02609260703933,17.46073
17.1,16.88588303515814,17.329403
17.5,17.28908503579654,17.709105
17.6,17.3485227830159,17.594656
18.2,17.864728179953172,18.262026
17.8,17.651511705719322,17.761658
18.1,17.76689196214882,17.974226
18.2,17.861160836448967,18.181292
18.1,17.818550150142713,18.111958
18.2,18.014048642165147,18.339783
18.3,17.920175339526708,18.435244
18.6,18.214016393620273,18.5611
18.6,18.218960422132117,18.439373
18.6,18.309496765397203,18.35137
18.8,18.311842682020572,18.973732
19.0,18.548379016733644,18.933283
19.0,18.48273388608445,19.088387
18.7,18.187395056066286,18.635098
18.8,18.298439807116612,18.458944
18.9,18.45742579373474,18.933956
18.7,18.378644969740957,18.729961
18.3,17.9300206749502,17.936865
18.4,17.834879597084875,18.34855
19.3,18.84300909048229,19.44428
20.8,20.08091236621585,21.15964
22.7,21.809836594673534,22.548203
24.8,23.516902222787238,24.848845
25.4,23.93880441165394,25.379467
27.5,25.466228877470652,27.611372
27.4,25.205781386923626,27.722258
27.9,25.60064826910055,28.145239
27.6,25.169369578660636,27.738464
27.0,24.756268603869252,27.018461
26.0,24.212633618793983,26.277657
25.7,24.044614512931382,25.775362
25.0,23.50720035075897,25.092316
24.7,23.234102902448644,24.629051
24.4,22.94230626279645,24.325052
20.3,20.07489383210747,20.383404
19.2,19.00396809440921,19.282148
19.0,18.72849667438995,19.03057
18.7,18.555093150295264,18.714216
18.0,17.83716230746322,18.027727
17.6,17.355324042442195,17.73468
17.4,17.16717575088186,17.141464
17.3,17.120643539786656,17.231436
17.0,16.936026463243785,16.956367
16.8,16.775901115349125,16.800571
16.6,16.590233413561297,16.513332
16.7,16.698276136361397,16.787584
16.7,16.710118391896813,16.787584
17.0,17.01476952991953,17.308939
17.4,17.386016223285335,17.451897
17.6,17.647629264036954,17.546976
18.0,18.11512524459273,17.960419
17.5,17.56331196252727,17.536036
16.3,16.245512660664687,16.16887
16.6,16.65816900264531,16.417679
17.1,17.224384055592378,17.130672
17.3,17.367966902451446,17.422146
17.2,17.27513878773313,17.118784
17.1,17.112363027414307,17.12038
17.7,17.66949423177291,17.506178
17.4,17.604629322235077,17.347702
17.2,17.37832590521938,17.040787
16.9,17.07280588200172,16.90853
16.5,16.70082755647239,16.341316
16.3,16.347240164568827,16.182684
16.1,16.130856311448124,15.90448
15.6,15.535041461250156,15.681554
15.5,15.428936407895485,15.496702
17.0,16.944788694420872,16.973372
17.3,17.254394937267175,17.165745
16.9,16.87746130463089,16.702328
18.4,18.41479189856042,18.482931
19.6,19.203386827039193,19.43535
17.1,17.084624023035435,17.326717
15.2,15.199770906482556,15.177364
15.3,15.366906991660478,15.4488535
14.8,14.848920314969359,14.827545
14.8,15.010674018938232,14.964406
13.7,13.847835444813203,13.302215
13.5,13.703138604757996,13.304935
12.5,12.55683400806726,12.519824
11.5,11.436440398949497,11.399393
11.0,10.884496419893459,10.988042
10.7,10.675641079926663,10.680124
9.8,9.37951338322694,9.547291
9.9,9.46648152494943,9.909358
11.7,11.18742367634469,11.886838
10.0,9.55809041282231,9.949758
9.0,8.282787009793505,9.076097
8.8,8.367743116613141,8.9825
9.1,8.601343308604566,9.071472
9.2,8.719757237404458,9.393679
9.8,9.459154900089473,9.6072
11.1,10.829049175904565,10.862849
11.5,11.401718039158673,11.556787
12.3,12.190706968647902,12.40006
12.7,12.806049775798897,12.6728525
12.5,12.679605607487055,12.6253195
12.8,12.886945454111778,12.7049675
12.8,13.07423583248621,13.02941
12.5,12.684366426458642,12.529571
11.5,11.319642741072144,11.554704
10.5,10.495073155744375,10.487428
10.3,10.157326370712674,10.113483
9.2,9.003321600360263,9.1073265
8.6,8.32117556722892,8.566212
8.9,8.581462958138637,9.083792
8.1,7.639252430124316,8.049135
7.2,6.609774739494689,7.196509
9.3,8.834133957468989,9.442182
9.5,9.341401973838014,9.504643
7.7,7.483211526263375,7.540288
6.2,5.728827676612823,6.221791
8.7,8.456169508971211,8.66187
9.7,9.742199509224847,9.673461
11.2,11.325915640037255,11.033126
7.5,7.104681047230983,7.537417
9.5,9.458566238840898,9.553591
6.8,5.948715395329465,6.746664
7.2,6.518334629785755,7.0959473
7.3,6.7597358697811885,7.2230067
8.8,8.603004011702367,8.7178955
9.0,8.555843299642593,8.95655
8.3,8.13064734420222,8.276002
8.4,7.909816273428202,8.632467
6.9,6.346632255047652,6.8789783
8.0,7.87982456503422,7.9728656
7.9,7.847532505072422,8.06877
7.7,7.673624292897223,7.441972
7.6,7.644620831281223,7.610642
7.3,7.234344417368781,7.177585
7.2,7.133680901755426,7.022011
6.8,6.626872590129977,6.560363
6.5,6.2774090106589995,6.4359837
6.2,5.875864585548641,6.2654533
6.1,5.795127653722197,6.0820727
5.8,5.387753280278432,5.8448634
4.9,4.29740932142424,4.898253
6.1,5.740548005441788,6.1781216
7.2,7.017374273982114,7.206799
9.1,9.138895912124735,9.147554
9.5,9.458587698427355,9.345483
10.1,10.345418693936239,10.102595
10.5,10.75190003364516,10.565929
11.3,11.556657300480005,11.338876
11.0,11.26498121978462,11.317288
11.3,11.844243106844338,11.181305
11.8,12.170316150152384,11.690726
12.0,12.257594642090389,11.802084
12.0,12.165060337261774,11.836878
12.2,12.482780636206972,11.884701
11.8,11.932345832297479,11.757338
11.4,11.593017992218062,11.496846
10.8,11.024196594497862,11.063127
9.9,10.393566126050636,9.874494
10.7,11.404537026503089,10.5117445
10.4,11.109672035699447,10.3545885
10.1,10.889119205853145,9.857968
9.9,10.849512732979456,9.987386
9.9,10.842215349625565,9.987386
9.9,10.716035261077412,9.849258
11.2,11.831151970066795,11.00498
11.1,11.492473460525016,11.319104
12.1,12.528580538834312,12.402912
14.1,14.320257508188757,13.8341875
15.2,15.212629369468956,15.006355
15.3,15.425899835431043,15.812185
16.5,16.41259022219469,16.360613
16.9,16.92758557475239,17.150162
17.3,17.05168224233102,17.36127
17.6,17.334661339366452,17.394072
17.6,17.294158600290945,17.333706
17.1,16.947142016416663,17.00113
16.3,16.21917388421257,16.552088
16.1,16.059359477603895,15.99327
15.8,15.836056931892976,15.930913
15.6,15.62563580531545,15.768751
15.0,15.027962090244408,14.902829
14.3,14.501774748628758,14.22983
14.3,14.320987084326422,14.164122
13.7,13.788801716016337,13.578313
13.3,13.408045860482122,13.198472
13.3,13.519726802648968,13.324797
13.5,13.549385937393982,13.331339
13.1,13.141837713496528,12.712434
13.5,13.519633070632015,13.660522
13.9,13.900449438430222,13.929892
15.2,15.060452260922908,15.298505
16.5,16.224793771891473,16.243586
17.6,17.237410390481802,17.844791
17.6,17.191696100608958,17.651548
19.3,18.774078170850487,19.451124
18.9,18.307795944725985,18.933138
19.4,18.764881694690942,19.383694
20.0,19.206322267315358,20.171442
19.9,19.087856282767536,19.96249
18.9,18.35412869570332,18.793034
18.5,17.926605060496037,18.31834
18.4,17.743650143856637,17.928238
18.4,17.906119795226992,18.406818
17.7,17.335765942832797,17.810026
17.1,16.796343759385522,17.221138
16.6,16.17810969760128,16.230103
16.1,15.862087400874671,16.046543
15.5,15.150393946499303,15.485985
15.2,14.89379142118944,15.3449745
15.2,15.022160177698638,15.331535
14.7,14.541673140380908,15.246617
13.7,13.46286472588032,13.54635
16.0,15.736640446711164,15.967245
16.1,15.874630955249923,16.360191
16.9,16.431343010499823,17.291166
18.5,18.02274027306296,18.355467
18.9,18.405018083545087,18.84495
21.2,20.32299265713721,21.09774
20.5,19.753724529400827,20.705767
20.9,20.16665204165062,20.699326
21.2,20.508743163113817,21.13472
20.8,20.09356849396837,20.916643
20.1,19.335063502373657,19.730791
20.0,19.44405675986079,20.020603
20.1,19.20934084508414,19.732624
19.9,19.142968038969258,19.569603
18.9,18.261495645990177,18.987074
18.2,17.66786202291904,18.524485
18.0,17.441311277636025,18.242163
18.0,17.468040741052995,18.247326
17.8,17.323984551290156,17.671265
16.4,16.069429001353207,16.456419
15.7,15.507443111609046,15.60223
16.1,15.800213070736508,16.30184
15.0,14.881771699802393,15.130405
15.5,15.35096280055108,15.84402
16.1,15.828053315657286,16.066023
17.3,17.054416236128016,17.513193
19.4,18.887659172615365,19.551949
21.9,20.84890335113131,21.661663
22.7,21.51554908892587,22.606617
24.6,22.916988461466975,24.717695
24.3,22.774123246922994,24.507267
24.8,23.131873504152498,24.9078
24.9,23.322583402904893,24.897512
24.2,22.59636022519858,23.922007
23.2,21.97632746365428,23.376099
23.2,21.71430195592022,23.066471
22.7,21.49544289253096,22.866344
22.3,21.11945132262523,22.344973
21.5,20.38003293688678,21.550577
20.8,19.947673100160774,20.747002
20.3,19.620068852642987,20.433062
19.3,18.706280859219333,19.011986
18.2,17.829150830695394,18.370388
17.1,16.635163182180605,17.000072
17.0,16.735103930356043,17.010878
17.1,16.865698413590938,17.239212
17.8,17.338653245434518,17.7176
18.0,17.585560952523082,17.684235
19.4,18.834296076209977,19.324736
21.8,20.852486955247752,21.79217
22.1,21.21826937440994,22.334433
23.9,22.63007959981794,23.975592
25.6,23.90264164468728,25.559021
25.5,23.79102162500939,25.019508
26.2,24.28204471585356,25.996143
26.2,24.21642461896112,25.96006
25.9,23.87190449499013,25.366682
25.4,23.510827261137035,25.589912
25.0,23.111998166053137,24.854284
24.2,22.486232096733993,24.348497
23.6,21.92288165770685,23.54082
22.8,21.45136838861072,22.69427
22.0,20.841318941696464,21.832014
21.1,20.140610926065296,20.868734
20.1,19.417151860390835,20.215305
19.4,18.782165149203795,19.012909
19.1,18.590143848272007,19.251524
19.0,18.413691981295116,18.92828
17.3,17.027104652446248,16.97512
17.7,17.43561411561622,17.22407
18.3,17.905359701843672,18.442457
18.6,18.08644399002561,18.018639
19.1,18.662905341095875,19.229902
20.9,20.366779380720775,20.759592
22.8,21.876065920051754,22.994219
22.6,21.809417886885974,22.912853
21.8,21.208193978726854,21.834408
22.9,22.069391931227333,23.127127
23.3,22.429662653442133,23.423225
23.0,22.056595836755495,23.005316
22.5,21.62972148186187,22.533953
22.1,21.354756373786422,21.96941
21.8,21.1522737553994,22.365824
21.7,21.03001528518804,21.816841
20.8,20.162151762550593,20.586618
20.1,19.48526147508751,20.14595
19.2,18.87996004747084,19.421621
18.5,18.164154198532373,18.325418
18.1,17.741211138218517,18.291523
17.3,17.018845523560756,17.315018
16.7,16.41363898802429,16.50344
16.4,16.15473526440405,16.211174
12.4,12.331194100836885,12.2895975
12.9,12.940723497792103,13.194155
14.3,14.583437426055074,14.526935
14.4,14.658316701992668,14.243784
14.0,14.264874089186797,14.167045
14.2,14.590583964771064,14.541714
14.2,14.494613321519722,14.563239
14.1,14.483225044132762,14.562787
13.6,13.952673926869352,13.600362
13.9,14.201643429308412,14.178877
13.6,13.83722037482097,13.442242
13.5,13.671069343422928,13.303525
12.5,12.735401715644766,12.530555
12.7,13.042184926232292,12.616152
12.8,13.197822140859355,12.972645
13.0,13.28547732929528,13.124925
13.4,13.61904563542577,13.398728
13.2,13.540610724459114,13.514292
14.2,14.353963109714623,14.265128
15.3,15.394482768252917,15.438864
16.1,16.08524992532524,16.099974
17.0,16.916836824542717,17.502272
17.3,17.25440567573747,16.987595
18.2,17.920411404056853,18.0773
19.1,18.780199040480294,18.982967
18.8,18.510009352713034,18.818739
18.9,18.676222306183615,18.956606
18.7,18.501231319129595,18.652786
18.8,18.594014421890577,18.822319
18.9,18.749868308246448,18.964127
19.4,19.264741280127563,19.66673
20.2,19.908997489893434,20.309677
20.3,20.13563137399161,20.39193
20.4,20.27805279132252,20.355854
21.0,20.848203695208838,21.087778
22.1,21.89995317695147,21.916788
21.9,21.773744842401538,21.85861
21.6,21.421884281273517,21.52045
21.2,20.973036636166462,21.185364
21.1,20.92716414247455,20.95529
21.3,21.18585845008797,21.19396
21.2,20.99227395694225,21.32302
22.4,22.131503300180267,22.499092
23.7,23.14605532258524,23.615355
24.4,23.893955127924745,24.38151
25.8,25.142658814509062,25.734297
26.8,25.854681610357922,26.71331
27.2,26.180419616345993,27.07084
27.6,26.35665813946649,27.34283
26.6,25.54861307273842,26.604134
26.2,24.927939071813803,26.307896
25.4,24.318756079880117,25.425106
24.9,23.859512006016384,24.888975
24.5,23.622355519210362,24.498217
23.8,23.01975357788202,23.79415
23.4,22.7726840426386,23.343948
22.9,22.312912830136277,22.649654
22.4,21.919387035911587,22.4928
22.0,21.534490810036594,22.148611
21.9,21.400545651778863,21.828873
21.6,21.27750239556044,21.47473
21.6,21.39005018854178,21.809732
21.5,21.228543697188588,21.583689
21.3,21.088709318363062,21.38561
21.5,21.296407097362124,21.511257
22.0,21.733547197494172,21.847313
22.5,22.359792599376153,22.614231
23.3,22.892933452597987,23.278997
24.3,23.78809685219023,24.282568
25.0,24.398231169105735,25.095379
25.8,25.19210626585047,25.839914
26.6,25.725905483403416,26.709194
26.2,25.36800835273067,26.02627
26.1,25.16561202965176,26.11873
25.4,24.514644779380053,25.46601
24.7,24.077523309324455,24.693466
24.0,23.42697929588628,24.181343
23.3,22.853085679174995,23.3262
23.1,22.648403211710882,22.677708
22.9,22.44660758358368,22.803156
22.8,22.287584453803298,22.7001
22.5,22.187627776455958,22.616613
22.2,21.974715612876338,22.256756
21.9,21.73654550265582,22.027786
21.2,21.152560862754928,21.41805
20.1,20.054794665873565,20.01962
19.3,19.331368255852837,19.521513
18.7,18.743448365112414,18.435831
18.5,18.775286127011423,18.424896
17.9,18.341739308123017,17.684425
19.5,19.505964029919006,19.586636
20.0,19.94194196837581,19.932362
19.4,19.495677056430868,19.363138
18.4,18.40590504378528,18.273106
18.2,18.22573553312254,18.406082
16.9,16.876064848246866,16.687546
15.1,15.271720314773368,15.264106
13.5,13.558235314647092,13.48374
11.5,11.685658970553952,11.39959
10.5,10.48192607756949,10.569391
10.4,10.3614352068365,10.485498
9.7,9.92852097298979,9.796797
9.4,9.622576694056498,9.560016
8.6,8.766309624071784,8.782673
8.1,8.160099673958456,8.187482
7.7,7.679962556811795,7.841197
7.5,7.511240759170406,7.491573
7.2,7.109400672815269,7.0188494
6.9,6.755824637601741,6.5247817
6.6,6.550404984381366,6.428064
6.5,6.250814404676497,6.441661
6.3,5.985658910801789,6.3209763
6.5,6.2232148417056905,6.4066753
6.5,6.223170049893852,6.400771
7.6,7.538230364436714,7.4349985
8.4,8.529367745670609,8.361352
8.0,7.767369982376891,8.031759
7.8,7.608642140924424,7.984894
8.7,8.525487193077776,8.66822
8.6,8.534033837900889,8.66822
8.9,8.741950537900031,8.886978
9.3,9.111391755453496,9.152595
9.6,9.2767542560333,9.348943
9.7,9.559288947272183,9.779302
9.9,9.699991822664455,10.140534
10.2,10.047762523957875,10.246769
10.5,10.516481795311424,10.588913
10.6,10.491266309005539,10.808241
10.0,9.770065840831109,10.111368
9.9,9.747901108218471,10.105661
9.8,9.636020534830926,9.975757
9.8,9.397687019243541,9.700023
9.7,9.418381849636948,9.752502
9.1,8.715447306283298,9.200959
9.0,8.800627883050982,9.248296
8.5,8.242150735443524,8.637473
9.1,8.915611996832542,9.274979
9.3,9.055876459575156,9.346823
9.7,9.569413955486048,9.850836
10.5,10.247847229343968,10.469841
10.9,10.840968787851285,11.107043
11.4,11.255384242276133,11.431174
12.0,11.939971749613182,12.030738
12.2,12.117432630660868,12.292388
12.3,12.250738010537258,12.185662
12.6,12.481550940942256,12.606598
13.1,12.91878433545423,12.857623
13.2,13.130020364709143,12.944208
13.5,13.367733891631097,13.5098505
13.9,13.957900856732234,13.530862
13.6,13.564461254395837,13.638355
13.1,13.077143413293225,13.091854
13.1,12.971269388616935,12.667842
13.2,13.139957391890157,12.95277
12.9,12.82666112379318,13.170393
12.4,12.360026202584887,12.477246
12.3,12.221747780945467,12.432447
12.3,12.256320273646313,12.188435
12.5,12.504222709788465,12.621128
12.4,12.21125000055704,12.476308
12.5,12.376101914873008,12.475348
12.7,12.600104053133396,13.1812935
12.7,12.651500316885816,13.179254
13.8,13.774441163880546,14.05083
14.6,14.698090488881558,14.725766
15.5,15.57911389062787,15.833827
15.3,15.412976935843279,15.137528
16.2,16.043175994576618,15.966283
16.4,16.41659442732255,16.627651
16.8,16.751184461669027,16.932182
17.3,17.236167910599363,17.288965
17.3,17.289112796826412,17.16691
16.7,16.891917777102556,16.907179
17.9,17.934087586540358,18.040993
18.8,18.871707961467255,19.001495
18.9,18.983853491896138,19.022415
19.3,19.289729853918544,19.301182
19.6,19.60095344827166,19.607285
19.8,20.006466712641977,19.70838
18.8,19.149499409746277,18.884779
18.3,18.661861860029802,18.25938
18.6,18.963159094344075,18.632494
18.3,18.72317487453467,18.25861
18.2,18.679352193938495,18.195848
18.4,18.61487123637656,18.260874
18.6,18.92933100578918,18.666523
19.0,19.3055985119011,18.949148
19.8,20.00979379556975,19.67792
20.0,20.242324950165504,19.915705
20.1,20.3204285952851,19.918615
20.2,20.451729157376988,20.140944
20.5,20.830673768535057,20.624985
20.2,20.454634280967205,20.13816
20.1,20.408855987723705,20.06543
19.9,20.22000679341547,19.828552
19.3,19.539835050477897,19.410177
18.3,18.620131782874857,18.39998
18.5,19.08089619370179,18.57461
18.1,18.742650226508974,17.969439
18.7,19.25834660664663,18.825645
18.9,19.374418114364868,19.07631
18.5,18.96901818259787,18.579838
18.2,18.600369206380808,18.221508
18.6,19.221344103585558,18.57977
18.5,19.076309025366115,18.460182
18.5,18.951941332075734,18.34645
18.4,18.903965179278654,18.347017
18.8,19.40564354415947,18.72816
18.7,18.996766582467824,18.6948
19.1,19.38293915814888,19.229906
19.4,19.722969299251673,19.3458
19.3,19.61041722590024,19.254808
19.2,19.511284024605423,19.19609
19.9,20.323024026849104,19.965446
20.1,20.415045422354996,20.02474
19.6,20.302546118191493,19.711393
19.1,19.689865106122188,19.211674
19.1,19.70625933193579,19.065306
18.3,18.676823847258238,18.277237
18.1,18.285781479703378,18.025364
18.0,18.25174443680492,17.979885
17.8,18.068816144850896,17.857899
17.6,17.812388822325875,17.61853
17.6,17.772028039465756,17.598755
17.0,17.09189354033137,17.033484
16.3,16.316201226473208,16.40095
15.7,15.758909627619797,15.75423
15.0,14.934794691283813,15.144158
14.0,13.963406688626076,13.883692
13.1,12.897658737683429,12.922579
12.6,12.402387075757531,12.426131
12.1,11.90373876534667,12.313464
11.7,11.474229270874368,11.509199
11.6,11.390208214714185,11.90053
11.8,11.647533307050107,11.882491
11.9,11.775646080685185,11.840429
11.7,11.609208677930276,12.003228
11.6,11.38164022495328,11.395431
11.6,11.517216958331417,11.558792
11.6,11.442429617423027,11.559617
11.9,11.76452021457494,11.965115
12.0,11.821618318376611,11.935566
11.8,11.538376950488594,11.612019
11.6,11.173094434385536,11.425907
10.9,10.421330945062845,10.843205
11.1,10.713017872203565,10.894714
10.9,10.621733302696157,10.929828
10.9,10.643324257209454,10.924551
10.7,10.326645386070599,10.544186
10.7,10.489178142567976,10.6869755
10.4,10.20394437410236,10.515169
10.0,9.738352505795621,10.078424
10.0,9.752497696144061,9.918632
10.0,9.744581968139954,9.925014
9.9,9.655105040888174,9.819772
9.8,9.6083289373035,9.783823
9.6,9.3296068037614,9.643663
9.6,9.340806155183564,9.643663
10.4,10.191552720562736,10.511917
11.0,10.720885037866044,11.033325
10.8,10.489416248206968,10.841015
11.4,11.224368607026886,11.434219
11.7,11.559236864604593,11.873561
12.4,12.237644371767011,12.565581
13.7,13.511888080074911,13.557695
14.2,14.212556347108713,14.422386
14.2,14.268219547786234,14.223751
13.3,13.497793854571668,13.6633625
12.8,12.708114999354297,12.711075
12.2,12.200130109571475,12.196817
11.7,11.687898005986675,11.650526
11.1,10.927629693937927,11.2459955
10.6,10.317342949912366,10.693616
10.2,9.862897180111087,10.374888
10.0,9.615297097693944,10.011334
9.7,9.237484818217421,9.897643
9.4,8.883496603864646,9.479847
9.4,8.79934165819515,9.43673
8.9,8.379705077529977,8.889524
9.1,8.737194378994822,9.071591
9.2,8.852197068377691,9.265196
11.6,11.54936582642501,11.599083
13.6,13.526190574216717,13.64051
14.8,14.81502724943783,15.079236
15.5,15.480937438517717,15.503747
16.7,16.766565906140467,16.622732
14.1,14.031538695087509,14.1486845
15.2,15.167903671908146,15.131559
15.5,15.346477654778692,15.3749895
14.3,14.107906076150101,14.143986
13.7,13.507539812811203,13.600179
13.5,13.24793344454783,13.37847
12.9,12.607614840104798,12.9819565
13.0,12.920027792328703,12.83942
13.6,13.605838875881886,13.633413
13.0,13.007760773858234,12.837078
12.7,12.484959121087954,12.571793
12.6,12.452696475118,12.79057
12.2,11.850397523923117,12.44296
11.5,11.337906812343107,11.54829
11.3,11.089252639271244,11.351179
10.9,10.650323373400681,10.779088
10.9,10.605400988768487,10.838871
11.0,10.77032193686966,11.070089
11.3,10.949199377429117,11.224419
11.3,10.968122713398209,11.224419
11.7,11.55705691730472,11.7093525
11.6,11.458785348420857,11.489444
11.6,11.342063693045194,11.338551
12.1,11.931812156799847,11.98046
12.4,12.098668402417967,12.431266
12.7,12.741089264825309,12.573172
12.6,12.426065050329608,12.570686
12.2,12.089159488741736,12.155811
12.7,12.566804005353731,12.662097
12.8,12.728477965008686,12.754843
12.6,12.635952347926125,12.752407
12.8,12.970981200126737,12.684047
13.1,13.130593154157637,12.855647
11.8,11.608337387748737,11.881644
10.5,10.292577517246578,10.515381
10.5,10.113655108874113,10.521156
10.5,10.138656273493226,10.520197
10.9,10.506814111034107,10.958348
11.5,11.153832867066988,11.402208
11.9,11.736114264457019,12.086592
12.5,12.262879856289867,12.514237
12.6,12.373764506895228,12.544024
13.1,12.829455575176883,12.934188
14.3,14.305627624883094,14.180968
14.4,14.366331908061891,14.535918
15.2,15.078115275926322,15.063781
16.2,16.239198167211583,15.91146
16.8,16.923738866538436,17.003344
16.7,16.76235790153494,16.932417
15.1,15.217968080064779,15.267832
14.2,14.411078670685335,14.189116
13.2,13.125193170254267,12.878253
13.1,13.110209486741557,12.867685
13.1,12.887917606374526,12.943879
12.9,12.826537573044199,12.714752
13.0,12.869064242487529,12.977629
12.7,12.512733560483735,12.583753
12.1,11.901215611328734,12.270381
12.1,11.930558626718625,12.27525
12.3,12.108996379010154,12.392091
11.6,11.336785131618122,11.852141
11.5,11.409706169292381,11.5923815
11.9,11.768205191061384,11.976663
12.6,12.45026693787781,12.586289
12.4,12.236868723453217,12.514814
12.3,12.079396370304895,12.170226
12.5,12.366506071089994,12.494278
13.4,13.342146634504815,13.443197
13.9,13.845810743279639,13.688328
14.3,14.401761608780745,14.419976
13.9,14.112511044590725,14.388869
14.7,14.693267849212436,14.453353
14.2,14.416510090099766,14.249532
11.4,11.498534871738972,11.521806
10.6,10.69912339755301,10.669932
9.7,9.791975981216144,9.844767
9.0,9.376171187920733,8.906841
8.8,8.938609023864238,8.876113
8.8,8.849745715501399,8.806544
9.1,9.019433172172207,9.024999
9.2,8.999102105019954,9.108407
9.2,8.918212353072562,9.145808
8.9,8.542578890257865,8.888924
8.9,8.498019605901437,8.935611
9.5,9.247636920550889,9.464933
9.8,9.57952728158628,9.620346
9.2,9.144665654667804,9.155634
8.9,8.746290817493442,8.782354
8.5,8.309400451512541,8.268223
8.2,8.050042507138986,8.034844
8.2,7.868131309733663,8.226101
7.8,7.512788440778358,7.7203693
7.7,7.3993838708786654,7.579543
7.5,7.178698877300988,7.558899
7.3,6.992484382676793,7.0589046
7.6,7.476880971208409,7.628788
8.2,8.041190734501427,8.290835
8.8,8.587058935256863,8.717754
9.3,9.177110170903987,9.341448
10.1,10.044528388835417,10.111694
10.4,10.386732257873,10.375627
10.0,10.09828617105082,10.0358515
9.7,9.724483764346438,9.555479
9.2,9.077572763781255,9.114874
8.9,8.847469834378753,9.084058
8.1,7.883080492962961,7.978575
7.9,7.554209434513552,7.8736134
7.8,7.468030813599405,7.623886
7.9,7.6017475107887265,7.87888
7.9,7.6442603448516735,7.786945
7.8,7.58151620516373,7.7695293
7.7,7.447899874395006,7.573252
7.7,7.287873724617249,7.6364336
7.8,7.587674685353832,7.792306
8.1,7.821745200324003,7.786945
8.2,8.087179550690259,8.374999
8.7,8.727182995972317,8.658819
9.2,9.171113348223454,9.247755
9.3,9.222106040903071,9.288566
10.0,10.196154763208348,10.099548
10.9,11.018220712025268,10.66077
11.7,11.726077982794685,11.784375
12.1,12.068576756983035,12.191777
12.2,12.33236727964896,12.249245
11.9,12.099586166468349,11.89355
10.1,9.947214646200443,9.976192
10.4,10.254313253244543,10.694891
10.0,9.8527720288754,10.14968
10.2,9.767844848127343,10.333104
11.1,10.801332811162258,10.989689
11.4,11.211626292185237,11.538872
11.2,10.89066093804971,11.15162
11.5,11.470896526252034,11.713906
11.5,11.312370950453065,11.712947
11.5,11.574334369283815,11.70573
11.6,11.339130611527143,11.706089
11.8,11.671235975886606,11.990399
11.9,11.651432868817267,11.984134
12.2,12.084376858468154,12.123942
11.9,11.671572312530461,11.793015
11.9,11.68158945437527,11.867645
12.3,12.13865047652915,12.276335
12.6,12.470217953672023,12.622764
12.7,12.555852741485413,12.584752
12.9,12.776508471409727,12.895165
11.9,11.613225840118258,11.746862
11.9,11.594017387228746,11.86526
12.0,11.83475138508513,12.042948
11.5,11.112098632213115,11.36054
11.0,10.739605714493496,10.914721
11.0,10.687622541611926,10.844874
10.3,9.975381739189881,10.354714
10.5,10.062895559542195,10.691452
10.0,9.48021055538382,9.930354
10.1,9.598824160127393,10.221427
10.2,9.815884860741914,10.113038
10.4,10.085062443007295,10.279089
10.2,9.831436509669082,10.109149
10.2,9.716651739964249,10.008972
10.3,10.07438597170411,10.316913
10.5,10.16970781847144,10.453624
10.5,10.263168491017797,10.480497
10.6,10.313310066541938,10.482548
10.6,10.300676585252596,10.475555
11.1,10.800817880002175,10.934965
11.1,10.870324503214622,10.999993
11.1,11.006502886053465,11.248872
11.1,11.161809136034389,11.300089
11.1,11.105796421581498,11.078627
11.0,10.86406797300145,11.004178
11.1,10.986670498193781,11.001384
11.3,11.32286411235592,11.424402
11.4,11.336591746079264,11.422691
11.4,11.464090809742668,11.7058525
11.6,11.596763540610922,11.836714
11.3,11.228629734401416,11.3564415
11.3,11.283140574751656,11.301172
11.2,11.119152535752796,11.336634
11.2,11.163617709198903,11.358413
10.9,10.919220322268501,10.902572
11.1,11.01208195687078,11.243656
11.1,11.00262228918065,11.24178
10.4,10.18601142627486,10.161513
10.7,10.594886058258368,10.796247
10.5,10.406760572609215,10.596706
10.7,10.527484032962096,10.716324
10.9,10.893564647085284,10.89978
10.9,10.910234169286994,10.901132
11.1,11.135326295559086,11.25605
11.4,11.43314379170646,11.450007
11.5,11.450144075632,11.545436
11.4,11.466393346657497,11.443518
11.7,11.678795435029677,11.674893
11.5,11.43213328040131,11.554971
11.4,11.314091439494618,11.554011
11.3,11.245506576806388,11.361335
11.4,11.277063327094499,11.234574
11.1,10.997256517119219,11.080245
10.7,10.656507855082126,10.850945
10.5,10.367817819066254,10.55065
10.3,10.083958771518713,10.45234
10.1,9.934034267480904,10.179691
10.2,10.054431334877602,10.186117
10.2,10.073704429506755,10.186117
10.0,9.733855820897166,9.893275
10.2,9.917831921437575,10.098727
10.3,10.145971392573038,10.328432
10.2,9.846063754758738,10.115107
10.3,9.915452404056005,10.121733
10.5,10.188487902523306,10.696321
10.9,10.571566007917635,10.810545
11.7,11.479152079591437,11.84818
12.8,12.642507257095652,12.765846
13.6,13.37570532913768,13.589395
13.8,13.728823216693453,13.875773
15.0,14.874994272516105,14.904661
15.2,15.178537733150282,15.30156
15.4,15.378933491080538,15.416419
15.2,15.076894520807993,14.996013
15.2,15.075656353504016,15.154384
14.6,14.708476257069329,14.700713
14.5,14.339116101564773,14.689352
14.6,14.48168357791818,14.8382015
14.0,13.860479681728883,14.09052
13.9,13.722889816374671,13.61103
13.5,13.366564610162442,13.438898
13.2,13.076035265487803,13.066894
13.3,13.05522736955606,13.391838
12.4,12.179607745450824,12.12045
11.8,11.509426119092499,11.98985
12.2,11.95923973767065,12.053092
12.4,12.17586010643889,12.121927
12.4,12.108368074985464,12.479378
12.9,12.767546376939244,12.797828
12.7,12.459461606448599,12.730828
13.1,13.0391911819058,13.113084
12.5,12.369514582972691,12.544623
12.7,12.865545808457764,12.729433
12.5,12.496396339972993,12.312789
12.5,12.501629761480377,12.621666
12.7,12.749865985233313,12.718164
13.2,13.455705445430642,13.22102
13.1,13.32614619091775,13.137632
13.1,13.175293202295599,13.137632
13.1,13.203330451501259,13.167737
13.5,13.533897229076864,13.350142
13.9,14.10837138059621,13.91554
14.0,14.148037540486584,13.844027
14.8,15.04507551027421,14.852351
15.0,15.42726051974569,15.150027
14.7,14.819221133004273,14.68598
16.4,16.574920571793488,16.280136
16.0,16.398266969712793,16.041422
16.0,16.34978511821426,16.06148
16.7,17.143837302151148,16.919523
17.2,17.49278105901523,17.25291
17.3,17.54967222751722,17.039118
16.8,17.076454755181423,16.93687
16.2,16.431146090448447,16.117058
16.0,16.215428461730813,15.98783
15.7,15.854900631079033,15.810254
15.9,15.908127528412347,15.851734
16.8,16.931026989374057,16.825956
17.4,17.46328806306662,17.340279
17.8,17.780148505113967,17.531849
17.7,17.6916318734262,17.491999
16.9,16.825482879453496,16.90593
16.0,15.990025691838923,15.769134
14.5,14.42498796388918,14.3809
13.2,13.135117485659016,13.424279
12.0,11.913947683122576,11.998565
11.4,11.380872289170366,11.592471
10.4,10.444239891927456,10.579971
9.5,9.59231972602645,9.532803
9.6,9.722240388792368,9.656547
9.4,9.4729250458264,9.482442
9.2,9.169248416031042,9.247382
8.8,8.812358764871483,8.930831
8.2,8.183818073080552,8.005606
6.4,6.136421490389942,6.362394
6.9,6.7749700001088655,6.9639993
7.1,6.903910741294119,7.035333
8.4,8.423775712278509,8.382426
8.8,9.53213486060244,8.769587
9.3,10.245866154264103,9.3737135
10.6,11.348661168245425,10.66759
8.4,9.132586749068935,8.240016
7.5,7.933169322328613,7.600784
6.6,7.173688155493068,6.511115
4.5,4.557692802505706,4.456025
3.5,3.47479791047963,3.5311115
3.0,3.009076941056854,3.0070803
2.6,2.5921278507254044,2.746721
2.6,2.767912842687487,2.4120297
2.0,2.0214108757736895,1.899455
1.8,1.7692404278928322,1.7422731
2.0,2.0938169177933332,1.9077883
1.1,0.8583063608450701,1.2466339
0.6,-0.03772282484737843,0.6793421
0.8,0.44575667337786484,0.80047137
0.1,-0.33373691212716494,0.22131984
0.4,0.06916773652878305,0.49292016
0.3,0.3195648413859473,0.25410146
0.7,0.6268719590471648,0.65884006
0.5,-0.06025211043770895,0.6353749
0.1,-0.38889413675290996,0.16839759
-0.6,-1.5568468828900137,-0.629434
-0.2,-1.4192025156893422,-0.25593147
0.7,-0.4104927034821557,0.7796365
1.7,0.789430835040065,1.6735009
3.0,2.1689056282825447,2.9495494
3.9,3.0985887069176172,3.8893874
4.7,4.31464076211477,4.6621866
6.9,6.643086091828941,6.7496285
5.1,4.519165204222894,4.8940926
4.8,4.4282594062323355,4.903672
4.9,4.250796670565954,4.8390803
5.6,5.121640146878249,5.714106
5.1,4.579721585088009,5.093092
4.3,3.6149999372745327,4.317404
4.0,3.172909006973441,3.9243777
4.4,3.436055956669236,4.1158752
4.9,4.0180404558935905,4.900509
5.4,4.590142159270037,5.427655
6.0,5.2857066149177925,5.833283
6.4,5.7287811120335235,6.5687814
6.6,5.96661296985755,6.6810293
6.7,6.212165266620417,6.8390727
7.1,6.634071734338676,7.17185
7.7,7.4571608816719746,7.5265126
8.1,7.818679552559672,8.238352
8.7,8.687868006775116,8.6243105
9.0,8.822262594505467,8.749404
9.0,8.896564098972231,8.850852
8.9,8.868843637184348,8.776578
8.7,8.531328376440158,8.637774
8.3,8.16779219591383,8.304173
8.3,8.079730822679743,8.304348
8.2,7.9432733108952505,8.238526
8.0,7.700549019584891,7.928525
7.7,7.375901483424556,7.5663385
7.4,7.017137664492495,7.27626
7.0,6.525584682497815,6.917915
6.7,6.261878157726791,6.76612
5.9,5.368579396125078,5.903669
5.9,5.367149497422332,6.0167756
5.6,5.009673235708213,5.670448
5.1,4.450402965757114,5.150096
5.2,4.5619728408931906,5.170486
4.9,4.345801121953137,4.9055495
4.9,4.488488969046749,4.921028
4.8,4.322628454955456,4.903231
5.3,4.90780724113106,5.226754
5.7,5.294829255719861,5.850684
6.2,5.889373164879963,6.285413
6.9,6.707313953362679,6.9033813
7.2,7.058213935723472,7.2767005
6.8,6.599067238030074,6.798807
6.7,6.5284717198369435,6.687754
6.6,6.193627091331145,6.524834
6.5,6.101176950822698,6.521831
6.2,5.754508500917034,6.211688
5.7,5.305901653695862,5.843225
5.8,5.287350830480847,5.564955
4.9,4.397194681188914,4.9038024
4.7,4.219405565198613,4.66475
4.2,3.591122509064256,4.221404
4.1,3.4699421448575194,4.168067
4.5,3.6464485618888034,4.414414
4.7,4.038621243318275,4.748192
5.0,4.273606263614582,4.8433356
5.0,4.294666644001495,4.842206
5.1,4.506705176462631,4.949636
5.1,4.544651189256619,4.9540195
5.2,4.557851151884151,5.0512037
6.1,5.526622296938669,6.019328
6.0,5.505342182170438,6.09455
7.1,6.752422811768454,7.1496587
7.7,7.343167101599413,7.5868816
8.5,8.153293698140448,8.380424
9.2,8.901442149580735,9.14985
9.8,9.714992654319296,9.909907
10.3,10.170184211590495,10.183444
10.3,9.984474771686145,10.119362
10.5,10.351994288733177,10.464826
10.4,10.25123973971822,10.2355995
10.6,10.384916304896187,10.291524
11.0,10.952528988699637,11.30123
11.4,11.337523955607608,11.443011
12.0,12.035696057740047,12.381005
13.1,13.256592714483133,13.307698
13.0,13.215605788717351,13.30527
13.0,13.075182645947645,12.789765
12.9,12.91744811410162,12.661855
12.0,12.033357009264986,12.009236
11.0,10.900085687740589,10.948383
11.5,11.303827478629092,11.443606
12.0,11.98709973137877,12.0002985
12.1,11.96206344469432,12.001466
12.5,12.552651048740639,12.6174755
10.6,10.319517582040838,10.588868
12.4,12.226263576283035,12.519213
11.9,11.665290887046414,11.984156
11.8,11.685188830215651,11.892638
11.2,10.920653978318544,11.045771
9.9,9.49408153120742,9.704174
9.2,8.884313283489817,9.223758
8.6,8.253987019752497,8.690702
8.1,7.801807373545934,8.052085
6.6,6.354594091610409,6.5380116
6.1,6.015040601261795,6.180557
5.8,5.643485058839133,5.856623
5.6,5.410352793968386,5.5754967
4.5,4.465829801107617,4.452899
4.2,4.072131162917415,4.2890697
2.9,2.8263689920472004,2.8463602
1.6,1.4557005193080172,1.6181022
0.4,0.006509303700383384,0.50754136
-0.4,-0.5886594422478097,-0.42014208
-0.8,-1.0111369199369804,-0.93120885
-1.4,-1.4604534618642333,-1.1943519
-1.6,-1.572611911549707,-1.598759
-1.7,-1.5705099768188617,-1.600835
-0.8,-0.4118658613574979,-0.6840152
0.8,1.7167311384254376,0.7368324
2.0,3.133050105125143,1.7186793
2.5,3.698061482350248,2.2023215
4.1,5.4014563498949,4.152501
4.4,5.551370075842357,4.31313
5.2,6.400052914975717,5.167171
4.9,5.823389375787691,4.8144813
4.4,5.257835801886728,4.4354486
3.8,4.403940908401118,3.9122095
3.7,4.351519865020087,3.6495378
3.8,4.455327621690181,3.760831
3.8,4.460696092211755,3.940556
4.1,4.781653350425472,4.318687
4.3,4.919116841251949,4.419427
4.8,5.531745918934234,4.8300395
5.0,5.627497176770852,4.701614
4.4,4.869619957578458,4.390185
4.2,4.780237107329675,4.3946157
4.3,4.723272106287155,4.5344653
4.8,5.35095959605782,4.8986216
4.8,5.448433318249087,4.750838
4.9,5.512418795872385,4.969723
5.1,5.565047482198004,5.1789904
5.4,5.770470436932314,5.3371067
5.4,5.74253781339943,5.4547367
5.7,6.180878229289199,5.836976
5.7,6.202602350717363,5.600958
5.8,6.234456756103114,5.600958
5.8,6.539721189962876,5.6672554
6.1,6.628814915516422,5.9803734
6.1,6.795874494774608,5.8216586
6.2,6.844158449713554,6.097943
6.6,7.161966284114307,6.6865683
6.7,6.9488460390321976,6.837816
7.0,7.3060221922810555,6.945748
6.0,5.9232384753668725,6.1492834
6.3,5.906521142456128,6.2566023
5.6,5.108837047013161,5.5997305
4.4,3.8450131177717637,4.4135547
3.2,2.4653052367744976,3.268362
2.0,1.2716394708973695,1.890823
0.7,0.20216474337576784,0.81398404
-0.1,-0.5158409424841679,-0.10881107
-0.9,-1.3912603557672725,-0.9124052
-1.2,-1.6296064361867266,-1.3237722
-1.0,-1.1507104527781635,-0.9502847
-0.7,-0.8013921997574158,-0.63537896
-0.7,-0.6792088516096797,-0.8628437
-0.2,-0.11371004964548348,-0.32250366
-0.1,0.14974659603190332,0.022426808
0.1,0.2778721624203584,0.11357644
0.2,0.5807917366019169,0.18117136
0.4,0.7458775589634001,0.24588153
0.3,0.7765430324679912,0.24176645
-0.1,0.28402357417540713,-0.0047264355
-0.9,-0.660702945745065,-0.6964806
-1.3,-1.2835439663083434,-1.1466315
-1.1,-0.9086632746451357,-0.8341137
-0.9,-0.8055685552538705,-0.8359493
-0.6,-0.4662506769056236,-0.5198101
-0.9,-0.6639607847363607,-0.8268702
-1.0,-1.0717357271247607,-1.0421232
-1.1,-0.9352241523077041,-0.83469194
-1.7,-1.9094856895483687,-1.6205685
-1.5,-1.518197806006306,-1.5821117
-1.6,-1.271372787113954,-1.7959806
-2.1,-2.0786106930102264,-1.9142811
-2.9,-2.690650798485912,-2.8906977
-3.3,-2.718311677199118,-3.1071835
-4.1,-3.4742835576436164,-4.24004
-3.9,-3.2990753636582895,-4.2314487
-4.2,-3.897767640675262,-4.273944
-3.6,-2.7335242630496808,-3.3830802
-3.7,-2.9343667986589708,-3.8502069
-3.6,-2.8551150359769437,-3.4200892
-3.6,-2.729144556844439,-3.3845842
-3.5,-2.729640934594748,-3.421049
-4.0,-3.415601698144684,-4.2174063
-4.1,-3.393376681265522,-3.8517053
-3.6,-2.736976745818751,-3.3877363
-3.7,-2.6927634925231843,-3.848178
-4.3,-3.244759353888405,-4.3507557
-4.8,-4.169719496722429,-4.7065063
-5.3,-4.787747664574788,-5.3526454
-5.5,-5.044025428086634,-5.3526454
-5.9,-5.651694631446105,-5.8652763
-6.2,-5.939120094877772,-5.9233575
-6.6,-6.598240912352942,-6.5034776
-7.1,-7.205069194284945,-7.55716
-7.2,-7.292207873465593,-7.5672126
-7.6,-7.738520141521491,-7.4008822
-7.8,-8.104823971319178,-7.4975424
-8.2,-8.570378643797042,-8.399651
-8.1,-8.579064190139107,-8.506993
-8.0,-8.329192267131837,-8.290742
-6.8,-6.523500776166543,-6.4310455
-5.9,-5.421394520376879,-5.9385505
-5.8,-5.3938665663133705,-5.876685
-4.7,-3.8257377864427795,-4.3500185
-4.2,-3.212087969023429,-4.3331065
-3.5,-2.322261127037855,-3.7470126
-2.9,-1.6522105634351618,-2.5954905
-3.2,-2.3364323777146083,-3.3805225
-3.6,-2.8000244557496146,-3.421049
-3.7,-2.7642652987449523,-3.8212454
-4.0,-2.99744078002081,-3.8292193
-4.3,-3.030265103193841,-4.27102
-4.7,-3.4947015624610245,-4.8818
-5.2,-4.255800039923649,-5.33836
-5.5,-4.509814997621959,-5.362614
-6.1,-5.257126249841683,-6.2384167
-6.5,-5.75109928811149,-6.42585
-6.7,-6.083015440712913,-7.3323994
-7.2,-6.578371210755023,-7.350788
-7.6,-7.318112171078624,-7.3478184
-7.9,-7.666553731754227,-8.173236
-8.3,-8.140812827826522,-8.21815
-8.2,-8.008891009470176,-8.187036
-7.6,-7.3319535392094295,-7.321724
-5.8,-5.26247731419565,-5.759239
-4.9,-4.23701508470748,-4.937432
-4.2,-3.4938237264258873,-4.364547
-3.1,-2.3231368814072013,-3.399713
-2.8,-1.9923237038094186,-2.9720967
-2.4,-1.4875080335382904,-2.4056957
-2.6,-1.6560201880720768,-2.3908687
-2.9,-2.292493103197522,-2.9743228
-3.1,-2.5427359873019526,-3.081217
-3.5,-3.033574504988273,-3.5689385
-3.7,-3.295738390395101,-3.5689385
-4.4,-4.30675128515923,-4.405295
-5.8,-5.722057417159164,-5.973302
-6.2,-6.483398933750713,-6.2201138
-6.6,-6.936576648576981,-6.934247
-6.8,-7.307638161959559,-6.93777
-7.1,-7.808896367343863,-6.963466
-7.0,-7.67808155769481,-7.0076137
-6.9,-7.65684202554673,-7.0766287
-7.1,-7.880684602383134,-7.078756
-6.8,-7.647918497929396,-7.2648807
-6.2,-6.83654818411847,-5.8931894
-5.2,-5.691265103788233,-5.2360883
-4.3,-4.674946106198689,-4.2623467
-3.8,-4.081609783414258,-3.6047935
-3.5,-3.7725416533491085,-3.4934657
-2.5,-2.488860488605745,-2.6533532
-2.8,-2.9342017088321057,-2.8797848
-2.9,-3.05949865485767,-2.886649
-3.4,-3.526787149047699,-3.1910412
-4.0,-4.319393953890511,-4.060826
-3.9,-4.140667752691108,-3.6099656
-3.5,-3.8192853537482705,-3.616107
-3.2,-3.4696541687303792,-3.2366025
-3.8,-4.290017294921462,-3.8659534
-4.0,-4.59019972911851,-3.873731
-4.2,-4.809180153775429,-4.2240505
-4.4,-5.0736283302359695,-4.2917624
-4.6,-5.286828499383333,-4.3037434
-4.5,-5.2959671359216784,-4.4725246
-4.7,-5.621618809820092,-4.98085
-4.7,-5.620743761164938,-5.010266
-4.7,-5.605671285068389,-4.4912376
-4.7,-5.6150137524896095,-4.4912376
-4.7,-5.753607790803329,-4.5531473
-4.4,-5.270399472575875,-4.488206
-3.7,-4.335940638367106,-3.534365
-2.3,-2.7137648023408474,-2.3127322
-1.0,-0.8506575653606561,-0.83434427
-0.5,-0.24754861543916462,-0.48150152
-0.2,0.08777948439431782,-0.1246142
-0.3,0.1836512206580707,-0.34458575
-0.6,-0.033340615742858404,-0.55372983
-1.8,-1.6564913509106276,-1.6105156
-2.3,-2.3785982448486465,-2.2883484
-2.7,-2.950604805660049,-2.774312
-2.9,-3.244716069446575,-2.7474208
-3.2,-3.7794471422658447,-2.9910243
-3.4,-3.9874161683418805,-3.512333
-3.8,-4.252238344459947,-3.502455
-3.5,-3.989767436413125,-3.5100608
-3.5,-4.196197008220608,-3.520134
-3.0,-3.6005399135014855,-2.9620476
-2.5,-2.999112521714963,-2.569924
-2.2,-2.5959687359123294,-2.048789
-1.8,-1.9699077209196574,-1.8328896
-1.5,-1.715580318145932,-1.5088043
-1.5,-1.721402342351297,-1.3642619
-1.3,-1.6783995995212493,-1.3465959
-0.8,-1.1243961686059762,-0.7796833
0.5,0.44576683911109427,0.5220431
2.0,2.229099177170326,2.0603583
3.0,3.3666519656043477,3.0265372
3.4,3.547660038830344,3.2785532
3.9,4.305698841246063,3.8713498
4.4,4.951203973266416,4.2673197
4.8,5.18703540668276,5.025057
5.1,5.408216590762677,5.0533504
4.9,5.114247489496677,4.8098927
3.3,4.645174135728148,3.331203
-0.6,1.157779179929193,-0.81115633
-2.0,0.10406112692557912,-2.1900196
-2.9,-1.2588865745183568,-2.940554
-4.7,-3.902571224237562,-4.7614694
-5.3,-3.7815002688594106,-4.6146183
-6.8,-5.798430405672242,-6.6305647
-7.8,-6.517726704559429,-7.6936536
-8.6,-7.331615204473181,-8.263824
-9.1,-7.968023348049158,-9.437447
-9.3,-8.419263465649422,-9.563554
-9.6,-8.918787792168878,-9.610079
-9.8,-9.169570747339506,-9.612331
-9.4,-8.825307532004864,-9.598127
-8.9,-8.46137201139041,-8.89257
-8.0,-7.350697314920929,-7.845234
-6.2,-5.427434009359757,-6.298732
-4.7,-3.807370501756779,-4.9544334
-3.6,-2.6402923021185245,-3.82358
-2.2,-1.1654261388689946,-2.2641065
-1.7,-0.6761622460936607,-1.8090028
-1.2,-0.15942335734263224,-0.99022627
-1.0,0.1553012337765125,-1.0176157
-0.9,0.2622036635810474,-1.0188043
-0.9,0.08346225111410632,-1.1340197
-1.2,-0.200859141178384,-0.99022627
-1.8,-0.9263983362689601,-1.7681918
-2.4,-1.639380156922087,-2.452222
-3.0,-2.346797180159534,-3.0386677
-3.4,-2.9592086056628943,-3.6101446
-3.8,-3.344174952546723,-3.7534828
-4.6,-4.430118170156192,-4.9476953
-5.0,-5.039770675557953,-5.009734
-5.1,-5.137610256220114,-4.9964857
-5.7,-5.832165005616261,-5.8443766
-6.3,-6.53773245722229,-6.1900682
-6.4,-6.735756072848453,-6.2285357
-6.6,-6.954830807710806,-6.800108
-6.5,-6.682062166631759,-6.743175
-5.6,-5.340478151592258,-5.4973764
-3.9,-3.113087716367538,-3.8614938
-3.2,-1.9423845060631493,-3.2971914
-2.0,-0.439033907348346,-1.9102414
-1.2,0.34624999271974843,-1.2798425
-0.6,0.8666513205664046,-0.7857371
0.2,2.037656190985956,0.1436867
0.7,2.426634508756244,0.7164339
1.2,2.855639176819487,1.2770156
0.9,2.4962605287581354,0.79369146
1.0,2.6544406202063655,0.78798103
0.8,2.3910803890640224,0.68140495
0.3,1.7365925645325078,0.0436504
0.1,1.4380563447779622,0.090846054
0.0,1.1990219515944176,-0.17719325
-0.3,0.893669796834935,-0.3821753
-0.6,0.35825423627984776,-0.89243364
-0.8,0.18933477572543467,-0.9405745
-1.0,-0.2017872428880878,-0.9971784
-0.8,-0.10792702264701859,-0.7720205
-0.6,0.1519155877382019,-0.65089303
-1.1,-0.5650198211644124,-1.1850961
-1.0,-0.6051955938595697,-0.932761
0.1,0.75131378229257,0.042791296
1.7,2.498341536816554,1.7303225
4.1,5.211583967328991,4.056314
5.8,6.851030398323566,5.86187
7.5,8.532296010390393,7.4107337
8.7,9.774889069878991,8.883734
9.9,10.803428253668137,9.966624
10.5,11.20539499776537,10.389756
10.9,11.59803728914866,10.849596
10.3,10.963979004094774,10.34662
9.6,10.18344830083219,9.391479
9.4,9.856792289641668,9.4399605
9.7,10.206100189248694,9.671139
9.4,9.647511183229025,9.454448
9.2,9.58723997886974,9.170154
9.0,9.246007165336536,8.849725
9.0,9.142458626829416,9.039156
9.1,9.34688998610612,9.1149025
8.6,8.861879136468477,8.62684
8.0,8.082713828806934,8.170712
7.9,8.011764584269756,7.815143
7.4,7.446186926646035,7.1893153
7.2,7.324664014001215,7.222217
6.7,6.8389303579554905,6.5632653
7.0,6.941455467331728,6.6806335
8.4,8.692072759801658,8.373506
8.5,8.718195179573517,8.859565
8.1,8.261793566563902,8.39092
8.9,9.058489119388806,8.904264
6.6,6.191656762363742,6.491078
9.1,9.09960416050701,9.040695
12.3,12.489803002142963,12.10948
13.1,13.372166959710594,13.120035
13.2,13.32324038643672,13.199369
12.8,12.83727039680042,12.652799
11.9,11.779138055160132,11.900748
11.2,11.081384023702569,11.098869
11.0,10.879586155604656,11.004855
10.7,10.48322751782375,10.786913
10.4,10.240954307519196,10.702159
9.6,9.228871726844407,9.364843
9.5,9.135041483810035,9.348469
10.1,9.690487588018513,10.008807
10.4,10.07076693076922,10.227482
10.6,10.3935356899716,10.520635
10.5,10.267991794659995,10.6808815
10.4,10.214275542559047,10.177541
8.8,8.65325255225655,8.771013
7.8,7.833202122141088,7.8210235
8.6,8.696908968500978,8.5059595
9.9,10.23239716029013,9.922067
11.2,11.629192081342211,11.403716
12.4,12.930280240489349,12.5200205
12.6,13.22791587237468,12.438478
12.5,13.106168397803714,12.372537
12.2,12.876745047415309,12.01897
11.9,12.57514105884161,11.801214
11.7,12.439030656857696,11.8064
11.2,11.934952926752555,11.678383
10.7,11.231346959122714,10.692665
10.3,11.004320849688426,10.382192
10.2,10.842903981492562,10.332667
9.3,9.837246833838037,9.2091055
8.2,8.719865278427505,8.066335
7.0,7.455865836665737,6.991597
5.0,5.28696865506199,5.117392
4.6,4.686226391354012,4.44961
4.1,4.097635067345038,4.1478834
3.7,3.615945484182504,3.6605608
3.1,3.049815397080863,3.2795124
2.5,2.222829519989247,2.5539548
2.3,2.001743692517131,2.2926855
2.2,1.98508849508422,2.2942781
2.1,1.9989670143658316,2.1453254
2.0,1.8676775216680852,2.0684376
2.1,2.0505098613330546,2.1644678
2.1,2.225173035855086,2.126471
2.0,2.085851808211281,1.8914418
1.6,1.733990296366791,1.639262
1.6,1.7254129188916636,1.6889066
1.6,1.6520326844624122,1.6334709
1.5,1.6506159573006798,1.3721218
1.1,1.4387793163242009,1.1776769
0.7,0.9453706194997906,0.74033403
0.2,0.5448764207915602,0.44013906
0.3,0.872995808932501,0.23483449
0.3,0.8920480607182739,0.23579411
0.1,0.49964521417040686,0.05393601
0.0,0.3835050329184426,0.007215703
-0.5,-0.1991827069240273,-0.44546944
-0.8,-0.48778280070482793,-0.79037213
-1.0,-0.7958703345508766,-0.7885366
-0.8,-0.5450456172988609,-0.6610029
-0.8,-0.6321517497181262,-0.66370755
-0.6,-0.5159067303309044,-0.48767954
-0.6,-0.6816404419337942,-0.8849942
0.0,-0.032697491567091674,-0.0047478084
0.5,0.5855393563242615,0.4105365
0.5,0.6409565200467213,0.41324115
1.0,1.2111608810568342,1.0678917
0.9,1.4763551655410794,0.79328775
0.6,1.2527411774709307,0.54155874
0.1,0.26062410504275135,0.16672632
-1.9,-0.2091402621674021,-1.612031
-3.4,-1.438435232602039,-3.2622747
-3.6,-1.8787871732805357,-3.488097
-4.7,-3.083808737239586,-4.3747377
-5.2,-4.693840975962139,-5.4905243
-6.4,-4.941287453845355,-6.0877953
-7.8,-6.321124984379814,-7.462189
-8.9,-7.194114244262273,-9.164062
-10.0,-8.327653991027553,-10.271669
-10.8,-9.182208230595386,-10.335536
-11.5,-10.338771928444409,-11.916414
-12.3,-11.439219025351953,-12.262364
-12.4,-11.660376463473632,-12.403744
-12.9,-12.133971478182545,-12.438969
-13.4,-12.60705864348234,-13.9982395
-13.6,-13.001657560225574,-14.149892
-13.4,-12.74199442266071,-14.261853
-13.0,-12.186497457668196,-12.558405
-12.3,-11.187580678160927,-12.056131
-11.2,-9.962658432801057,-12.046044
-10.5,-8.771478551931935,-10.364818
-9.5,-7.731547067706934,-9.254752
-9.3,-7.556499497817541,-9.244699
-8.5,-6.5100180033496216,-8.259554
-8.5,-6.535987952894239,-8.40637
-8.5,-6.677691773799673,-8.126933
-8.4,-6.501105668496145,-8.157874
-8.2,-6.337603143712613,-8.232822
-8.0,-6.1204601344189555,-8.19123
-8.0,-6.0713268468203125,-8.177062
-7.8,-6.023192356898747,-8.263392
-8.2,-6.16097401204496,-8.1705265
-8.6,-6.819466578231562,-8.412239
-8.7,-7.182859222320431,-8.342201
-9.5,-9.11898562859814,-9.960855
-9.8,-9.088139138408025,-9.695887
-10.2,-10.016225662930474,-10.734755
-10.4,-10.482569607934046,-10.87487
-10.4,-10.500217171690984,-11.01808
-10.0,-10.323055304716853,-10.308607
-9.3,-9.667832953850834,-9.428401
-7.9,-8.320008061692143,-8.67523
-6.7,-7.121663815696358,-6.852968
-4.9,-5.255660361911218,-5.0677257
-4.3,-5.174808705222844,-4.4632316
-4.2,-4.818093330101654,-4.3498263
-4.0,-4.595561395919809,-3.96328
-3.2,-3.7893914771780572,-3.0223243
-2.3,-2.609074760302846,-2.3904393
-1.8,-2.345770517313518,-1.892214
-1.5,-1.664540838686051,-1.3026162
-1.7,-1.7856441301873929,-1.7363472
-1.6,-1.6566816310797847,-1.6514194
-1.7,-1.7572059558342943,-1.6938993
-1.7,-1.977782732703524,-1.9789546
-2.1,-1.9712960442734797,-2.057969
-2.1,-2.2935235120559128,-2.322244
-2.0,-2.3190150505014984,-2.4038386
-1.8,-2.2558799944832373,-2.0552385
-1.8,-2.2556363642991286,-2.1030726
-1.8,-2.358236965693152,-1.9280131
-1.4,-2.057602966830707,-1.4315745
-1.3,-1.7849338754775488,-1.328143
-0.8,-1.3604247259513187,-0.7285326
0.0,-0.3913364486986808,0.05931247
0.4,-0.03436972432007934,0.412606
1.0,0.6182912253395045,1.0251756
1.7,1.4392567711601458,1.6792722
2.4,2.3187253609942644,2.3284602
2.8,2.804248984768954,3.0091083
3.5,3.489213347057806,3.5585854
3.8,3.658332284036689,3.8558247
4.4,4.260466167084552,4.4233975
4.5,4.506493881414386,4.5123386
3.5,3.2774384431036268,3.3881407
4.0,3.6695346551739547,3.9461935
3.6,3.0710488974492733,3.768745
3.1,2.277081706459768,3.1600986
3.5,2.747536618498323,3.5311387
3.7,2.913747141000499,3.7726097
3.6,2.834042985166114,3.7591326
3.7,2.552341326156906,3.798228
4.2,3.204879210356239,4.1102133
4.6,3.655858368966882,4.5018086
5.7,4.901553216345526,5.6884203
6.0,5.253085031851917,6.0194073
6.4,5.5800897398991935,6.2949467
6.7,5.892240991553656,6.6193156
6.5,5.6520897262950385,6.6193156
6.4,5.542036491349869,6.462694
6.6,5.861553791844052,6.626266
7.5,6.8310194825638035,7.5721383
7.1,6.320815966584782,7.0578804
7.2,6.446733566176377,7.0578804
7.6,7.018069536870669,7.643459
7.4,6.759246999124059,7.240725
7.8,7.105081914060037,7.757238
7.7,7.097151780675254,7.661068
7.0,6.340941668285133,7.087947
7.9,7.341942113767352,7.907338
8.0,7.435025005834532,7.91441
7.4,6.853578271751459,7.4665394
7.3,6.785094194807911,7.3520637
7.3,6.634446664624278,7.356146
7.4,6.731487746423092,7.223795
7.3,6.583598691014728,7.128018
6.8,6.203968916788973,6.8865604
6.8,6.3544856809554275,6.8878975
7.6,7.251061637842184,7.627557
8.5,8.052655353524056,8.454556
9.0,8.565291827676617,9.063321
9.1,8.709224171906627,8.978878
10.0,9.65267388672208,10.035979
10.7,10.335980515526476,10.686812
10.7,10.445154011540659,10.893821
10.9,10.72647279680923,11.189634
11.4,11.173689078669693,11.4070015
12.3,12.231711836419759,12.273007
12.3,12.22336719383793,12.173988
11.5,11.288065669065602,11.099054
9.2,8.937900558380349,9.144859
7.0,6.61993430084749,7.176847
5.9,5.300297660212237,5.8472705
6.2,5.80958563522681,6.0891914
6.0,5.542672812801868,6.04357
5.6,5.117270437173708,5.667165
5.4,4.940834566799829,5.3589735
5.2,4.686283842352935,5.1797075
5.1,4.629541559039772,5.1647496
4.7,4.454415054234509,4.958529
4.4,4.000623521421296,4.2423935
3.8,3.405661786600085,3.71902
3.5,3.0971815181669413,3.3069196
3.0,2.5631916143570592,3.1036646
2.9,2.4630894734147617,3.0041974
2.9,2.490769978884245,2.8408647
2.7,2.2067741392769378,2.8232732
2.7,2.1913698730456375,2.6426983
3.0,2.5716280925470443,3.0183048
3.7,3.3874052059855018,3.5319827
3.8,3.482450460823493,3.696554
4.3,4.098947836250687,4.343283
4.7,4.641603034165186,4.7731285
4.7,4.618472802745202,4.7543654
4.7,4.5420831456255755,4.7667484
4.4,4.165487585571022,4.440936
4.0,3.5858804636459496,4.015357
3.8,3.32323396967697,3.7963789
3.7,3.2120555413936316,3.6350255
3.7,3.0839383358124053,3.6423156
3.5,3.025582436501722,3.6168818
3.5,2.8364243481092046,3.5644963
3.2,2.566930321418347,3.2472467
3.2,2.4692396131083214,3.1450932
3.3,2.747100953759336,3.2225542
3.2,2.797263785337094,3.0521693
2.6,1.7339378114741564,2.7255452
2.1,1.2682732849359226,2.2421455
1.8,1.0930178004114453,1.8797165
1.3,0.39683697813060803,1.2144859
1.0,0.32335635105384597,1.0299658
1.1,0.8283134975176907,1.0003295
1.7,1.5278180604714535,1.5907578
2.1,1.9497946133251816,2.1069055
1.4,1.1199393436185119,1.3277646
0.6,0.23728862190906597,0.80899686
1.0,0.8286177587954384,1.1237234
1.2,1.5471378626377899,1.190841
0.6,0.7558144879340389,0.67638046
-0.2,0.08378714083109173,0.101087876
-0.2,0.0791843490055868,-0.10346488
-0.9,-0.5673466228245019,-0.7190442
-1.4,-1.3169721262911693,-1.0920157
-1.6,-1.5056493807776974,-1.6078423
-2.2,-2.218934196476475,-2.3895712
-1.9,-1.9279598982522899,-1.9756553
-2.4,-2.357998478881214,-2.419805
-2.0,-1.9176445821772248,-1.9458493
-2.0,-2.049734555452318,-1.9214402
-2.0,-1.953764519357435,-1.9338748
-1.9,-1.8151394383768675,-1.9282371
-1.8,-1.7132919282050096,-1.6131921
-1.6,-1.47748190034536,-1.5981914
-1.1,-0.9593588880995085,-0.81950086
-0.9,-0.7138398701106468,-0.81964767
-0.7,-0.5143617568317325,-0.56310695
-0.7,-0.5930087258382954,-0.6933169
-0.3,-0.18995612988767618,-0.19747762
-0.3,-0.18412133871488834,-0.3889978
0.1,0.118986091480906,-0.049469467
0.7,0.8706353663348523,0.6780586
0.9,1.1093171713952898,0.86161894
1.2,1.138372912642538,1.1060481
1.2,0.9671438993525356,1.2613087
1.5,1.7301545952456863,1.5084511
0.2,-0.7157609457419838,0.25311005
0.7,-0.18890566448904877,0.71204025
1.0,0.13865807278249065,1.0375519
1.3,0.5463090190932647,1.3863728
1.5,0.731951778066005,1.4938241
1.4,0.6471413055072048,1.4939516
1.5,0.568230971120812,1.5429271
1.4,0.7341849890184022,1.4419581
1.4,0.5436762066511065,1.3043836
1.4,0.5736941215998002,1.4429625
1.3,0.35874535700931176,1.421207
2.4,1.811670138430955,2.5306847
2.3,1.7628660459578214,2.3924336
1.8,1.1197997791838716,1.8023181
2.1,1.6386058033899076,2.0027518
2.2,1.8794801525111922,2.297784
2.2,2.1893415853901104,2.1219287
0.8,0.332903461984813,0.76964325
0.7,0.14098613006601823,0.5756883
0.4,-0.13880542631927995,0.6950721
0.5,0.08943011572818449,0.39924777
0.5,0.12756087832641327,0.45362395
-0.2,-0.5677307628682158,-0.1426821
-0.4,-0.7550848233350749,-0.47703338
-0.7,-0.9748963225823957,-0.6384736
-1.4,-1.6488944232949052,-1.2062654
-1.6,-1.584020186909619,-1.4708066
-1.8,-1.752331717598409,-1.9234855
-1.9,-2.0375533020465255,-2.244833
-2.7,-2.88871140972325,-2.893379
-3.1,-3.355485122657875,-3.207199
-3.1,-3.0796581520060755,-2.9257138
-3.6,-3.813019525706636,-3.5528314
-4.2,-4.51202239186523,-4.0774474
-4.8,-5.2058576741134885,-4.5118203
-5.3,-5.781300963177088,-5.235374
-5.5,-6.018674489077661,-5.775237
-5.8,-6.102124957573949,-5.7516737
-4.8,-4.8333166046893865,-4.5103006
-4.3,-4.317607482811411,-4.439116
-4.0,-4.059397452735212,-4.0125937
-3.9,-3.762705637601101,-3.7382727
-3.8,-4.1880324945729654,-3.8857946
-3.7,-3.767961185082143,-3.5861616
-3.4,-2.942262909236156,-3.5422928
-2.9,-3.4713137972445764,-2.7834356
-3.1,-3.382212145760697,-3.508593
-3.3,-3.512820560628306,-3.508593
-3.6,-4.016658510091233,-3.8656437
-3.7,-4.014885926049679,-3.8656437
-3.4,-3.6568817178943362,-3.5052054
-3.9,-4.42385195252745,-3.8686674
-3.6,-3.7388953005948693,-3.5928679
-3.1,-2.7414919240937863,-3.1552231
-3.0,-2.430698391474273,-3.1547432
-3.1,-2.9045854644986306,-3.1964927
-2.9,-2.6816607294714174,-2.9218905
-2.7,-2.626571432490529,-2.6228993
-2.6,-2.879775506952811,-2.8994095
-2.3,-2.2535556873713602,-2.409271
-1.7,-1.7465724410325834,-1.6169589
-1.2,-1.2693864373574044,-0.7925345
-0.2,-0.07408435473465147,-0.13922828
0.2,0.5143747167164179,0.39142153
1.0,1.1963084593270708,1.1278714
1.2,1.2145868751427074,1.1566333
1.7,1.5759870339940392,1.6051474
1.7,1.5556179462364597,1.714872
1.6,1.4358990400248786,1.5998936
1.2,0.9679423620425496,1.2426445
1.1,0.8477344085575567,1.2276636
1.2,0.9961674308720632,1.3234484
1.8,1.7503550409553128,1.790488
1.8,1.8056871234133212,1.6723102
2.1,2.3750914481947945,1.9369339
1.7,1.9286627534023282,1.4721959
1.9,2.206983133782117,1.5253854
1.7,2.1155373162883038,1.8834258
1.9,2.381915841133555,2.0210621
2.3,2.809437062544731,2.537906
2.6,2.986822325398677,2.5340724
3.0,3.210191666164974,2.970874
3.2,3.488702268584248,3.0686917
3.4,3.603709596143865,3.286858
3.9,3.8699731306004495,3.9098506
4.1,4.1102919180341,4.1516848
4.3,4.328731093407832,4.3865213
4.5,4.6083182044377295,4.564937
5.4,5.479849486473427,5.1821074
5.7,5.682448675376278,5.604197
6.0,5.9941307731692035,5.9759097
6.4,6.3245799669040395,6.3795977
6.3,6.1612617758990496,6.323106
6.3,5.980891461629625,6.2875633
5.9,5.645197400083305,5.9715085
5.2,4.83827437947518,5.246505
3.9,3.286649254705786,3.9310637
2.9,1.940805773746412,2.900671
2.8,1.9302157028995524,2.8996792
3.3,2.481953551720153,3.411527
3.0,2.293301646143945,3.034304
2.8,1.8361453382809358,2.8783834
2.4,1.414723049998294,2.4052036
2.7,1.691854931630779,2.6808374
2.8,1.8079287992565796,2.6876802
2.6,1.717212209607844,2.6506262
2.7,1.8974931838734008,2.8419633
2.7,2.0326111237783877,2.697285
2.5,1.8885218371324584,2.6159308
2.9,2.2197142794712192,2.8955114
3.0,2.4915923999194973,2.9976242
2.4,1.6803500283688138,2.3836946
2.1,1.233700179069352,1.9706725
2.0,1.2645277717644703,2.021518
1.9,1.2474640579448675,1.8740667
2.4,1.8775444324099908,2.3817456
2.4,2.0076296538048553,2.4025197
2.4,2.1536761849455104,2.473173
2.1,1.3388816425299197,1.9110553
1.8,0.8801591973971057,1.7854837
2.0,1.1218136015804419,1.8595537
2.0,1.105853851953249,1.8499649
2.1,1.1475245727355414,2.239146
1.7,0.7202922535221958,1.8054855
2.0,1.0474032470899388,1.9480236
1.6,0.5267602131455078,1.582597
1.8,0.8660773418724617,1.7983482
1.8,0.871527896343558,1.7907609
2.3,1.382719066267832,2.4207873
2.1,1.3508672761544673,1.9904858
2.0,1.066664725838244,1.8222594
2.2,1.2768569950477016,2.419841
2.3,1.550189967353191,2.3426528
3.1,2.711945201955402,3.0485523
3.2,2.358876883637521,3.1400037
3.1,2.394664686693339,3.1863267
2.7,1.8432636018682587,2.8556244
2.6,1.605242736091661,2.755635
2.4,1.3666369317579736,2.5407019
3.0,2.0394871763351716,3.146691
3.1,2.027977618695978,3.1006057
3.4,2.2505460680954457,3.41823
3.7,2.616340942750597,3.706438
3.7,2.6121429142201222,3.712081
4.0,2.9948101569478,3.990296
3.6,2.559061411564258,3.6168573
3.9,2.9899416912641144,4.0289927
4.5,3.5567225084448566,4.5155644
4.9,3.9118507979457746,4.7701383
4.6,3.6768162827107247,4.5018234
5.0,4.065715845111434,4.9070787
5.3,4.351159631648592,5.373619
5.9,5.028904915980284,5.8572707
5.6,4.704537644319771,5.497465
6.5,5.797891233400236,6.57884
6.3,5.489915607811682,6.182121
6.6,5.874286896022632,6.6001267
6.4,5.6707366055894965,6.2744904
7.7,7.1329053432311795,7.6647563
7.8,7.355046138142562,7.870529
8.5,8.150743671019221,8.33159
9.4,9.115310459557715,9.297582
8.7,8.360463270515613,8.588404
8.9,8.44349034453936,8.68538
9.2,8.75496088290889,9.183079
9.2,8.867157979048937,9.295113
9.0,8.688991701706879,8.814778
9.4,8.95934399704214,9.166966
9.7,9.668399155783352,9.967707
8.8,8.38793183039029,8.562733
8.3,7.835600668762069,8.290008
8.4,8.213820281709548,8.321571
7.8,7.342893054495811,7.826317
8.5,8.048477328394874,8.276506
9.0,8.724383119852774,8.82763
9.1,8.904587385114933,9.132495
9.2,9.068202709925494,9.212586
9.3,9.068049589826742,9.101997
9.0,8.729752363069931,8.869883
7.9,7.859111665304312,7.8234076
7.2,6.731130103134348,7.093611
7.2,6.770113784813979,7.2166176
6.8,6.480049905405018,6.8655357
7.5,7.068021884976574,7.4440036
7.6,7.08572137674286,7.53591
7.8,7.298506145332084,7.690528
8.7,8.30749314972519,8.633422
8.5,8.214743907577265,8.625394
8.4,7.906312961938436,8.120632
9.6,9.239726577881708,9.497685
8.2,7.781557860742119,8.117748
10.2,10.248425331527727,10.31603
11.3,11.316233569519106,11.374882
11.7,11.526119332860013,11.684005
11.5,11.410319836058186,11.667554
11.0,10.909675468962266,11.285706
11.1,10.945907657802998,11.283594
11.0,10.71850559437453,10.863963
10.8,10.605301120978226,10.849164
10.7,10.46686811127178,10.740807
10.3,10.09751895671527,10.233063
10.0,9.68742319650661,10.028334
9.8,9.557992153139416,9.960192
9.5,9.10110900793082,9.698759
9.8,9.591232370945484,9.917943
10.2,10.067023186973454,10.460918
11.2,11.154847340380577,11.093225
11.2,11.085426266347753,11.298426
11.5,11.46990138230235,11.398265
11.8,11.682713300970146,11.8834305
11.3,11.148850191231421,11.294705
9.6,9.389019463186468,9.863511
8.5,8.123099021880037,8.713482
8.4,7.859499099834693,8.306624
9.9,9.481755053069108,9.80252
6.9,6.238153579226918,7.011557
5.9,5.253421575893448,5.8279343
8.0,7.430411729718401,7.99371
5.7,4.892691857190272,5.7219634
6.7,6.198566017447973,6.7529197
6.1,5.4303843549041275,6.120927
6.9,6.4829142470092265,6.822132
7.2,6.913096445817729,7.1643996
6.9,6.455917585313685,6.966368
6.5,5.956415938432464,6.473088
5.7,5.174581878560339,5.5897803
5.8,5.138047119604785,5.7482677
5.6,5.008911849286783,5.5463924
5.7,5.1917545358567025,5.750326
5.3,4.7975075043640985,5.3524575
5.7,5.285128558215419,5.852613
5.8,5.239737807752078,5.8386245
5.4,4.887370321938604,5.2571373
5.4,5.036239362573582,5.3237324
5.0,4.440480743110754,5.0664287
5.0,4.468655390920375,5.0237527
5.1,4.488861149227226,4.9607434
4.8,4.238471671445701,4.8030424
4.0,3.4423877183276943,3.8634949
4.0,3.4193516646456033,3.9163024
3.9,3.267286347589973,3.8598387
3.9,3.2475609858167758,3.6589162
3.8,3.1967361782568062,3.6109393
3.5,2.9438640059489813,3.3744164
3.5,2.9498708574175723,3.3744164
3.3,2.57686221863424,3.2862792
2.9,2.2591612849978304,2.9511898
2.5,1.69328594829841,2.4238489
2.0,1.2689271715227903,1.999849
2.1,1.3059836165184322,2.0010166
2.4,1.7417960069822769,2.2687056
3.1,2.4595733287467425,3.1834707
4.4,3.92973193719299,4.4089074
5.3,5.00034137821153,5.174148
6.0,6.044476910607884,6.1914725
5.6,5.559360767154239,5.6751404
5.8,5.777945755161113,5.862446
5.9,5.761189211274299,5.862042
6.0,5.802572674369266,5.9020176
4.2,3.5650765313090815,4.0125155
5.8,5.465976633374339,5.888164
6.1,5.930793780752374,6.105434
6.0,5.725484054560731,5.9282103
5.1,4.612265504501423,4.973357
5.0,4.51334397538858,4.815656
5.0,4.671418069014905,4.8213134
5.3,5.171568553816812,5.4063315
4.5,4.135404164326388,4.5552216
4.1,3.7383995843399376,4.269857
4.2,3.761882862839805,4.2716928
4.6,4.096499954720102,4.6115065
4.6,4.219244186182394,4.529378
4.4,4.1307201508784885,4.438087
4.1,3.842682281626203,4.118466
3.9,3.506469191758505,3.9982517
3.9,3.619210769809243,4.0930567
3.9,3.5416250151730893,4.0128865
3.9,3.502495443747968,3.8802927
3.9,3.5215343268162798,3.9846327
3.6,3.2336907686341405,3.6073296
3.3,2.808716092431972,3.3228297
3.5,3.276796622731851,3.578277
3.7,3.2480884845317846,3.546324
3.5,3.049278512398274,3.5817647
2.9,2.3542489798646997,2.823457
2.5,2.1018646868833244,2.5857918
2.5,2.0806573373160333,2.5868602
2.6,2.2615139557603854,2.6388235
2.7,2.37058621067019,2.6694298
2.5,2.227055698936212,2.5796742
2.3,1.9911232292725671,2.4030664
1.7,1.3895829346993125,1.7838461
1.1,0.9030044551359637,1.1655651
0.5,0.20074051209569888,0.4469144
0.1,0.15705162245653526,0.18650347
0.5,0.4723571042801993,0.29991966
0.6,0.5715770291681821,0.6506369
-0.2,0.1728660111667395,-0.12624785
-0.2,-0.2072529617255583,-0.3721064
-0.1,-0.30983108783836855,-0.15659069
0.3,0.543274897807251,0.5913126
0.4,0.8410985529555006,0.4821931
-0.5,-0.13228983387889315,-0.4468899
-0.1,0.07022753335416354,0.007977943
-0.5,-0.3144167245804539,-0.2141915
-0.5,-0.3111942652816566,-0.5738596
-0.9,-0.7498591522014806,-0.8646829
-1.6,-1.2379018205461776,-1.6042167
-1.5,-1.334090114273728,-1.6139852
-1.5,-1.3246795229152397,-1.6130917
-0.9,-0.7291293603935927,-0.85587966
-1.9,-1.6298065957919547,-1.9176363
-3.1,-2.874622898111234,-2.929409
-3.1,-3.0392915168661645,-2.9284327
-3.2,-3.024039042047079,-3.2757432
-3.1,-2.9123481594616862,-2.9292352
-2.9,-2.6966051114199274,-2.9220119
-2.7,-2.392123026075339,-2.6108115
-2.5,-2.200948638906894,-2.6056466
-2.1,-2.05786078210987,-2.3706226
-2.5,-2.4280134270711713,-2.6161895
-2.8,-2.7459198127056794,-2.6221457
-1.3,-0.8406591851688603,-1.1873114
-0.7,0.11874488024798069,-0.79023033
-0.4,0.709765256788863,-0.40414143
0.4,1.716731219363524,0.50231475
0.8,2.189099033085128,0.85072154
1.0,2.259689983144483,0.9699642
0.9,2.0609633837623704,0.9914685
0.8,1.7955804161834834,0.70281786
-1.1,-1.8295286672439701,-1.0160515
-1.0,-1.8543644128755048,-1.024306
-1.1,-1.7809430128694075,-1.0281146
-1.5,-1.9740918729111598,-1.3867992
-1.7,-2.194169002316599,-1.7412112
-1.9,-2.2489911719435938,-2.0265515
-2.2,-2.343235279777538,-2.2809477
-2.6,-2.76986008550179,-2.6708832
-2.8,-2.813832031044896,-2.8902552
-2.7,-2.5742518079308567,-2.8656294
-2.9,-2.8067240815119163,-2.939935
-3.3,-2.9477663266345218,-3.2824247
-3.4,-3.0109394831265277,-3.2167923
-3.9,-3.7851315501301883,-3.7384799
-4.7,-4.223483225781585,-4.9193177
-4.3,-3.822482306815907,-4.335849
-4.0,-3.255156075510918,-3.8072329
-3.8,-2.716569277927661,-3.7940166
-3.4,-2.567776968354238,-3.3907096
-3.5,-2.5720521571676116,-3.363966
-3.6,-2.5557289780698653,-3.3448453
-3.6,-2.335049091686159,-3.8047135
-3.8,-2.7509675066073456,-3.8569243
-3.8,-2.895564275777488,-3.8597085
-4.4,-3.3861220461730284,-4.362608
-4.6,-3.241468696986047,-4.309438
-5.0,-3.637733151972675,-4.867915
-5.3,-3.851989557908446,-5.3414717
-6.0,-4.601261199878273,-6.1813054
-6.5,-5.477228377145536,-7.2060137
-7.0,-6.265855125503023,-7.2647133
-7.5,-6.707915968457755,-7.2647133
-7.8,-7.328168739554741,-8.11792
-8.4,-8.02263555400858,-8.113251
-8.9,-8.607700790070552,-8.962034
-9.5,-9.356414761286182,-9.932109
-9.5,-9.194150336719126,-9.970643
-9.2,-8.687064340544495,-8.967056
-7.6,-6.647251917576469,-7.87817
-6.2,-4.57604076817784,-6.7314405
-5.4,-3.3181720588997337,-5.556255
-4.6,-2.109633568457056,-4.578803
-4.1,-1.5505710517154654,-3.9494894
-3.8,-1.4638848733833214,-3.3830097
-3.7,-1.4578850635790985,-3.6766622
-3.9,-1.6345322205292163,-3.6327088
-4.3,-2.257365884389735,-4.307872
-4.6,-2.5103479938613944,-4.3516464
-4.7,-2.5994788441364918,-4.9237537
-4.7,-2.4203955349350608,-4.921208
-5.2,-2.9023034372257044,-5.6867495
-5.6,-3.1921957485567347,-5.4614415
-6.3,-4.147396345836384,-6.6818113
-6.4,-4.4175227729044195,-6.6303163
-6.6,-4.818424835984345,-6.7654753
-6.8,-4.935927111944636,-6.7018113
-6.8,-4.8383569616052995,-6.6498537
-7.2,-5.32351140875366,-7.688506
-7.5,-5.352838381877078,-7.53967
-7.6,-5.4583030061678315,-7.4626007
-7.8,-5.78133225989869,-8.333727
-7.6,-5.5959339355412325,-7.6261716
-7.3,-5.545700245063934,-7.546026
-7.2,-6.417351727132356,-7.2673063
-7.1,-6.443712722081578,-7.268054
-6.7,-6.996736668849579,-6.811674
-6.3,-6.793204024683021,-6.41623
-5.3,-5.993827047634973,-5.0195527
-3.6,-4.4554279649894895,-3.5876625
-3.0,-3.5925216578267225,-3.1649473
-2.2,-2.816099070801471,-2.2603815
-1.5,-2.2681645596314723,-1.4329793
-0.7,-1.3480770812057017,-0.56241584
-0.9,-1.789790234662469,-1.0172952
-1.2,-2.1447563927901356,-1.3120666
-1.6,-2.307116034673328,-1.7002877
-1.6,-2.3907815630913376,-1.4947432
-1.8,-2.4495451688272993,-1.8689858
-1.3,-1.6624900280315345,-1.1807278
-0.8,-1.0262695383064298,-0.7975248
-0.3,-0.4808312712005005,-0.24974465
-0.2,-0.5764593561537623,-0.24986762
-0.4,-0.7234418645139513,-0.28967986
-0.8,-1.2919414926134607,-0.7127743
-0.9,-1.4880171457736324,-0.9469112
-1.1,-1.7368313035981515,-1.2308493
-1.1,-1.6014169697464453,-1.0169308
-0.7,-1.164692450165262,-0.51217484
-0.5,-1.096603357026929,-0.47143295
-0.4,-0.9459623991348707,-0.47143295
0.0,-0.5283699572567713,-0.0270398
-0.9,-1.453118904693568,-0.8057785
-1.5,-2.468283982142708,-1.5320227
-1.5,-2.3287260968090635,-1.4969071
-1.6,-2.174991747005926,-1.5946417
-1.8,-2.1265718155228583,-1.7463732
-2.0,-2.4710888343941306,-2.0669765
-2.1,-2.2491964594153586,-2.3034554
-2.5,-2.317785276638702,-2.3720868
-2.9,-2.634171788942105,-2.95534
-3.1,-2.9380002220355763,-2.9540827
-3.4,-3.1490542168916917,-3.2860858
-3.6,-3.3930901031517564,-3.2951915
-4.2,-4.120233200210492,-3.7070775
-5.0,-5.0217233262197425,-4.9028397
-5.6,-5.985482195118102,-5.773066
-5.7,-6.122351238215835,-5.7675176
-5.9,-6.37406978080876,-5.7675176
-6.1,-6.579646541480031,-6.2123146
-5.6,-5.8889288039992,-5.770165
-4.3,-4.252258351383553,-4.5065613
-3.6,-3.5103660983210503,-3.7567616
-3.7,-3.3268825176538996,-3.530015
-3.3,-2.9248749100858333,-3.2332647
-3.1,-2.6820866799745957,-2.9164195
-2.8,-2.3941926005910332,-2.8904321
-3.0,-2.7105925998298446,-2.9336874
-3.2,-2.9491657537510747,-3.2194495
-3.1,-2.582483346051781,-3.1590593
-3.3,-2.6728101055626894,-3.4871914
-3.6,-2.9331602368332312,-3.529467
-3.6,-2.9705356138818217,-3.4966483
-4.1,-3.506595985518061,-4.288635
-4.5,-3.834947354486957,-4.6983776
-5.0,-4.564623486162468,-5.2548847
-5.1,-4.6944388300775515,-5.395044
-5.3,-4.966801746183059,-5.4428773
-5.7,-5.408207923376565,-5.4428773
-6.0,-5.840638434633448,-5.9450264
-6.6,-6.588976310194887,-6.7229
-6.9,-6.924055256308321,-6.723181
-6.9,-7.01355501109613,-6.7734065
-7.3,-7.3854704331118555,-7.4924836
-6.4,-6.464235878705992,-6.771966
-4.5,-3.7721292480187074,-4.664523
-3.7,-2.6702400974774747,-3.736545
-3.7,-2.5314994696344044,-3.7189336
-3.1,-2.112185573908242,-3.3447216
-3.0,-1.7580652554078497,-3.3003147
-2.7,-1.5206314784892712,-2.6524165
-3.1,-1.8126209786082228,-3.2995996
-3.2,-1.7540661313542998,-3.0169759
-3.4,-1.9503484680781469,-3.5240154
-3.6,-2.0321889170466676,-3.5311296
-4.1,-2.3545214707445012,-4.0387707
-4.3,-2.767590495904372,-4.081092
-4.7,-3.09783864572897,-4.4386916
-4.4,-3.149140938057272,-4.31874
-5.2,-3.94578617063744,-5.3186774
-6.0,-5.071668476770299,-6.2564383
-6.3,-5.596441224287737,-6.3196273
-6.2,-5.298277243706934,-6.326256
-6.4,-5.696026577232445,-6.323749
-6.2,-5.152317273287736,-6.2627077
-5.3,-4.362026990533728,-5.3988466
-4.9,-3.7619396229032276,-4.9080615
-4.5,-3.2245264096940502,-4.332353
-3.2,-1.5383740842937357,-3.513367
-2.6,-1.0151697126089374,-3.0513997
-2.9,-0.850885582222574,-2.8600905
-2.2,-0.46579437345270236,-2.3348541
-1.7,-0.17300418726265576,-1.8273684
-1.6,-0.9671859998252827,-1.4580256
-2.0,-1.5777134347857285,-1.9130744
-2.3,-2.0382106196485523,-2.3884337
-2.9,-2.9413310343935706,-2.8810177
-3.5,-3.465841926905121,-3.5122988
-3.6,-3.433195873402255,-3.2982254
-3.6,-3.278959040459135,-3.2868488
-3.7,-3.4588085900439793,-3.7193706
-4.1,-3.960086336053898,-3.7287304
-4.4,-4.336458994430274,-4.4396234
-4.0,-4.279712610069659,-4.274627
-3.9,-4.161217660009449,-3.8570635
-3.8,-4.22357357561058,-3.933141
-3.3,-3.736594023200034,-3.2002337
-2.5,-3.0556116921311727,-2.5893908
-2.3,-2.836012024481917,-2.2434413
-2.6,-3.346978041261174,-2.5888464
-2.0,-2.5846047082605352,-1.8490742
-2.4,-3.3027997063475567,-2.4148457
-2.3,-3.084349152222714,-2.2951891
-1.8,-2.451528153275511,-1.7656108
-1.2,-2.0954390000745065,-1.305314
-1.1,-1.6779906274420782,-1.0161171
-0.8,-1.414244593866421,-0.8071841
-0.6,-1.221546936174846,-0.6953961
-0.3,-0.7776860189965973,-0.24566019
-0.5,-1.0841572304677456,-0.40722725
-1.0,-1.6759062207533688,-0.9269289
-0.8,-1.0436881234555386,-0.70288223
-1.2,-1.6658289570993077,-0.995818
-0.9,-1.4356952877883984,-1.0032374
-1.0,-1.6711858391824777,-1.2122874
-1.2,-1.8116131877249089,-1.2311168
-1.0,-1.7215706849667143,-1.0476363
-0.9,-1.3514160409787834,-0.94450516
-0.8,-1.244322870566343,-0.89511573
-0.9,-1.3386817545702243,-0.9407825
-0.8,-1.4068669045118867,-0.98019993
-1.1,-1.6567042428450947,-0.9946484
-0.9,-1.4431276012418337,-0.69812644
-1.1,-1.8014356221102616,-0.996373
-1.2,-1.9652644093309561,-1.1761076
-0.2,-0.7117510206724091,-0.22159511
0.7,0.47025639101357797,0.80805355
0.6,0.6693881641052215,0.621008
1.4,1.6448442148229248,1.3214308
1.3,1.573503638789397,1.3174671
1.1,1.460439959519796,1.1701235
1.0,1.4722688751151907,1.1689558
0.6,0.7272314406672393,0.37978122
0.0,0.008073262115743773,0.13661851
-0.6,-0.3751089762467146,-0.51644963
-1.2,-1.0923405841994338,-1.1809115
-1.1,-1.01443337396789,-1.1794275
-0.9,-0.945908394126846,-0.9269096
-0.5,-0.3655437217068993,-0.38413838
-0.4,-0.5375576367677652,-0.44697803
-0.3,-0.37618821266826785,-0.43468598
-0.3,-0.5515042272239725,-0.3812853
-0.2,-0.5063271330690426,-0.2380029
-0.1,-0.403506019439007,-0.12425276
-0.1,-0.34237950237226755,-0.12458675
-0.5,-0.6716374854840836,-0.3858552
-0.4,-0.9525927374211776,-0.5015627
-0.1,-0.6039709424870594,-0.22647512
-0.1,-0.7281894732604428,-0.044649035
0.3,-0.37350403265045884,0.3299999
1.3,0.49867514672598645,1.4024944
1.3,0.886798120821787,1.3980415
2.0,1.253724996324486,1.9421555
2.3,1.525041040671809,2.2076716
2.7,2.044675192659682,2.7256403
1.0,0.7545663493939045,1.0913428
-0.2,-0.24438186838114007,-0.23683532
-0.3,-0.0445879339184998,-0.35876396
-0.6,-0.2359045731731726,-0.5223107
-0.9,-0.5861149838223625,-0.70105624
-1.6,-1.1233297453529403,-1.5706462
-2.2,-1.996336948154891,-2.3384774
-4.0,-3.6802894354426527,-3.7098293
-4.6,-4.338366092616496,-4.4184113
-6.1,-5.972410758842543,-6.2159977
-7.0,-6.964276299818451,-6.705745
-7.8,-7.901412167671737,-7.4848166
-8.4,-8.443180956098452,-8.318783
-8.9,-9.034052053708578,-9.127942
-9.8,-10.075143329855088,-9.981144
-10.4,-10.631602308835852,-9.981144
-10.7,-10.853489968216323,-11.026967
-10.6,-10.542618023742378,-11.001679
-9.4,-8.795162573248703,-9.916819
-8.4,-7.613406596336155,-8.700523
-8.5,-7.6863134879824315,-8.700523
-7.3,-6.300031379048896,-7.1989584
-6.7,-5.611378816195071,-7.1605473
-6.6,-5.484604707282614,-7.161699
-7.4,-6.869431059822006,-7.2552567
-7.7,-7.136270779005351,-7.248268
-7.7,-7.410733225169054,-7.274678
-8.1,-7.905900151663992,-8.170606
-7.9,-7.727428337097301,-8.153769
-7.4,-7.009972340029272,-7.259951
-7.4,-7.270411494147531,-7.3361135
-7.3,-7.1414766917713095,-7.5402484
-7.9,-8.090100594234286,-7.5422544
-7.7,-8.098936242920658,-7.538615
-7.8,-8.484677748043126,-8.047041
-7.7,-8.522247832106792,-8.064951
-7.6,-8.808707043739638,-8.0857935
-8.7,-10.078589300931014,-8.844183
-9.9,-10.380030997501038,-10.157196
-10.2,-9.394808231204614,-10.860655
-10.1,-8.976979262950294,-10.646458
-9.7,-8.482841974592276,-9.578185
-8.9,-7.43086072078399,-8.383848
-8.0,-6.693304422987474,-7.7511697
-7.6,-6.427050564793184,-7.802948
-8.1,-7.267434777625837,-7.876579
-8.3,-7.488810316284713,-7.8763466
-8.5,-7.918140016301926,-8.927115
-8.9,-8.38570094442671,-8.879338
-9.0,-8.521505801846587,-8.911332
-9.4,-9.015280054145244,-8.859745
-9.7,-9.467969726257493,-9.918617
-10.0,-10.002795452966112,-9.894053
-10.2,-10.08629783451945,-9.892295
-10.3,-10.316692713456014,-10.853465
-10.6,-10.499024946679114,-10.85224
-10.9,-10.844810093550706,-10.954411
-11.1,-11.061939471305237,-10.86771
-11.4,-11.669624787243407,-11.015575
-11.5,-11.657526896429381,-11.003767
-11.9,-12.19497733193817,-12.545419
-10.8,-10.506136998167179,-10.990103
-9.5,-8.72253293060929,-9.616817
-8.3,-7.364280116845968,-8.720926
-8.3,-7.058862912962475,-8.613853
-7.1,-5.444851703958484,-6.9145484
-6.4,-4.941134932527227,-6.899336
-5.9,-4.781619705215938,-6.2388077
-6.6,-5.679544042667189,-6.2966433
-7.6,-7.308728928246978,-7.285571
-7.8,-7.654547191281324,-7.560521
-7.4,-7.329542128837893,-7.5560746
-7.1,-6.833931779760086,-7.3323383
-6.9,-6.984583643262113,-6.773119
-6.7,-6.74522905656017,-6.777587
-6.8,-7.060733496676548,-6.6421413
-6.5,-7.099629381641037,-6.1970525
-5.8,-6.21218818197957,-6.101433
-4.4,-4.2930155740663025,-4.5189853
-4.0,-3.8751751027678054,-3.9854279
-3.7,-3.645313392992655,-3.582658
-3.9,-3.971888144296031,-3.8434231
-4.3,-4.421505458672861,-4.299029
-3.5,-3.666158010968722,-3.5261695
-2.5,-2.8057372445289275,-2.5699975
-0.7,-1.08833572808026,-0.77891594
0.6,0.40854433001390333,0.72577566
2.6,2.693748411563341,2.7466466
3.6,3.8733521738932524,3.4970264
3.8,4.144287618842078,3.6080766
3.8,4.147914749260835,3.6125445
3.9,4.118570594333903,3.787148
3.8,4.083545753014171,3.787148
3.7,3.998078813365602,3.6125445
3.4,3.8873098512186886,3.8142684
3.2,3.650540954748962,3.077619
3.2,3.619244503218603,3.0701206
3.0,3.3773512290862584,2.9732625
2.6,2.8745028436816753,2.4518888
2.0,2.0532728044719804,1.8936657
1.6,1.6733039384319852,1.6341543
1.9,1.9690577010166948,1.8955456
1.2,1.2786097889632302,1.1985509
0.9,0.7780040451301176,1.0210023
1.2,1.1673062484389263,1.1214459
1.2,1.162309981934385,1.119188
1.1,1.0619945662334729,1.1200625
1.6,1.7322624433243377,1.6392899
2.0,1.9185101102422522,1.9650842
2.4,2.5268270722928534,2.559875
4.1,4.585473146888027,3.9993167
5.5,6.24095960708766,5.3190045
7.1,7.93767355748804,7.3897552
7.8,8.59582429795217,7.8528404
8.1,8.76266413668958,8.097815
7.7,8.407596319027299,7.6844683
7.2,7.695989715446409,7.278669
6.8,7.204701301966516,6.8094788
6.1,6.451245840660171,6.0623918
6.3,6.691251363249606,6.172018
6.4,6.836472967158642,6.2123938
6.6,6.866950242717131,6.3671455
6.9,7.039076439538164,6.7124662
6.6,6.816138131228115,6.536741
5.7,5.740707519211462,5.5587454
5.0,5.3216297446096235,4.8768206
4.4,4.752034321469502,4.450613
3.3,3.8609682820659543,3.101472
2.4,2.993649503257906,2.2675686
1.9,2.39320091783987,1.8927665
1.0,1.1065855002706115,1.1311276
-0.6,-0.4597363810160786,-0.59730893
-1.1,-0.9395160513285745,-0.8334446
-2.0,-1.8983748969217729,-2.1863456
-2.9,-2.757428132157955,-2.856612
-3.5,-3.1642216722900187,-3.2694063
-3.4,-2.9044072988374126,-3.2598898
-2.9,-2.5835020461229306,-2.9128597
-2.8,-2.113581869323653,-2.8194957
-2.4,-1.54177146867071,-2.2285848
-2.1,-0.842373657246597,-1.7863367
-2.0,-0.19096204243894732,-1.6159974
-2.7,-0.8263473342925423,-2.842419
-3.6,-1.3935321368357023,-3.8231297
-18.0,-16.552516307130695,-15.943873
-17.5,-15.231162408815159,-16.045458
-17.0,-15.002677000414984,-16.24275
-16.2,-14.285649201230889,-16.066315
-15.9,-14.021994084256214,-16.002722
-15.9,-14.432248280901199,-15.884965
-16.2,-14.73206966640705,-15.703047
-16.3,-14.95532768444707,-15.829246
-16.1,-14.86381653909693,-15.8969345
-15.7,-14.511696861884083,-15.865154
-15.7,-14.34966857513134,-15.774095
-16.1,-15.289558953562405,-16.025116
-16.1,-15.145417021331,-15.845077
-16.3,-15.510814890255908,-15.763049
-15.7,-14.852480836913692,-15.693357
-15.1,-14.191672954785957,-16.136366
-14.3,-13.05765240709298,-13.63954
-13.3,-12.000802354657552,-13.733501
-12.5,-11.124164189853559,-12.164895
-11.4,-9.81391914589745,-12.185875
-11.0,-9.500221683221682,-10.548849
-10.6,-9.238466880346671,-10.479747
-10.2,-10.182257422550684,-10.0254
-9.1,-9.41062768544203,-9.508755
-7.3,-6.9055856020618975,-7.264352
-5.3,-4.237858360478363,-4.929315
-4.6,-3.515982676946564,-4.3450937
-3.6,-2.4999555986002093,-3.7668176
-3.5,-2.394852870639184,-3.3661213
-4.0,-4.281489370516205,-4.322312
-3.5,-3.1283282380774438,-3.26519
-3.5,-3.273308609604527,-3.2589767
-3.3,-3.2101494391077026,-3.1484933
-3.0,-2.8059740903353116,-2.9054246
-4.1,-4.782096292678013,-4.3245025
-4.4,-5.240409181921585,-4.4492145
-4.4,-5.39989270116012,-4.4479575
-4.4,-5.508451803496946,-4.4346476
-4.0,-4.973744776044626,-3.912338
-3.8,-4.776099410202264,-3.9113784
-3.7,-4.808401392297931,-3.5823271
-3.3,-4.355403977686777,-3.2259734
-2.9,-3.650201781495845,-2.8206255
-3.0,-3.631463368691044,-3.2086608
-4.9,-5.55899163885573,-4.972652
-5.8,-6.165397165771104,-5.8833823
-6.4,-6.419512487670353,-6.2551126
-6.9,-6.762093950741061,-6.8045106
-6.4,-6.044912974709504,-6.476802
-6.2,-5.231519263770657,-6.3188076
-6.4,-5.215624172637945,-6.2592893
-6.4,-5.142589296735963,-7.11298
-6.4,-5.093477803733656,-6.213677
-7.1,-5.911692767911305,-7.197431
-7.6,-6.603438347571185,-7.8705263
-8.4,-7.855728679455979,-8.0683155
-9.1,-8.706479972826216,-8.989338
-9.2,-8.95629149127653,-8.947547
-9.6,-9.59012578021052,-10.017274
-9.8,-9.760309369640503,-9.889882
-10.1,-9.893505117350799,-9.910408
-10.6,-10.55585574594037,-10.818143
-10.9,-10.919872888328065,-10.834908
-11.1,-11.351978216381447,-10.966812
-11.9,-12.434517195793035,-12.527748
-12.3,-12.876365021768443,-12.528878
-12.4,-12.957952181567386,-12.54147
-12.2,-12.74827630758677,-12.512069
-11.4,-11.929175177994829,-11.182025
-10.5,-10.688907596150905,-11.01459
-9.7,-9.106702947195885,-9.927731
-8.1,-7.116276477730615,-7.816823
-7.4,-5.725218682754409,-7.5851398
-6.5,-4.843318946264404,-6.742729
-5.8,-4.140904691826421,-6.0006056
-5.5,-3.7689051799320055,-5.1679463
-5.1,-3.494977668605287,-5.171405
-4.9,-3.4439767629907223,-4.8796835
-4.9,-3.851210485658278,-4.927759
-4.4,-3.349248795193901,-4.3416314
-4.8,-4.027523844114462,-4.73074
-4.9,-4.328662716368157,-4.731896
-4.7,-4.265402809591194,-4.900427
-4.3,-4.062592301701294,-4.383613
-3.9,-3.6285208904118917,-3.6592975
-3.6,-3.133483254115866,-3.6023076
-3.3,-2.8848940382529022,-3.1536598
-3.1,-2.6090496688525633,-3.122741
-2.9,-2.4492529749435334,-2.847872
-3.0,-2.56098106514807,-2.8458
-2.9,-2.545790511892662,-2.8871465
-3.0,-2.7274035839012924,-2.8987107
-2.7,-2.504470803944912,-2.596533
-0.3,0.10215227478816047,-0.12729043
1.6,2.1141760706953505,1.4162809
2.3,2.808148105084804,2.3404505
3.6,4.189831454437353,3.4162776
5.2,5.900588737686867,5.463377
5.9,6.634836486256347,5.8722453
5.3,6.2387200905811255,5.5013156
4.0,5.145685824757599,3.8892379
3.3,4.305257072687638,3.2900019
3.1,3.7635805286535273,3.1632206
2.6,3.2020911786620303,2.613176
1.1,1.9390902371077843,1.1480362
-0.2,0.8998499681554293,-0.3633967
-1.0,0.08668938457150688,-0.8765781
-1.6,-0.6693598666434255,-1.5419335
-2.2,-1.3089393854415121,-2.0603597
-2.6,-1.9636369189969187,-2.3955188
-3.1,-2.6583813857778082,-3.143699
-4.0,-3.6290234622308404,-4.2791705
-4.5,-4.164391801497516,-4.2981663
-5.1,-5.002603120697124,-4.9774475
-5.6,-5.560422015997581,-5.814382
-6.0,-5.931178261708453,-6.2568016
-5.7,-5.581179335264046,-5.9403152
-5.0,-4.5756253960123985,-5.3350906
-3.9,-2.9548850184909696,-3.7898226
-3.0,-1.7637094772269535,-3.2645547
-1.7,-0.12957978937767933,-1.5839455
-0.5,1.1517913314264803,-0.6334239
-0.1,1.671114984061063,-0.27184516
0.1,1.7747153399737812,-0.015995828
0.1,1.6799584717187557,0.20578942
-0.5,1.08982905180126,-0.4108956
-0.8,0.5403337087181086,-1.0053384
-1.5,-0.1773734120780759,-1.4951073
-2.1,-1.048960330966466,-2.0834734
-2.8,-1.3660889705680432,-2.65487
-4.0,-2.93310173147286,-3.8414164
-4.5,-3.693729937662006,-4.363022
-4.2,-3.1293149352975362,-4.3539176
-4.7,-3.707257067959347,-4.3627944
-4.9,-3.799839465714541,-4.913152
-5.1,-4.0352394579917075,-4.925052
-4.6,-3.213435900688829,-4.8554688
-3.9,-2.4894647424200613,-4.275801
-2.8,-1.2605376439391094,-2.9872744
-1.6,0.016965822489353855,-1.7787416
0.7,2.535916897781796,0.68476295
2.2,4.189182455482211,1.9552218
4.2,6.475924503586825,4.2074018
5.4,7.544371123303392,5.1010413
6.6,8.584766824872087,6.35197
6.9,8.788034643134878,6.505569
6.8,8.740230607094386,6.4795814
6.4,8.023870335698806,6.2381344
6.7,8.268800774249982,6.3868337
6.4,7.900025293198059,6.3595886
6.5,7.961935388473979,6.3595886
6.0,7.3913039125233055,6.0029593
5.6,6.769228067257934,5.492165
4.3,5.143811609885979,4.3499146
3.3,4.174292836509501,3.622716
2.9,3.825373891881071,3.2151208
2.4,3.090902010284964,2.397209
1.6,2.2800802759295493,1.5295308
1.3,1.786907945344879,1.3370333
0.8,1.3361882630263224,0.81193435
0.5,0.8523485082485678,0.4536899
0.7,1.0614609203102816,0.7106047
2.0,2.6476146001495593,2.0046387
3.2,4.150359140972256,3.3261185
4.4,5.551036980069597,4.3479123
5.3,6.397611630908614,5.2864122
6.5,7.600773204386343,6.427445
7.6,8.83245366845943,7.5690017
9.0,10.158011762255189,8.889795
9.1,10.275819507188057,9.282248
9.4,10.237931449984185,9.263183
9.1,10.131119086061588,9.095189
8.9,9.967505395540144,9.043161
8.8,9.972312625934592,9.044329
8.8,9.77070203551565,9.060546
8.6,9.537526912800729,8.671109
8.2,9.20885419755782,8.296038
7.5,8.487066046890448,7.4761086
7.1,8.069393831386243,7.2713013
6.3,7.129040896366732,6.1307745
5.4,6.31078977775919,5.690423
5.1,5.6721991839944295,5.135658
4.6,5.064979762379082,4.7722473
3.9,4.2988868844921555,3.6472943
3.7,3.93090653646167,3.4030755
4.0,4.275451950958313,3.8655417
4.6,5.108331361190601,4.928351
5.5,5.967037981844456,5.313225
6.9,7.770155107674945,6.845114
7.0,8.068009429653657,7.0510554
8.1,9.24311759966995,8.269193
8.0,9.196430114690514,8.322116
8.1,9.24943651666127,8.254251
8.2,9.277140698181292,8.409315
7.8,8.855731906778967,7.6792817
7.2,8.139550679680653,7.269613
6.7,7.665726214391626,6.9179487
6.5,7.310819310297596,6.3968143
6.5,7.289816720388181,6.400412
6.5,7.405189744134155,6.400412
6.2,7.083418170064149,5.969738
5.3,6.000321096548518,5.4335275
5.1,5.77204219327205,5.346831
4.9,5.558673512059784,4.717466
4.2,4.678557984030611,4.3209634
2.7,2.987510786357447,2.89892
2.3,2.2078941484863748,2.2414472
2.9,3.0831388808019256,3.0675437
2.9,2.9034348120573057,2.845818
4.1,4.392246515032291,4.1179347
7.2,7.8309225142255485,7.372214
7.6,8.513450873569898,7.4055367
8.7,9.83304295747574,8.889521
10.0,11.200247416759407,10.032383
10.1,10.977642569700254,9.987291
10.0,10.610163259042022,9.858631
9.3,9.462813175608602,9.329939
9.1,9.32194836734529,9.254331
8.7,8.632891142159561,8.639269
7.3,7.140844012283587,7.408341
6.6,6.276718992345202,6.6781836
6.0,5.511105683999915,5.8540864
5.5,4.9863553511364955,5.4724836
4.8,4.211085175330595,4.884359
5.8,5.398283517892978,5.7799945
5.4,4.703393737880937,5.393814
4.7,3.955472176209895,4.747099
3.7,2.897239650885858,3.7072923
3.3,2.40365385652332,3.2456257
2.9,1.9765224233372294,2.9332728
3.0,2.0666988296674447,2.9735656
3.2,2.5445491366604998,3.2372398
2.9,2.2253381531302097,2.9535735
2.6,1.8741309119860432,2.6555796
2.8,2.031624607201074,2.7627866
3.3,2.3808244066479816,3.2899792
3.2,2.108057883367465,3.1776044
3.0,2.1690974542043335,2.9190807
2.7,1.8901659385540057,2.5633595
2.4,1.564224386340861,2.3412175
2.5,1.61191705026377,2.6578777
3.0,2.319451119021096,2.9676888
2.8,2.1835236323906813,2.6861658
2.7,2.1620136488695394,2.9356432
2.7,2.154413209785588,2.645274
2.8,2.3966712161603283,2.845988
2.8,2.651305855240274,2.8480918
2.7,2.1193023249456004,2.622183
2.2,1.6842312111198936,2.0560033
1.9,1.655670830554108,2.019721
1.8,1.4379161963268743,1.7018905
1.4,1.1092805818008955,1.5744729
1.1,0.9076330768424086,0.9848525
0.5,0.03303455872844552,0.6693333
-0.3,-0.6001988638117766,-0.25293282
-0.3,-0.5780271761006617,-0.39555195
-0.4,-0.5642445828147089,-0.3319309
-0.4,-0.45350898374592674,-0.43554074
-0.9,-1.289485120571193,-0.9413658
-1.3,-1.4913766162961863,-1.2100312
-1.3,-1.7657904199990142,-1.3157115
-1.7,-2.173675042137546,-1.7410798
-1.3,-1.6152825319776696,-1.3577949
-0.9,-0.8854513095942096,-0.94656444
-0.4,-0.3565599686010401,-0.41070175
0.3,0.29166106506429657,0.21177007
0.9,0.6280761429668686,0.8859297
0.9,0.7987947604342196,0.9512427
1.0,0.7395466545818934,0.98495406
0.8,0.4702635293831179,0.81094337
0.7,0.13698071040732174,0.76818407
0.5,0.042037804292888836,0.6744725
0.4,-0.018175235229627162,0.33205253
0.4,-0.006320162738838064,0.3336785
0.7,0.3138022499333104,0.7149904
0.8,0.57318850846967,0.806317
1.1,0.7113446708629922,1.0794721
1.5,1.3404152847635586,1.6583196
1.9,1.602897771116794,1.8797078
2.3,2.033862735754674,2.4094796
2.8,2.5122228064407537,2.8244886
3.2,2.668416213874984,3.1220956
3.8,3.125017913910753,3.8397024
4.5,3.9330168891035626,4.4585986
5.3,4.755316133843159,5.1936417
5.8,5.542436078450393,6.020148
6.2,5.753825603833185,6.1042066
6.7,6.480577768365805,6.770975
7.0,6.83333131485319,6.9516063
6.9,6.658580168067331,6.9176693
6.9,6.635138188411503,6.9175844
6.9,6.584058525072564,6.8935447
6.0,5.543624368230098,5.8648815
6.5,6.019410701147464,6.529252
6.8,6.467548025790052,6.8979077
6.8,6.461137621667099,7.0237136
8.0,7.557201261126657,7.7942476
9.2,8.940425906259776,9.095843
8.7,8.528758682219411,8.726261
9.1,8.994361288427317,9.152243
8.0,7.747488590435523,8.215249
7.9,7.776888669082389,7.9450665
6.7,6.4230457644488155,6.6872363
6.7,6.399938653366057,6.692998
5.7,5.301462251250946,5.659275
3.5,2.8896728582830633,3.5682542
2.7,1.8645417470399437,2.7574315
4.3,3.5446549388401465,4.290216
4.5,3.795568367343755,4.4604344
3.4,2.628133857762208,3.2078822
3.9,2.950780844736272,3.926412
3.0,1.955884627808338,2.9456568
2.7,1.7718290854148293,2.669895
2.1,1.1625453256886473,2.187914
1.9,0.918854211233814,1.817309
2.2,1.2073127081224229,2.2611742
2.3,1.4995284015192425,2.322598
2.3,1.4714966970613972,2.3216383
2.3,1.5725975470718865,2.4241073
2.3,1.6747719906141825,2.420643
1.7,0.945387499601388,1.6483266
1.4,0.5932723673845786,1.4025038
1.3,0.9585655151102657,1.2756714
1.2,1.0166627478616448,1.1611176
0.7,0.2214059348840891,0.8116932
0.3,0.18893333585046435,0.21682693
-0.2,-0.12433827730828284,-0.35242856
-0.7,-0.5496396155816328,-0.5414053
-2.0,-1.7776948395314278,-1.9433179
-3.1,-2.842673555818692,-2.9232152
-3.8,-3.9242877302919794,-3.8636985
-4.0,-4.522008463736981,-3.9334574
-3.4,-3.9163037008711896,-3.2343266
-2.8,-3.189162448800161,-2.939373
-2.7,-3.0585372236000765,-2.6671824
-3.1,-3.632057609291053,-3.2223792
-3.3,-3.7624386221376867,-3.2223792
-3.6,-4.076001015036695,-3.4973931
-3.6,-4.192900116958995,-3.4973931
-3.1,-3.7396305239078274,-3.1273835
-3.0,-3.6999561578639373,-3.1403508
-2.3,-3.0006611549099134,-2.4125843
-2.0,-2.6209598502002294,-1.8445833
-1.8,-2.3953587859446515,-1.932717
-1.9,-2.359894908192402,-1.8193483
-1.9,-2.3910110637352133,-1.8240734
-1.9,-2.370329390391298,-1.8240734
-2.0,-2.480036732940448,-2.0105593
-2.2,-2.5760967830145063,-2.2568836
-2.3,-2.7038938612294174,-2.2685707
-2.5,-2.8045525166291725,-2.5878139
-2.5,-2.858772939411118,-2.5878139
-2.6,-2.9070215037375178,-2.4064555
-2.3,-2.6675499372628053,-2.4064555
-2.3,-2.7967121397307793,-2.2685707
-2.5,-2.9371917939992613,-2.5946937
-2.5,-2.9132837434888543,-2.5946937
-2.2,-2.5025849946040424,-2.0707183
-1.9,-2.013400017087662,-1.8412756
-1.3,-1.273365011536626,-1.2174094
-0.8,-0.827143625674374,-0.7772058
-0.3,0.009760230595034614,-0.36663508
0.0,0.39306910249813853,0.09550769
0.0,0.562893397476607,0.10803154
0.1,0.4830513887752801,0.032281112
-0.6,-0.6049746197787584,-0.65108705
-1.2,-2.044078300778189,-1.1269255
-1.0,-1.6905283758882987,-1.0935817
-1.2,-2.2567385130947955,-1.2326646
-0.9,-2.1566372158486615,-1.0608956
-0.6,-1.5978837110928907,-0.6995412
-0.5,-1.4305549143380603,-0.6291504
-0.2,-1.189684739978766,-0.19938198
0.0,-1.0626936467678973,-0.19902284
0.1,-0.8569334317766746,0.06684871
0.3,-0.5989888698661474,0.20773143
0.4,-0.3401500909530242,0.47595906
0.5,0.00027293550945728384,0.66948813
0.5,-0.16385857502818624,0.3225885
0.7,0.006873775099244028,0.7839509
1.0,0.2913962700626911,0.8812521
1.3,0.9301327273270559,1.2864212
2.0,1.7972692353701447,2.2046456
3.0,3.46801020410237,3.0842535
4.0,4.643099172354631,3.9667668
4.1,4.942968951029897,4.101059
3.9,4.511786452040646,3.8357632
3.0,3.3684554022737245,2.9825823
2.7,3.0861873292500803,2.4804626
2.3,2.7979023213210397,2.567568
1.8,2.3555688382673665,1.8711721
-0.1,2.0336698912119573,-0.1700217
-1.1,1.0712959951895868,-1.0218422
-2.3,-0.09607691422886688,-2.4172473
-3.1,-1.0352764622018853,-3.1961024
-4.0,-2.1628136025538183,-3.9269056
-4.7,-2.7886754106859684,-4.279984
-5.1,-3.5051967412620755,-5.119576
-5.4,-3.6851235319274593,-5.8321238
-5.7,-4.09803959090852,-5.9458556
-5.4,-3.7735904931943693,-5.2607775
-4.9,-3.152506306125467,-5.0422945
-4.1,-2.462564338311317,-3.9834352
-3.2,-1.1699326744943406,-3.144815
-3.6,-2.2343506294852773,-3.8090713
-2.7,-1.7991021066920183,-2.402617
-1.9,-0.787600938757322,-1.8016022
-1.0,-0.17663761242753395,-1.0123632
-0.7,-0.022618980699867564,-0.6888697
-0.1,0.6828942426839362,-0.26701128
0.5,2.281781086304427,0.24592577
0.3,2.18471208741952,0.2370639
0.2,1.965724546917805,0.01487619
0.0,1.498628960004531,0.10176069
-0.2,1.2461149869737795,-0.37096003
-0.3,0.5219855349443208,-0.1964635
0.0,0.9080283961204714,-0.16671507
-0.2,0.42404132943433837,-0.320549
-0.4,-0.16408006015529963,-0.46822503
-0.2,-0.0766112287522347,-0.00095904444
-0.1,0.06555452738930256,-0.0019186606
-0.3,-0.16965552144750973,-0.3328865
-0.4,-0.37392101373929876,-0.42818743
-0.1,0.3107059762932849,0.09373768
-0.3,0.20263584793917033,-0.11686759
-0.1,0.33016430080800774,0.015842007
0.1,0.4479059092244384,-0.003610381
0.4,0.8406095501241495,0.60429674
0.3,0.4894805234462467,0.27297953
0.0,0.022314938780873206,0.003691386
-0.9,-1.7054834145294393,-0.8006691
-1.3,-2.193499944042145,-1.2039474
-1.2,-2.088887360198285,-1.2487028
-0.3,-1.4467344412091379,-0.22870743
-0.4,-1.2519787875244646,-0.40573016
0.6,0.1867942254829913,0.7184567
0.5,0.23438171267566332,0.44964537
0.8,0.6861313733369556,0.9395526
0.6,0.2884165558957221,0.44705024
0.5,0.03409052769054455,0.3366605
0.2,-0.36174790193206263,0.22745107
-0.7,-1.235935172338344,-0.77630246
-1.1,-1.6042331744606528,-1.2230147
-1.0,-1.3431366058311696,-1.1307498
-1.3,-1.4664712814140373,-1.2171252
-2.1,-2.1178946457889296,-1.969269
-2.9,-3.0484367137938335,-2.8848038
-3.3,-3.3695982284507124,-3.1631296
-3.9,-3.885921497530113,-3.7460368
-3.6,-3.369723507500055,-3.7026367
-3.0,-2.4867427510572497,-3.1376586
-3.1,-2.7294723637140734,-2.9045434
-2.9,-3.1110772393417676,-2.9366114
-3.0,-3.1941572009452486,-2.9338171
-3.3,-3.388280723990725,-3.2229013
-3.1,-3.1459782640051586,-3.225181
-2.8,-3.075732753119013,-2.939086
-2.3,-2.5532761336241165,-2.3587618
-1.7,-1.8565659943156945,-1.6513947
-1.3,-1.2890828211685132,-1.2467955
-0.8,-0.06090561374034564,-0.8000089
-1.4,-0.584656531560249,-1.1621903
-1.8,-1.0612125020997567,-1.8166372
-2.4,-0.8759341096711708,-2.4565625
-3.1,-1.1685833588771573,-3.3643148
-3.7,-1.763926359463845,-3.8176796
-4.1,-2.0965711580666735,-3.820604
-4.6,-2.735721232618417,-4.336791
-4.8,-3.132961888188653,-4.492631
-4.9,-3.473962798942239,-4.646207
-4.6,-3.3355472914555193,-4.894999
-3.9,-2.484373572153423,-4.0293097
-3.3,-2.1420564924173746,-3.3036337
-2.3,-1.2266933929364399,-2.080321
-1.3,0.2289117841633299,-1.367081
-0.5,1.4395667559660694,-0.4451061
-1.6,-0.8517016761499221,-1.3438729
-1.7,-1.0735661605070845,-1.9978077
-1.5,-0.8682020346906896,-1.1383172
-1.2,-0.43625463645219753,-1.0306537
-1.1,-0.19107494761496469,-1.0397195
-1.0,-0.08786386006476476,-1.0397195
-1.0,-0.2046600734683537,-1.0397195
-1.0,-0.6097447330813281,-0.8591823
-0.9,-0.4447699365980142,-0.7646842
-0.6,0.2975397205903505,-0.6905571
-0.2,0.9839852845726966,-0.39726934
-0.1,0.6108408762417241,0.06632732
-0.1,0.6532714150556345,0.03309451
-0.6,-0.27219015326841145,-0.7409737
-0.4,-0.135266722436306,-0.16061069
-0.6,-0.5113543667598037,-0.5797344
-1.7,-2.5075761025230463,-1.6316926
-2.4,-3.29728606475188,-2.307051
-3.1,-4.003735456228277,-2.982164
-3.1,-4.124112955594285,-2.83218
-3.4,-4.3559134517117855,-3.251308
-3.2,-4.202408700034745,-3.2376552
-3.1,-4.04403219855736,-3.2488716
-3.3,-4.158104999122003,-3.2488716
-3.4,-4.235296056040731,-3.6107094
-3.4,-4.124773256093732,-3.238646
-3.7,-4.16390406217981,-3.708861
-3.4,-4.1097022636113465,-3.3926303
-3.4,-3.8056367483924873,-3.3774865
-2.9,-3.507946723535433,-3.1632788
-2.9,-3.481664592085508,-3.1632788
-3.0,-3.492716193246544,-3.1632788
-3.1,-3.55897269798961,-3.148135
-3.2,-3.6937046360868777,-3.3774865
-3.3,-3.6833264240886265,-3.3774865
-3.2,-3.6482570153541545,-3.1480076
-3.2,-3.630675805840383,-3.203963
-2.9,-3.420950082940699,-3.1480076
-2.9,-3.5277054083794184,-2.825143
-2.9,-3.8002924869881554,-2.834105
-2.8,-3.7322426504115427,-2.8328745
-2.5,-3.141531370086625,-2.5219083
-2.2,-2.8198328269105275,-1.9471068
-2.0,-2.703630777356416,-2.200115
-1.8,-2.5043684222107316,-1.6433797
-1.5,-1.8586052027796,-1.4329715
-1.6,-1.8438005591838191,-1.4678456
-2.6,-3.3979267232352655,-2.6707494
-2.7,-3.4920754294991525,-2.771942
-2.9,-3.746732751057934,-2.8156998
-2.2,-3.458171368032737,-2.2455387
-2.6,-3.487534221882356,-2.4857929
-2.4,-3.2713668740884287,-2.4843576
-2.5,-3.200090745595311,-2.5903232
-2.5,-2.9606284159976965,-2.6138513
-2.6,-3.3524352229139183,-2.5866945
-2.4,-3.0772039103919724,-2.487528
-2.2,-2.9323461251813256,-2.2920582
-2.1,-2.6980126210434605,-2.1912553
-1.6,-2.278998806218354,-1.6824185
-1.9,-2.6369295577056633,-1.9579344
-3.0,-3.9010546705503018,-2.822353
-4.1,-4.9295410405525075,-3.9019248
-4.8,-5.6187917407182155,-4.7173862
-5.0,-5.648093156639369,-5.0263033
-5.3,-5.863699981103942,-5.475084
-5.9,-6.57066900155084,-6.0825753
-6.8,-7.505218401918825,-6.570239
-7.3,-7.987580465312277,-6.941366
-6.1,-6.363629940340985,-6.2448745
-5.8,-5.8261295014949255,-5.730333
-6.1,-5.741797600803594,-5.926077
-5.9,-5.13745759323011,-5.765563
-6.4,-5.303936665104295,-7.0568013
-6.2,-4.755613072269476,-6.202289
-6.9,-5.268288812898611,-6.710184
-7.4,-6.068476514079656,-7.5926967
-8.3,-7.510436754419558,-8.755904
-9.1,-8.833788751489159,-8.893654
-10.1,-9.733078638746527,-9.894318
-10.7,-10.630978425946786,-10.761647
-11.3,-10.88814665049572,-10.717264
-11.5,-11.277278224393967,-12.24886
-11.8,-11.675392220556517,-12.1196575
-12.0,-11.747253310201629,-12.188884
-11.8,-11.497065930769637,-12.128498
-11.8,-11.488761414387653,-11.934224
-11.7,-11.412800545814243,-12.195308
-11.7,-11.522320689476757,-12.145945
-10.9,-10.417206039310685,-10.757085
-10.4,-10.260225399992201,-11.017581
-8.0,-7.22879019633379,-7.9902477
-8.0,-7.641266477500395,-8.223332
-6.7,-6.087147345079728,-6.368585
-6.3,-5.762722756545109,-6.3795214
-5.3,-4.4986738307650285,-4.98791
-4.3,-3.170000964543256,-4.3795586
-4.0,-3.0967496846551796,-3.8968766
-3.6,-2.588609981928215,-3.8719976
-3.7,-2.767902318239493,-3.8807778
-3.5,-2.2574734820931113,-3.845541
-3.2,-1.9402216771551366,-3.3164756
-3.3,-2.7364938097743803,-3.2077487
-4.6,-5.746277673453434,-4.600144
-3.9,-5.281997396442613,-3.9717577
-3.5,-4.835824679954236,-3.565078
-2.7,-3.863746627512704,-2.6327462
-1.6,-2.4113576186222403,-1.6927452
-0.8,-1.0825892172551903,-0.7115336
-0.4,-0.502778111504341,-0.32320023
-0.5,-0.6935840283630625,-0.663565
-0.5,-0.7740791891752323,-0.49557567
-0.2,-0.4195503805741154,-0.12289983
-0.1,-0.5258440238779301,-0.08455038
0.3,0.19279551424644126,0.33461863
0.5,0.27748798760852367,0.34260747
0.5,0.2320464716738826,0.64342
1.1,0.778994712549796,1.2363521
0.6,0.05130669151629519,0.6702716
0.4,-0.1530587917801256,0.55487114
-0.3,-0.8974199423442499,-0.24275187
-0.2,-0.8966075041737369,-0.2412788
0.2,-0.42924360915300497,0.21133192
0.8,0.1254144554909118,0.78351
0.7,0.14518311822009622,0.67351454
0.4,-0.04836042691761833,0.325282
0.4,0.09389746283335398,0.4038523
-0.7,-1.5263770978074476,-0.692082
-1.1,-1.722744312896758,-1.131408
-1.2,-1.940835974459489,-1.2852123
-1.4,-2.071688607276279,-1.3046652
-1.3,-1.9121046570414961,-1.2025198
-1.3,-1.7868709374639735,-1.1736453
-1.2,-1.617128159280803,-0.99186814
-1.3,-1.4645336529848976,-1.1710227
-1.7,-1.9946795971407738,-1.6036794
-2.0,-2.2853357865500143,-1.9129903
-2.1,-2.3655816381900294,-2.1597726
-2.0,-2.2144055893745644,-1.9481847
-2.4,-2.537263004581142,-2.3793278
-1.9,-1.757064408557845,-1.9597706
-1.4,-1.4177746565184108,-1.3319659
-1.9,-1.753268982304391,-1.9208912
-2.0,-1.8830003919639893,-2.2277358
-2.0,-1.8661705851331476,-2.195096
-2.5,-2.062357561042944,-2.563522
-3.0,-2.426899343654128,-2.8396828
-3.7,-3.009706303194349,-3.5741203
-4.4,-3.3137452789001074,-4.3389955
-5.5,-4.638819262661585,-5.3848596
-6.7,-5.623435707289929,-7.129001
-8.0,-6.987507705457233,-7.831491
-9.0,-8.020053544778335,-8.666498
-10.1,-9.156917123897045,-10.835503
-11.0,-9.909874334418653,-10.716391
-11.7,-10.719318444055517,-12.276061
-12.3,-11.409820048393755,-12.317311
-13.0,-12.245024939033513,-12.36755
-13.4,-12.831307448268646,-14.32973
-13.7,-13.519063759274253,-14.290288
-13.9,-13.702569568045035,-14.606224
-13.2,-12.764742483231785,-14.462696
-12.9,-12.173473211624703,-12.3329525
-12.5,-11.461207673548849,-12.221333
-11.6,-10.149985930829274,-11.95486
-11.1,-9.183959084546501,-11.81316
-10.0,-8.167979929645085,-10.354141
-10.8,-8.770053011845576,-10.214126
-11.1,-9.164515043868505,-11.818069
-11.5,-9.713684911216497,-11.779506
-11.3,-9.43192999292583,-11.860489
-12.0,-10.134495618454089,-11.780946
-12.7,-11.10799364836025,-11.797652
-13.1,-11.757547036538838,-12.977137
-13.7,-12.450165004027795,-12.980739
-14.3,-12.852853499574529,-12.925313
-14.6,-13.215660263112433,-12.982714
-15.1,-13.843093317955336,-15.263496
-15.5,-14.135565845581539,-15.548809
-16.4,-15.427068094999598,-15.845378
-16.5,-15.451798456311806,-15.597984
-17.0,-16.07154599086735,-16.089802
-17.2,-16.44144351854502,-16.272816
-17.2,-16.582406346093308,-16.656404
-17.0,-16.478267699546635,-16.639177
-16.4,-15.934331790867368,-16.503479
-15.5,-14.627466660298929,-15.61977
-13.6,-12.395480904811315,-13.296094
-12.3,-10.983981168864183,-12.054026
-11.2,-9.670923431878116,-12.041044
-10.4,-8.954277925669167,-10.416206
-10.4,-9.144902767786597,-10.463635
-10.0,-8.841871585576172,-10.666195
-9.6,-7.083153242355699,-10.152297
-9.7,-7.200110225113711,-10.27078
-10.5,-8.23627230876739,-10.224936
-11.2,-8.912661090747143,-11.58228
-12.2,-10.29507183419667,-11.768003
-12.4,-10.743456518431017,-11.82882
-12.3,-10.580715591102859,-12.006879
-12.2,-10.346609570440371,-12.031779
-12.0,-10.307270277677631,-12.247084
-12.4,-10.855885816713261,-12.386915
-12.3,-11.29228616502644,-12.5791
-12.6,-11.76773447275361,-12.568877
-12.6,-11.91437582656392,-12.717944
-12.6,-11.884710876880305,-12.435115
-12.3,-11.552431770205501,-12.433356
-12.3,-11.69034951257548,-12.539817
-12.3,-11.684148377300403,-12.425686
-11.5,-10.628538454197106,-12.4120245
-9.8,-8.738941130937228,-9.564237
-9.3,-8.110879225177193,-9.536594
-8.4,-7.024383838079892,-8.356279
-8.0,-6.579929208547227,-7.76645
-7.3,-5.559393444933143,-7.537631
-9.1,-7.568149147787082,-9.297209
-9.6,-8.258085815235098,-9.541501
-10.2,-8.927473167143589,-10.464053
-10.3,-9.464367458668988,-10.698586
-10.5,-9.631653139382387,-10.67492
-10.7,-9.853785449100208,-10.729208
-10.9,-10.300298793745142,-10.66917
-11.3,-11.360190597708367,-10.810293
-11.4,-11.793469970643748,-10.777155
-11.7,-11.814435706825797,-12.24335
-12.3,-12.09557986680879,-12.405787
-12.4,-12.200118711378778,-12.406918
-12.7,-12.494905667908242,-12.2885475
-12.3,-12.133844485714192,-12.312433
-11.1,-10.841393028550193,-10.814025
-8.6,-7.9648659151063725,-8.703373
-6.4,-5.3886872227855775,-6.248205
-5.5,-4.365301516186271,-5.3375177
-4.7,-3.670472998211224,-4.8893957
-4.1,-2.722397406001754,-4.031885
-4.0,-3.0018976120223115,-3.8565881
-3.3,-2.5272181217151797,-3.4110072
-3.0,-2.082533361528185,-2.9816933
-3.5,-2.662206282940069,-3.4014843
-4.0,-3.440158796039306,-4.21665
-4.6,-4.283400019317135,-4.8814936
-5.3,-4.971205407675704,-5.4725327
-5.9,-5.823945355884668,-5.927916
-6.4,-6.443436354122447,-6.244212
-6.6,-6.788359548439253,-6.7255893
-7.2,-7.377583848508863,-7.4173164
-7.2,-7.5189981964433485,-7.485019
-7.5,-7.714498641466335,-7.5153103
-7.5,-7.8467394917492115,-7.5260167
-7.8,-8.273471218027638,-7.5307283
-8.2,-8.62187217370996,-8.551636
-8.7,-9.30709011319231,-8.558636
-8.1,-8.598260723365847,-8.539254
-7.4,-7.654739849212845,-7.6198654
-5.5,-5.331570115452344,-5.558689
-3.6,-2.9563394800966236,-3.647469
-1.9,-0.8813324335474277,-1.9190242
-1.3,-0.17120962326565348,-1.0558269
-1.2,-0.08214816634222188,-0.97155553
-1.6,-0.8143485594244169,-1.776069
-1.0,-0.10591600416519498,-0.98048425
-1.1,-0.061332187303534624,-0.9851584
-1.3,-0.26821115629846304,-1.0443571
-1.8,-1.139333261832462,-1.9011204
-1.8,-1.4502433002495962,-1.7677249
-2.7,-2.500682278486849,-2.8590865
-3.0,-2.989899584044643,-2.9074981
-3.2,-3.106143705178482,-2.9460986
-3.7,-3.6466669093826667,-3.540726
-3.8,-3.825475635612534,-3.7865388
-4.2,-4.0836295495791575,-4.46531
-4.7,-4.490245843384514,-4.9751287
-5.1,-4.989798533941439,-4.9927654
-5.3,-5.026393443088928,-5.548599
-5.6,-5.260893203801373,-5.481319
-6.1,-5.929090793350248,-5.9905996
-6.2,-5.836675416989948,-5.933256
-5.7,-5.165691597494124,-5.933256
-4.5,-3.381690782642714,-4.347901
-3.1,-1.6262045709911064,-3.0083444
-1.9,-0.011804761400895813,-1.6043737
-0.1,2.294463087916583,-0.21184464
0.8,2.957569092589779,0.6668908
1.1,3.419918050910475,1.0890881
2.0,3.9200067270441536,1.9109513
2.1,3.8613508624296315,1.734009
2.2,3.6906903261669655,2.0728233
2.1,3.319495291592851,1.6991044
2.3,3.519067419904381,2.1257098
2.3,3.4316960898031823,2.6612878
1.8,2.5758645421859256,1.4684136
1.9,2.541674411139418,2.009311
1.2,1.732700160027818,1.3241355
1.2,1.6957303863373667,0.906696
0.5,1.0262379657619576,0.51973456
0.3,0.7551164188677149,0.22009684
-0.1,0.17061910975686345,-0.11843611
-0.4,-0.3016420511356799,-0.54018617
0.1,0.4041222218463929,0.0997194
-0.3,-0.027728446332972112,-0.13905452
0.0,0.3104529080665941,0.086235926
0.2,0.6814482516888845,0.4323045
0.2,0.4187664038268011,0.10583513
1.2,1.6967074053648972,1.2555095
2.2,2.854235077338899,2.3421912
4.1,4.796905118953823,4.10306
5.1,5.7523213729640545,5.1013823
6.0,6.840484347119066,5.7928457
6.8,7.474890901299993,6.9867277
4.4,4.54561746509583,4.4379306
3.9,3.782750143248009,4.0238686
4.9,4.90661521973648,4.910964
5.8,5.952682145723742,5.780348
7.5,8.08774359595984,7.555637
7.4,7.665414507527906,7.331662
6.5,6.579956511151671,6.408447
6.0,6.361884454876822,6.0189734
5.8,6.120845106624742,5.7466836
5.2,5.420165627682621,5.031983
5.2,5.559809104609997,5.3679852
5.4,5.797873284196861,5.4724803
5.8,6.329496491553961,5.8152375
6.4,6.732000134342272,6.2968893
6.5,6.949850397590829,6.592956
6.6,7.228463140159647,6.6616716
7.5,7.882543495175909,7.5587764
8.4,8.912258758906209,8.432626
9.3,9.886956855423136,9.381506
11.1,11.65381103242613,11.234296
11.7,12.155381686379314,11.477763
12.1,12.666069415147149,12.087093
12.9,13.264298045967092,12.737725
13.2,13.564513165135565,13.115762
13.0,13.30885269046842,13.124997
12.7,13.002376151330665,12.560352
12.3,12.43967065205733,12.218805
11.5,11.723678080163069,11.691309
11.1,11.329672093532814,10.973972
11.0,11.441032992101146,10.979451
10.7,10.78760041334034,10.886977
10.8,11.006977951519538,10.78094
8.7,8.892308583815613,8.810209
5.7,5.267527875178409,5.5745993
7.1,6.857730318937946,7.2965164
8.3,8.101718759830511,8.199783
8.5,8.441328936559174,8.521469
8.6,8.59538156224275,8.736451
8.7,8.735371496083225,8.650344
9.3,9.429632940448833,9.336194
9.6,9.83597614026742,9.539686
9.9,10.096195928873566,9.9628315
6.0,5.931037283620071,6.0200415
7.5,7.663539251246398,7.5459504
8.5,8.780381439076425,8.566312
7.5,7.8607414230109285,7.5067244
7.1,7.375938976921354,7.148682
7.5,7.709834879036521,7.4761405
7.8,8.11892813921142,8.088048
7.4,7.673559040808819,7.316472
7.3,7.54416256514461,7.2352605
7.4,7.825978505796421,7.3287325
7.5,7.91025516847364,7.4924116
8.2,8.629385069339552,8.189107
7.7,8.112046015229513,7.742218
6.1,6.092702009432742,6.1142054
6.1,6.135233839608105,6.185617
7.3,7.516297883259696,7.410633
7.8,8.081996154946541,8.088176
7.3,7.499263740758863,7.478352
5.6,5.812860869493953,5.6775775
3.0,2.570837887798959,2.772764
3.2,2.2957753169275534,3.245293
3.6,2.995077058674134,3.6379182
4.0,3.514634845429427,4.036738
4.5,4.150587409640053,4.507811
4.3,4.030761045772252,4.4270806
6.3,6.2678571420161475,6.3545265
3.7,3.3376410905207337,3.6115394
4.4,3.9993803418814196,4.310643
4.8,4.582596444389139,4.77555
5.0,4.888559520144021,5.157406
3.5,2.9548702652955043,3.3691332
3.5,2.8928396284176685,3.5429885
4.0,3.2798362270580554,3.9988205
5.3,4.907849800166574,5.0590777
4.3,3.8520261712417394,4.1110225
4.3,3.91263311530858,4.1194882
4.5,3.8228417760685076,4.4376616
4.4,3.697699869932073,4.295359
4.2,3.464887943889117,4.1159306
4.1,3.3654403432760063,4.015165
9.7,10.932260163015002,9.746288
12.0,13.174141753902656,11.966906
12.3,13.294514851782129,11.8677225
13.1,13.933371170306266,12.689651
14.4,15.180418635951192,14.523957
14.2,14.969702540416844,14.257824
14.4,15.065743491880227,14.263005
14.3,14.856139835174645,14.266882
13.9,14.596954773420265,14.160306
11.8,12.330995404739163,11.525238
10.1,10.80111717969453,10.024437
8.2,8.992463124835211,8.109753
5.6,6.4822893926845495,5.56932
5.1,6.239542645976037,5.2018037
4.0,5.021776305267096,3.7913742
2.9,3.7830593337345775,3.0511384
2.1,3.157580231296407,1.9910156
0.9,1.7668895206788946,1.185745
-0.3,0.5471668364070226,-0.26851693
-1.4,-0.287439764744164,-0.98913157
-1.6,-0.4235600651664626,-1.5005028
-2.2,-1.8031193671562207,-2.3679914
-3.0,-2.271079057804741,-3.0308564
-3.8,-3.3399579289414447,-3.6663167
-4.8,-3.7660116602258427,-4.928313
-5.0,-4.555687486255515,-5.4498343
-5.0,-4.1499834080863565,-5.3078866
-4.7,-4.206605936753363,-4.9080853
-4.3,-3.4906851785482402,-4.7147365
-4.2,-3.233688495083591,-3.83467
-4.0,-3.103785392668044,-3.8595698
-3.6,-2.716670330480781,-3.568756
-3.4,-2.4656385927478794,-3.4313717
-3.3,-2.3266770281339433,-3.3958666
-2.9,-2.074507315914154,-3.1201456
-3.0,-2.006072214688828,-2.9827611
-2.8,-1.4845176274492076,-2.636128
-2.5,-1.0049778419383557,-2.658781
-2.6,-1.0472873710199622,-2.6875606
-2.9,-1.6470126303764232,-3.2601106
-3.2,-2.299367239048216,-2.9900093
-3.3,-2.3991015566102476,-3.410805
-3.9,-3.056301986599017,-3.871523
-4.1,-3.329817247812713,-3.8727117
-4.4,-3.8225473365749494,-4.7645807
-4.6,-4.2609862823631985,-4.892669
-2.4,-1.2245205447691418,-2.0823898
-2.3,-0.425963469834457,-2.2805336
-2.2,-0.693927686531282,-2.4370594
-2.0,-0.5615444449562901,-2.1226566
-1.9,-0.7695791046239506,-1.8043715
-1.7,-0.8517566527124245,-1.8623561
-1.6,-1.0225651963794107,-1.5152582
-1.3,-0.529512317380707,-1.1823566
-0.8,-0.08980174929175178,-0.70270705
-0.4,0.20980370884321076,-0.3129047
-0.1,0.4183922655494854,-0.039926697
0.3,0.6768153647586885,0.39934686
0.6,0.7566015973887517,0.38365114
0.9,1.0835931674373924,0.84640473
1.3,1.2734005756418014,1.1964283
1.8,2.9336663943856607,1.834483
2.5,4.400060843804262,2.0713062
2.7,4.853545400766528,2.3449533
2.8,4.782846498613317,2.3546555
2.5,4.031470849137158,2.4068964
2.9,4.188694860128663,2.7568092
2.5,3.580926456765347,2.51199
2.6,3.775985457047639,2.7819667
2.7,3.7329358476131276,2.5004556
3.7,4.985142403193599,3.6124427
3.7,4.9965761700447615,3.61037
5.2,6.601281818233922,5.2409353
5.8,7.179915506266823,5.9704103
6.0,7.424296994323932,6.3218136
6.8,8.077033042665125,6.873109
8.3,9.538112742399203,8.382552
8.4,9.587067856228973,8.5225115
8.4,9.553224058682943,8.167601
8.3,9.307627755218483,8.117697
7.9,8.922578930732644,7.962279
7.9,8.862792689891602,7.6559143
8.3,9.201103632527513,8.165018
9.1,10.131438583535061,9.034466
9.9,11.050831828098946,10.034084
10.3,11.387917853267183,10.269463
9.6,10.428140291466157,9.420874
9.6,10.203445312904957,9.647149
9.3,9.86200533774445,9.088683
9.1,9.311684924890884,9.164553
8.6,8.778197205344902,8.732078
9.1,8.972265418940133,8.937044
9.8,9.703345705357176,9.887538
9.4,9.372813796487428,9.489136
9.7,9.698517999576083,9.650473
9.6,9.64337327547193,9.560644
9.3,9.265413732123893,9.426033
9.0,9.056444533178446,8.979469
8.8,8.592098366822515,8.680677
9.1,9.092408425788822,9.152733
10.6,11.111010587294974,10.6358185
8.9,9.089904651484972,8.881773
6.6,6.814217916805582,6.714823
5.4,5.062876495704046,5.346595
5.5,5.4177778837154165,5.569062
4.9,4.641147820968975,4.9775662
5.3,5.003774418164575,5.3594155
4.9,4.478380817111287,4.9789
5.2,4.813679121780545,5.3293467
9.9,10.021548731244902,10.102511
9.8,9.97341104952184,9.80264
10.0,10.256934649666842,9.990856
9.4,9.833303365301749,9.396455
10.5,10.672527372569878,10.436424
10.9,11.125876434239604,10.933091
10.6,10.814672533387487,10.537208
10.7,10.913962233519712,10.864679
11.0,11.396320893395522,10.849759
11.5,11.964543080928145,11.360168
10.9,11.366024068998957,11.0263
10.8,11.2757961443378,10.749413
9.2,9.361648254092504,9.101449
5.9,5.599544859514872,5.9123006
3.9,3.6252446777279133,3.8681517
3.0,2.945938609741205,3.1915107
2.0,1.6328306573446838,1.9550118
1.5,0.997030514903301,1.5575964
1.2,1.3347981104711764,1.2734098
0.6,0.8738706342477016,0.63619024
0.2,0.6404915426324393,0.17205662
0.3,0.5001564479893688,0.23287909
0.4,0.5912905104380712,0.31430238
0.4,0.600494571949092,0.22031525
0.4,0.5657684715390232,0.22031525
0.3,0.564433751814903,0.25938436
0.1,0.3941645631116941,0.036266256
-0.5,-0.3789803781528889,-0.5810603
-0.7,-0.4353011681146697,-0.6979172
-0.8,-0.7530110497916382,-1.0492228
-0.7,-0.5318327418470616,-0.871682
-0.2,0.23055049485708423,-0.08940625
0.4,1.3438248388211775,0.42027652
1.6,2.8289961412133025,1.6471928
2.8,4.551738263613565,2.6053107
3.2,5.159753394418729,3.6559684
4.2,5.827199419942744,4.3590918
4.3,6.046632179142172,4.396763
4.7,6.443406815359431,4.6852207
5.3,6.9976008420631,5.470433
5.4,6.922069219138265,5.592615
5.1,6.254147993949985,4.8904033
4.4,5.333994887101859,4.43875
4.2,4.899117212364217,4.140942
3.8,4.256385147641858,3.8462434
3.7,4.218202710001258,3.8298264
3.4,3.874669588830713,3.8119469
3.7,4.202943505169273,3.8368654
3.7,4.223195385298254,3.8539793
3.8,4.38196580048087,3.8785794
3.8,4.452993503339002,3.9507174
4.2,4.9380435691775375,4.333164
4.3,5.078384384510933,4.4299803
4.0,4.676362560097928,4.023243
4.4,5.012330828989221,4.566267
4.4,4.649250677570365,4.346917
3.7,3.7830572473574904,3.6932395
3.1,2.945225182590626,3.14362
2.9,2.7425015095697844,2.8258288
1.5,0.709622716820455,1.4828035
1.2,0.2921905323735814,1.1050411
1.0,0.14696177287385126,1.0763241
1.1,0.17591660450408853,1.1095353
1.2,0.35523616747276776,1.158737
1.1,0.024270383901878745,1.0968904
1.1,0.16938140519112466,1.0218798
1.1,-0.11781505210826992,1.022239
1.3,0.21753831564146964,1.3396933
2.1,1.0386101281407818,2.1896055
1.9,0.8814241553753206,1.9168712
2.3,1.4852974521618307,2.2000916
2.1,1.284098063613186,1.9472401
2.1,1.3952822819516584,2.2404726
1.9,1.4442706239466432,1.8619131
1.9,1.40354499005376,1.8898675
1.3,0.868512054674639,1.2524856
0.9,0.5506802196441996,0.821728
0.5,0.31165349897947436,0.7225693
0.8,0.6563835892886232,0.8073654
1.1,1.111297337714987,1.0417559
1.1,0.9688675417665564,0.99314356
1.5,1.2400335282628063,1.581897
2.1,1.8254706819315771,2.1366162
3.0,2.850293395094326,3.0858762
3.5,3.240018525317673,3.327354
7.1,7.77224716440508,7.062038
9.5,10.330261235655353,9.5162945
10.1,10.905398580984958,10.116117
9.7,10.596406962715225,9.738617
9.4,10.163462430603314,9.2169285
8.7,9.262454540422578,8.523991
8.2,8.745079073129148,8.256317
7.7,8.119775662677547,7.839517
7.2,7.886748084197066,7.448268
6.7,7.241171120926829,6.6214266
6.0,6.355737256468373,5.936692
5.2,5.4739377357353405,5.2577
4.9,5.2201062842090025,5.1944923
4.9,5.079585035700902,5.190354
4.5,4.594662813177806,4.599481
4.7,4.746953993719373,4.722629
5.4,5.628934676682007,5.431301
7.6,7.977983241101779,7.557768
9.1,9.681357273478298,9.070077
11.3,11.928658837288683,11.368908
12.2,12.812125143384378,12.209207
13.7,14.230679181420825,13.607862
13.9,14.362472559789932,13.539914
14.4,14.907419373609308,14.493499
14.7,15.046487326262465,14.539168
14.5,14.978609571739913,14.422534
14.0,14.474124623777524,14.17109
13.7,14.20654582157864,13.734661
13.2,13.541693934269066,13.431303
12.7,13.16291698640099,12.614009
12.4,12.761441179995952,12.388311
12.2,12.71578307360895,12.271634
11.9,12.52969601819915,11.789594
11.3,11.936570909153325,11.423156
10.4,11.073939839329736,10.4792795
10.0,10.577661845035784,10.18009
10.0,10.659133660503603,10.081318
10.1,10.79336122361519,10.059994
9.6,10.320499272913164,9.546329
9.4,10.057203397572824,9.549682
10.2,10.881163705391007,10.159111
11.7,12.288638562329126,11.702496
13.9,14.351863082937914,14.119422
15.8,16.075704522317512,15.694162
17.1,17.35865259786269,17.412636
18.7,18.53575561967723,18.588726
18.5,18.39442404317963,18.587147
18.9,18.768342683280068,19.060978
19.7,19.4386347161708,19.987314
19.6,19.283825486847974,19.773474
18.9,18.68215868782995,19.041939
18.1,18.12241676940573,18.185991
17.4,17.50227352247505,17.397453
17.2,17.372019744751608,17.35996
17.1,17.23241542202187,17.362429
16.2,16.28509934647605,16.121109
17.0,17.102735332793408,16.540453
15.8,15.98086079943944,15.657785
15.1,15.433197618792718,14.921144
14.3,14.588448887635256,13.94299
13.8,14.30575606996263,13.83626
13.1,13.65601208283373,13.470097
12.0,12.410689215436143,11.806274
12.1,12.533712131426181,12.720211
11.0,11.148421159831358,10.755416
5.2,4.696406814893159,5.28433
4.4,4.004086551305896,4.4843044
3.9,3.508958764869874,3.9435835
3.6,3.265931928762001,3.6588216
3.4,3.142533274712001,3.065283
3.1,3.076440809705474,3.065283
3.1,2.9848770743378665,3.0992155
2.9,2.5889145818504673,2.9110847
3.0,2.842684739139763,2.987586
3.3,3.176958810347948,3.3204584
3.5,3.263898358338558,3.5749145
3.8,3.503065313879837,3.899583
3.9,3.573578596461026,3.9058213
4.7,4.879447936720055,4.816222
5.1,5.581023503306021,5.278918
4.5,4.866825020564086,4.5784097
4.4,4.568653543144357,4.4367237
5.1,5.702348894991495,5.124934
4.4,5.190705901703751,4.5409007
4.1,4.892288145898881,4.3071346
3.8,4.122400075548121,3.8760674
3.9,4.4412341869279,3.6270745
3.9,4.627962053138724,3.615142
3.8,4.314884019401823,3.6153045
3.8,4.464587124728581,3.6153045
4.1,4.609811431817619,4.127395
4.1,4.629755234906604,4.127395
4.1,4.483418073253631,4.1447396
4.4,4.448013494907613,4.3943853
4.4,4.606076324125262,4.45721
4.6,4.747905278750892,4.704474
4.4,4.273147665218488,4.5288277
4.2,3.935714936914387,3.9788108
4.0,3.768529780259115,3.97735
4.3,4.1406212084053,4.2838044
4.4,4.3270297871000025,4.271528
4.3,4.0610202045865265,4.1340547
4.7,4.7058014114548214,4.779448
4.8,4.6224126807220856,4.9660535
4.2,3.796356204556389,4.3946443
3.8,3.1349427591445362,3.6149886
3.9,3.309233531302148,3.8688216
3.9,3.314624089657194,3.9513125
3.8,3.1170165774296024,3.6151216
4.8,4.709926552168845,4.847515
5.8,6.516736707387224,5.8368907
6.5,7.327533449360217,6.152147
5.9,6.637040760335914,5.589189
4.7,4.862280255021922,4.7800922
4.6,4.660802096260859,4.489872
5.3,5.352306811562819,5.2876005
5.4,5.305429569818294,5.2682266
5.3,5.137637286867168,5.4553447
5.5,5.474839264121826,5.4583855
5.6,5.686848370930946,5.58447
6.2,6.360100823879385,6.1511025
6.1,6.047974201805623,5.996809
6.8,7.033420121630883,6.9045353
8.1,8.610411119001114,8.370676
12.1,12.754586973246251,11.969184
14.1,14.614906600915486,13.993459
14.1,14.573226264848373,14.117757
13.4,13.966016087386464,13.806396
12.3,12.96881356497784,12.751051
11.7,12.200219495293819,11.89957
11.6,12.118067175642054,11.728009
12.2,12.563701410679965,12.226046
12.6,12.950450189314246,12.553494
12.0,12.315172948010495,12.201878
12.1,12.53319768465046,12.123584
11.6,11.96565180531881,11.51379
12.7,12.950090829963248,12.689796
14.3,14.611258456902988,14.595564
14.1,14.51145497027369,14.616887
22.2,22.08319602649037,22.456924
24.3,23.890848112520164,24.23659
24.7,24.222081406458702,24.631662
25.0,24.359440172510006,24.850294
25.0,24.290698223558756,24.718723
24.4,24.180721894622465,24.624128
21.1,21.116818980164354,21.214033
19.5,19.751024976142862,19.120438
20.2,20.426495337468392,20.166698
22.6,22.305154458504944,22.660042
20.2,20.21598901612144,20.303888
21.1,21.019698054601974,21.332514
14.3,14.465030410999361,14.255673
12.5,12.143401379234252,12.468354
11.8,11.745143415001536,11.601525
9.8,9.73521734782683,9.968019
15.4,15.653307840823562,15.241676
15.7,16.000749395733184,15.48916
16.2,16.613663311591328,16.276754
16.2,16.571645675370572,16.191006
17.6,17.8156843437004,17.412483
18.5,18.658193511188305,18.177664
18.6,18.800179850393533,18.677603
19.2,19.243074843742665,19.035576
19.1,19.159648578557228,19.047203
18.8,18.888343703251394,19.268255
18.6,18.76887121983255,18.568228
18.2,18.325758831578295,18.31754
17.3,17.55637829401722,17.500643
13.4,13.643468503116203,13.066782
12.2,12.462418048975273,12.454528
11.6,11.913349118300104,11.600157
10.5,10.773091946390618,10.63221
8.8,9.092186004762727,8.815607
7.8,8.086964342590996,7.7389355
7.6,7.862461230181822,7.6542764
6.8,6.825014808200535,6.849287
5.8,5.728095360374489,5.873478
4.7,4.594132658040088,4.6753826
4.6,4.428433469161789,4.5598826
3.6,3.0847617724070133,3.5574963
3.4,2.9678526710589495,3.3931425
3.1,2.8753342074000514,3.129279
11.7,12.352700758502053,11.744673
0.0,34.95996793973023,6.822573
10.9,11.317517061600416,11.005313
0.0,34.71076446798663,6.745093
10.4,10.365131399267153,10.43427
0.0,34.48363769702479,6.7610474
10.0,9.507232826050231,9.825988
0.0,34.007203185869095,6.685644
9.6,8.72039521950142,9.552039
0.0,33.52842487557123,6.4730773
10.0,8.527243285595297,9.898028
0.0,32.996959267108664,6.506744
10.4,8.373563075047723,10.305899
10.3,7.990157177126797,10.367082
10.5,8.211227797698399,10.489257
10.0,7.452688014773777,10.047606
11.6,9.571395064170769,11.733613
11.5,10.047042423202196,11.732654
11.2,9.72770624692729,11.134924
11.9,10.990947534862428,11.785428
13.8,12.707995153782889,13.674558
15.0,14.434466208271665,14.60872
14.1,14.000637485720702,14.397856
15.6,15.949875745487496,15.765084
21.4,21.08603950830453,21.166615
21.7,21.40514133393439,21.814125
21.8,21.407993646274754,21.77605
20.8,20.462276054761233,20.473497
6.5,6.375596332375807,6.7516713
6.5,6.242801411137592,6.546156
6.6,6.2523544533678646,6.593667
5.9,5.4475021576188425,5.9746046
6.2,5.83032557391477,6.39583
5.2,4.6875939008467,5.118532
4.9,4.227283797556289,4.7830725
4.8,4.299031141493735,4.7830725
4.7,4.099611406137747,4.7029023
4.6,4.134089736463494,4.591867
4.5,3.936454689228732,4.4553595
4.8,4.287150655613537,4.7824697
4.9,4.395285476613289,4.833266
4.6,4.245689348781518,4.5977416
4.9,4.487723614124711,4.8259053
4.6,4.109733081431166,4.5969086
4.4,4.040712349225792,4.4703207
4.2,3.787319441008883,4.215117
4.4,4.270707513664803,4.5089936
4.0,3.5515137624178976,4.0477886
4.4,4.071207946303531,4.4348354
5.8,5.637425600009209,5.9630504
6.2,6.1010987353141175,6.0532136
4.7,4.4365091252833295,4.638712
4.1,3.7409278653684837,4.019532
3.8,3.4171976389947574,3.6611438
3.4,2.9431286483456205,3.3045046
3.2,2.6809531446462103,3.0190516
3.1,2.8362203149335343,3.2961214
3.1,3.014309260622582,3.1616297
2.2,1.9182931977441058,2.1395757
1.0,0.04671100896534597,1.0691543
1.0,-0.070121828920918,0.95929
0.8,-0.15663912041542716,0.83139515
0.4,-0.6576017238987859,0.35782272
0.2,-0.9967096994615616,0.1810136
0.7,-0.01836363328730073,0.66477776
1.8,1.8536139622451913,1.841308
2.2,2.669657695798506,2.412277
2.9,3.232064884977703,3.0141003
3.3,3.8209467016407004,3.2543547
4.8,5.6736216287274885,4.7597394
5.2,6.363744678656246,5.202926
3.7,4.073023102190454,3.882989
3.4,3.3260584182298274,3.4446108
2.8,2.9312312620103853,2.9004638
2.7,2.6282551579323865,2.604009
2.8,2.7831649670575516,2.7430627
2.5,2.4162132504474485,2.467378
2.9,2.8597481726252383,2.765444
3.1,2.953238136012928,3.009401
3.4,3.5418044612092316,3.5319657
3.1,3.3583470030009863,3.0104234
3.3,3.853092445117298,3.2930512
3.4,4.200497810577957,3.3889022
3.3,4.19094567967182,3.3972006
4.0,4.832153461366502,4.235546
4.5,5.462000993477659,4.4684854
4.8,5.640750026856402,4.74297
4.8,5.543132884709941,4.979678
6.1,6.886741329357733,6.0536184
7.1,8.155581294460006,6.9822755
8.8,9.899016937645786,8.974674
10.5,11.435577180513395,10.360985
12.9,13.658067241588558,12.891696
13.5,14.310798788374733,13.517292
14.6,15.067188412604317,14.392708
15.1,15.712327281632572,15.169083
16.0,16.461286342004446,15.864959
15.1,15.625937819062834,14.879657
13.8,14.405682679020064,13.625758
13.5,14.273688411549095,13.460908
13.1,13.774896138720692,13.036257
13.0,13.78104318764791,13.036765
12.7,13.20639030634289,12.702404
12.0,12.2915167249907,11.937831
10.4,10.613709782163316,10.445663
9.4,9.581852538677317,9.261516
8.7,8.863804331125817,8.794215
8.6,8.823702043300155,8.538705
7.3,7.862907891386143,7.457553
3.5,2.860092792058161,3.5525887
2.9,2.2790815234120956,2.915951
3.0,2.5356726218125587,2.9975917
2.8,2.877175357990204,2.907438
2.2,1.7854865477681798,2.3099778
2.4,2.1262502781918258,2.4275134
1.9,1.6913393302706083,2.1918812
1.6,1.367775585200441,1.6673758
1.8,1.5866043893412254,1.8866763
1.8,1.6271841958293507,1.7958843
1.5,1.159342247687313,1.5868187
1.6,1.2972016526971544,1.5832849
1.4,1.193200752084934,1.5823253
1.5,1.1569455257516736,1.5742335
1.5,1.1666480344042398,1.4698929
1.9,1.4705420309143946,1.7973799
2.1,1.8069820284821674,2.004845
2.6,2.2298504070457597,2.6401389
3.1,2.869194116829071,3.0552938
3.9,3.964401285657395,3.8900602
4.2,4.227482799283891,4.269329
4.5,4.672215724020212,4.4365864
4.4,4.668472944579477,4.439471
4.3,4.439934445554094,4.35747
4.5,4.849204541519072,4.3925877
4.6,5.001477654654465,4.4907627
5.3,6.077238795785355,5.2823873
5.7,6.459349119707973,5.5908484
5.8,6.5219844441512365,5.6989985
6.4,7.0518326575196895,6.3773327
8.2,8.786308913725637,8.215189
8.7,9.35564202342129,8.900534
8.1,8.413490606592948,8.420414
8.5,8.782710710713097,8.5883875
7.5,7.425857421126743,7.4765067
8.0,7.832220148851555,7.9918323
8.8,8.77732966195471,8.695348
8.8,8.561925754281056,8.66903
7.0,6.96080248863565,6.8846993
6.7,6.907316856761334,6.8152037
6.3,6.717522606803975,6.3607793
5.8,5.943967560885419,5.5973644
5.4,5.81773850523485,5.452572
4.9,5.255776500990251,4.8868227
4.1,4.293856345067006,4.153232
3.7,4.148116637511826,3.5459583
3.2,3.723660365329252,3.1079664
3.1,3.7084299271264243,3.0014687
3.0,3.4881572487683314,3.0929499
3.2,3.623993950759605,3.0992863
2.5,3.0409972154915863,2.275342
2.4,2.993438865975115,2.2726376
2.3,2.8800939552417475,2.2669096
3.4,4.0312672856117615,3.8326871
3.9,4.6604136272079515,3.9833436
5.3,6.039112796943023,5.283535
7.5,8.30884107056707,7.469392
8.9,9.843529585196261,8.987776
9.5,10.756103559837534,9.432442
10.0,11.411439853663019,9.904666
9.8,11.324325453760725,9.744681
9.2,10.645338172607229,9.47956
8.7,10.03969742010105,8.889344
8.2,9.410144205786626,8.332814
7.7,8.812127995496546,7.7873764
4.0,3.7267149196690923,3.9779732
3.9,3.622623989946355,3.9644449
3.8,3.6223435608970505,3.9644449
3.8,3.5292654623319777,3.8158116
3.9,3.5232053374122216,3.8208
4.3,4.113615995101156,4.525876
3.8,3.519573247244729,3.8086295
3.8,3.89546750145805,3.8654387
3.4,2.98043085529158,3.5392878
4.4,4.647765580558897,4.3267465
5.6,5.973954602946833,5.438956
4.9,4.931311934661906,4.998427
4.4,3.9017026183300842,4.446914
4.4,4.023650417858761,4.4774547
4.2,4.283949183722932,4.2682757
3.8,3.527428993580642,3.7937932
3.9,3.6375258100666343,3.810331
3.6,3.4107294450383634,3.6382222
3.8,3.6569008929122333,3.702809
3.5,3.410998224477588,3.4333985
3.5,3.3169453246589455,3.2528582
3.5,3.4309807351465764,3.4708202
3.5,3.2745754752318987,3.3754256
3.4,3.1815688579373926,3.2134984
3.1,3.247244781048785,3.2663403
3.5,3.52808323722455,3.6002169
3.5,3.353649030557982,3.4709475
3.8,3.5519160756476893,3.6989937
3.6,3.819530488314406,3.4879832
3.8,4.2081671131861,3.8351839
3.9,4.378590270078014,4.164561
4.2,4.497587834741232,4.0262556
4.3,4.6620959518735745,4.2400017
4.5,4.661599898588264,4.5702786
3.7,3.223485985663231,3.8986742
3.6,3.251524758660473,3.4798892
4.0,3.537101442355201,3.9654777
4.2,3.6604390598256487,4.2053313
5.1,4.8544888059806865,5.2690525
4.0,3.3782637801306663,3.925098
4.1,3.5160990500852947,3.9939415
4.0,3.529637871274339,4.0874352
4.6,4.250918300861493,4.5629134
4.7,4.652615383981356,4.974291
4.9,5.06499500389117,4.971699
5.2,5.339266956420204,5.0866365
6.0,6.527913502009362,5.9334426
7.3,7.969642589115232,7.5747848
8.3,8.956598120953803,8.415745
9.7,10.438853693916762,9.579571
10.1,10.569797074953442,10.157714
9.8,10.4108157038734,10.053721
9.8,10.389453653852428,10.037225
9.8,10.211984181107958,9.613234
9.9,10.246723824580105,9.743973
10.6,11.04103032441268,10.858481
10.2,10.43652990674667,9.914991
11.1,11.554075521634093,11.40118
11.8,12.172343381122658,11.5566
12.3,12.534613249967709,11.928496
12.5,12.696893136742837,12.71446
12.8,13.03942462516525,12.697166
13.0,13.234200218007956,12.939769
13.2,13.353676237342274,12.999677
12.8,13.066098595483822,12.987576
12.6,12.741342309378403,12.5355215
12.0,12.115624108772103,11.857006
10.0,9.960081893374632,9.721095
10.8,10.755241765959688,10.694745
10.0,9.969534415197437,10.002592
10.1,10.146746686339998,9.858019
9.3,9.269137278213538,9.33324
9.6,9.957835538586334,9.64354
9.0,8.877787615626534,8.94182
10.8,10.76440273066174,10.543281
11.8,12.016357843344185,11.816454
11.3,11.546417033036814,11.300116
9.4,9.207948691465152,9.426008
9.0,8.89267012087787,8.922852
8.6,8.179037756072166,8.586013
10.9,10.946609560165612,10.726105
9.0,8.853084615619252,9.03813
12.0,12.05654109863773,12.232341
15.2,15.459052395156782,15.296877
19.2,19.446121024869406,19.13991
23.7,23.341355223545257,23.677547
25.0,24.1605306279286,24.751554
25.5,24.581970768705823,25.518236
25.9,24.742578806017754,25.766174
25.3,24.486722485841195,25.098309
24.7,23.80903599697827,24.775118
24.3,23.577095111612984,24.187288
23.6,23.037563643165186,23.760088
22.9,22.251718849005126,22.735664
22.3,21.848079366742695,22.164095
21.6,21.264602551000237,21.657703
21.1,20.657013583664646,20.76317
20.8,20.48733209939626,20.786688
20.1,19.93777175012343,20.05269
19.1,18.92073873534236,19.046764
18.5,18.381987775287744,18.528112
18.7,18.696338038918558,18.561874
18.5,18.41511734005695,18.447206
18.7,18.662071410459454,18.578533
19.7,19.643117898024144,19.869093
18.3,18.28223014124115,17.97182
19.8,19.836674325494634,19.886295
20.0,20.085866667020518,20.122473
20.3,20.38859384927841,20.295639
19.8,19.9494216912954,19.88434
9.0,8.718905950240998,8.977219
6.1,5.539002790925842,6.120625
5.8,5.123615539573969,5.7207017
5.7,5.028624958203352,5.532518
5.7,5.161902024139344,5.5917163
5.5,5.066772326681026,5.421437
5.2,4.831343641425121,5.261708
5.2,4.6180834799306965,5.261708
5.3,4.601613206214232,5.2615457
5.3,4.644503236214192,5.261835
5.4,4.775329717507411,5.3939624
5.7,5.120837157360839,5.5892944
5.8,5.2442126747587,5.7914014
6.3,5.8107093273709935,6.3079343
7.0,6.616769892402537,7.1623125
8.0,7.608476399576887,7.8282924
11.2,11.141191336978679,11.108867
17.6,18.081974193098315,17.682484
18.5,18.93162533344836,18.431929
19.2,19.704358747188895,19.104294
20.7,21.299764101955407,20.772402
23.0,23.18441151539373,23.084654
23.5,23.779098471345954,23.51579
18.1,18.638890122579667,18.12431
8.6,8.597749765665466,8.656089
6.3,5.843476169452913,6.3183317
6.6,6.187456840402682,6.6264005
13.9,14.071505610118908,13.93408
12.6,12.925430596447768,12.618835
10.9,11.093510019953811,11.031444
9.5,9.759725554156987,9.571503
8.5,8.597820259047872,8.518454
7.9,8.021440805791325,7.815535
6.6,6.50433627004432,6.4077463
6.4,6.2223281814720295,6.6880956
3.7,3.2371611971555723,3.7622855
3.6,3.032719583698018,3.5493972
3.5,3.2688273777300125,3.4062762
3.5,3.23224493213948,3.4070792
5.7,5.525517722197542,5.6676526
5.9,5.714736942421055,6.127338
6.3,7.0224003882547095,6.163991
5.5,6.587472625897199,5.631803
5.4,6.135689455467798,5.5527215
5.2,5.633049171028041,5.2413826
4.7,4.432953471256383,4.9040356
4.5,4.125581315508988,4.561534
4.7,4.229694414955738,4.5814347
4.8,4.476338055984456,4.9039645
4.8,4.605617573595026,4.903837
5.1,4.976948629739589,5.257544
4.9,4.502651081345789,4.903871
5.0,4.8445920908052,5.148327
4.9,4.817189756228849,5.001874
4.9,4.913190512199606,4.7693596
5.2,5.872187835469326,5.2318916
5.8,6.413876833928171,5.685658
5.7,6.822585616890748,5.8432117
5.9,7.019271821856385,5.7805896
6.2,7.3426176712874565,6.0945854
6.4,7.485293635924876,6.6260138
7.0,8.666247472370792,6.811504
7.4,8.947890136384853,7.4558024
7.3,8.834972616430232,7.2337766
7.2,8.685982754947155,7.1822386
6.7,7.761837988859369,6.681727
6.4,7.413624107487905,6.6337557
6.4,7.316453428303305,6.500217
6.6,7.367815958686755,6.5584145
6.8,7.524118575504815,6.602714
7.0,7.800622804129517,7.0187206
7.2,7.908571251645029,7.078825
4.6,4.08127046050339,4.457666
4.2,3.644599172641037,4.2044783
2.9,2.5550584170255632,2.9791644
2.1,1.6795723926463282,2.2427847
2.4,2.0490412558033384,2.386031
2.3,2.1339032523161947,2.2874227
2.0,2.2073536778888823,2.0492647
1.9,2.139805455045682,2.0535574
1.6,1.7213685065205624,1.7339308
1.6,1.6986164928362015,1.6379008
1.5,1.4990170217816186,1.4419599
1.3,1.4973395482228966,1.5379899
1.4,1.4974239144780626,1.5337917
1.3,1.371383712806022,1.2049198
1.4,1.485681456383162,1.5318537
1.2,1.3125527528626364,1.170646
0.9,0.8883248938699495,0.7701475
1.1,1.255742417384603,0.8504446
0.8,1.5959490883947112,0.77757585
0.6,1.3270487209469266,0.5205047
0.1,0.9483782585500578,0.39613864
-0.6,-0.20251303686062982,-0.69441324
-0.6,-0.1286608658728312,-0.7023225
0.0,0.5687827222032666,0.017029544
0.3,1.1450447659035063,0.57074827
1.7,2.972067661527845,1.5827289
1.7,3.6988209763443933,1.6002994
1.1,1.7398581356309748,1.3109746
0.7,1.2753316296406823,0.77618134
0.8,1.4343442774742101,0.77370226
0.9,1.4254893199700263,0.90747195
1.4,1.6737461613223275,1.2785313
1.7,2.0498183629750315,1.5037051
1.8,2.2077177618217476,1.5578164
2.1,2.310589310249476,1.8581641
2.4,2.8687315271424296,2.2262752
2.4,2.6480247067797507,2.2265043
2.9,3.207350185708229,2.9541466
3.6,3.8024606249360957,3.3114834
3.7,4.248401985273709,3.4737294
3.8,4.329851521219361,3.8536406
3.5,4.189440826720265,3.3674016
3.5,4.605902539921502,3.597057
3.5,4.635837550540181,3.5980167
3.7,4.846701067993763,3.5871258
3.8,4.552793878082809,3.7606864
4.1,4.909700304805362,4.12766
4.9,5.572253135629573,4.7034416
5.4,6.048449419160754,5.633914
5.7,6.188450594556947,5.3692575
5.4,5.678615463895582,5.326312
5.5,5.9254925458880265,5.4400887
5.8,6.037595107264764,5.750043
5.4,5.618486476565742,5.43005
5.3,5.298634802584182,5.1242256
5.3,5.251980385509029,5.450267
5.0,4.985398955051885,5.0045223
5.0,4.5863808218352915,5.147493
4.3,3.75743854608681,4.356116
3.9,3.2859384417640953,3.8793004
4.1,3.4942519710889925,4.107664
4.2,3.4219201883447,4.250587
4.4,3.477060507809064,4.341348
4.4,3.6051142045395963,4.506949
4.2,3.3989086336830425,4.3290963
4.4,3.6389525657505857,4.4701834
4.2,3.323128610909606,4.202856
4.2,3.444146646957563,4.3290963
4.2,3.4310761575816784,4.3290963
4.1,3.3245785336426295,4.097475
4.1,3.33740727964733,4.092175
4.2,3.457979424913333,4.1844068
4.0,3.2425162724508496,4.091088
4.0,3.3107145327979666,4.013719
3.9,3.2116782715511576,3.971832
3.9,3.2174732294731854,3.859835
4.2,3.5426742380723937,4.0192666
4.1,3.4222634410656454,4.0133834
4.3,3.6900956114315875,4.1146173
4.1,3.5604127128872562,4.155485
4.3,3.661571519174622,4.109694
4.5,3.9028402031739517,4.4840693
4.7,4.113607107560334,4.8390393
4.9,4.192210238062437,4.8061466
4.7,3.9832806329673645,4.7699986
5.0,4.360771886125455,5.0478573
4.9,4.299417057806579,4.900338
4.9,4.305665464830277,4.900338
4.9,4.180742145252495,4.807234
4.8,4.067803738251108,4.771425
4.8,4.172306544046116,4.84409
4.5,3.7994371361218313,4.483237
4.9,4.2631461186866915,4.822191
4.8,3.9899932024938423,4.8391666
5.4,4.682393832884195,5.385178
4.9,4.2698373352457395,4.8832445
5.1,4.449929589178311,5.0381813
5.3,4.708704324381095,5.040963
5.4,4.971564135037092,5.33165
6.1,5.623369014706675,5.913723
6.3,6.109232245679216,6.3716526
6.5,6.32668936838958,6.515521
7.0,7.000378160420738,6.870759
7.7,8.756072832191318,7.5903535
7.9,9.073183508801097,7.92676
7.6,8.628735979111156,7.5330157
8.0,9.096525967617282,8.028769
8.2,8.999300641313454,8.136795
8.4,9.21122027239355,7.9472365
8.6,9.130366376270228,8.438353
8.2,8.88661740785098,7.8872795
7.7,8.430398265236562,7.851987
7.2,7.991631716414837,7.407692
6.8,7.45242774786891,6.548049
6.9,7.517910788736586,7.0215216
6.5,6.874433116337762,6.125545
6.8,7.198169943837769,6.7101555
7.4,7.905906353007108,7.4807243
9.6,10.139159795584163,9.353748
7.4,7.256476212034805,7.5028944
8.1,7.960122754915119,8.027971
8.5,8.451123108839731,8.644353
9.4,9.651767508605044,9.322224
9.7,9.999527018182789,9.749493
9.3,9.655968395443242,9.140109
10.3,10.831288638216833,10.24048
11.4,11.956554507825423,11.083841
10.6,10.999001744631844,10.745446
10.6,11.218114383010988,10.818244
11.3,11.885615575243659,11.406809
11.7,12.280916146601228,11.702295
11.7,11.976629213405865,11.739833
10.6,10.67887680500208,10.787945
10.9,10.900650856374344,10.919025
13.2,13.651811593067848,12.80297
13.3,13.694686585666187,13.309622
13.0,13.427734202790841,12.726389
12.4,12.825949350147347,12.689975
11.6,11.848717112845396,11.714754
11.7,12.0866452335977,11.645815
12.0,12.525146165645907,12.317425
12.2,12.65099346689038,12.379938
13.1,13.476853912945305,13.470589
14.3,14.66812278417762,14.111406
15.9,16.020773895099975,16.028772
16.5,16.53365053747017,16.280293
16.1,16.30134312429497,16.092365
15.3,15.554612769828783,15.464147
16.3,16.481082218290236,16.211666
16.5,16.59104636847793,16.497694
16.2,16.417498532657323,16.39157
17.5,17.483538233995784,17.10611
16.0,16.09990595001967,15.9222
15.4,15.615181437312241,15.235673
15.4,15.631749660055508,15.239316
13.8,14.070569247190633,13.6486845
15.8,16.003997541750586,15.938614
15.5,15.712550292122796,15.316765
14.4,14.630928314019535,14.466143
9.7,9.55777127765727,9.702376
12.8,12.89116888550291,12.703181
16.8,16.824636842956227,16.542946
16.0,16.080600416005634,15.688076
15.6,15.632100918946822,15.794328
15.5,15.687803875489635,15.42505
16.0,16.22489087948827,15.707669
16.9,16.915146059217868,16.453857
16.9,16.964438081389957,16.36158
17.2,17.367400459663564,17.596243
17.5,17.576598547575575,17.901686
17.6,17.440149415164893,17.672552
18.1,18.026085029015224,17.98117
18.3,18.232745169238793,18.536148
18.4,18.219730798346703,18.033232
18.0,17.834507787098076,18.182524
16.8,16.773820314617986,16.538025
16.3,16.502105406898544,16.544443
15.7,16.01329977710076,15.852319
14.5,14.848981424771605,14.38555
13.5,14.013297593915254,13.877002
12.7,13.187296853048512,12.519865
10.4,9.914756196303962,10.630913
11.1,10.69004403779648,10.890048
10.3,9.810016379023597,10.099415
10.0,9.719470694136248,10.095798
9.4,8.903416438254684,9.419566
9.7,9.423084708328503,9.850183
9.0,8.59735507924577,8.934239
9.0,8.727523515304945,8.933051
8.4,7.9781594379736305,8.455653
8.1,7.584560851516521,8.17602
8.6,8.198171223966757,8.50649
9.3,9.14190655106363,9.368474
8.7,8.435325791501441,8.592588
8.9,8.510236902473391,8.677717
8.9,8.482376701525986,8.993619
9.0,8.958505097375529,9.034823
9.6,9.354714853380194,9.757961
10.5,10.414366673695142,10.452684
10.2,10.112914635654352,10.243071
12.7,12.914831547922223,12.666286
12.6,12.827421213409536,12.673672
13.2,13.472698305831724,13.092647
12.2,12.292196719589299,12.093607
11.6,11.82020460961251,11.921494
13.6,13.914301790431022,13.872258
14.1,14.397168794925822,13.891601
14.5,14.74280273228598,14.698512
16.6,16.835523882160597,16.517818
16.2,16.45254065767604,16.213259
14.9,14.968226641479728,14.862756
14.9,15.034726671919845,15.210104
15.1,15.25008020853084,15.251444
12.7,12.705640195047256,12.782957
11.2,11.106766520474224,10.802631
10.5,10.415243935992198,10.556592
10.6,10.499254755750478,10.64983
10.7,10.795973965192328,10.689428
11.6,11.65370117105364,11.680804
12.0,12.071625450872894,12.067215
12.8,12.85396304121797,12.687431
13.1,13.262292683352218,13.299914
13.4,13.449868926766332,13.35547
13.6,13.709217843442797,13.374226
13.6,13.58424634827223,13.2934885
13.3,13.355149397293467,13.178439
13.0,13.121546078903428,12.679044
12.3,12.425401473514153,12.203334
12.1,12.181707063566822,12.205026
11.7,11.754413084403758,11.895356
11.7,11.662512720427952,11.724528
11.4,11.39944709153448,11.358609
10.9,10.779167627009496,10.922145
10.6,10.662661222827005,10.523274
10.6,10.848812894848233,10.749311
10.8,10.911607520092549,10.670584
10.7,10.817717240888754,10.670584
11.7,12.027026628807914,11.603019
11.4,11.840197739580592,11.532453
11.1,11.214406117935372,10.98073
11.7,12.068647233529656,11.84244
14.0,14.087658633718902,13.666318
12.6,12.69476849567054,12.799198
12.0,11.929533968268384,12.221922
22.2,21.796096769120876,22.237585
22.3,21.84239153657812,22.507456
22.5,22.13294992256515,22.260801
22.7,22.30859142158353,22.627258
22.3,21.934001383706775,22.249609
22.2,21.666844342455637,22.08011
20.9,20.375248917832256,20.721596
19.8,19.473039614880875,19.641209
10.3,9.957206956670667,10.260822
10.5,10.054299704435241,10.681905
10.8,10.515482749183093,10.66209
11.0,10.720091339319762,11.284015
10.7,10.292638207522195,10.493186
10.7,10.373637244030519,10.845732
13.0,12.959497058979284,13.013281
15.4,15.170022137573724,15.462857
17.1,17.004495796359496,17.145164
18.3,18.048749730188963,18.107355
18.0,17.883273529917872,17.991272
18.3,18.263301175392655,18.44683
19.0,18.921710899997223,19.02168
18.4,18.4014714328212,18.20591
21.7,21.48228558038511,21.71122
22.1,21.780667883487183,22.118782
18.5,18.44999012034294,18.416864
13.5,13.430655943113159,13.580698
13.6,13.528533526382414,13.676495
14.1,13.984907613099349,13.923605
13.3,13.156705415979285,13.55246
13.6,13.507176476613115,13.675224
17.2,17.178189782771224,17.256756
13.6,13.534599140316725,13.664593
12.0,11.602089941253976,11.911873
16.4,16.380340395202133,16.583366
14.9,14.820535414124553,14.796964
20.2,19.721624369873997,19.979265
19.8,19.459479625947143,19.63372
14.0,13.881755476871724,14.147264
13.6,13.486420750221242,13.574956
16.8,16.65861333089191,16.779163
17.0,16.859740068185648,17.230011
17.8,17.658266600336354,17.910551
13.0,12.870661256178227,13.084951
12.7,12.453420108433303,12.618424
11.7,11.355883801331807,11.753567
10.6,10.23315829753988,10.520842
9.3,8.865601763448105,9.2821
9.2,8.737100660080678,8.9223995
9.1,8.805006208743691,9.130941
8.9,8.560938255579998,8.78289
8.4,8.021013000310209,8.609448
8.1,7.693426816927293,8.096639
8.5,8.182572490352552,8.5094795
9.0,8.944958661733764,9.071697
9.4,9.308628126093101,9.476767
9.3,9.004349519281575,9.1469145
9.4,9.20646403391082,9.349191
9.7,9.595037772833088,9.856674
9.3,9.149660006037493,9.564962
9.3,9.110791644142257,9.4502
9.0,8.82865751999078,9.126395
8.4,7.936846841798918,8.502045
8.3,7.879178993686843,8.098009
8.4,7.947537736380863,8.08877
8.7,8.348972689271022,8.736519
9.0,8.697882402430992,8.9577265
9.1,8.876629508271364,9.146395
9.0,8.855381893643397,9.008719
8.3,7.966867241784474,8.0887985
7.9,7.589615728061986,7.967259
7.6,7.002592721189785,7.567006
7.4,7.183387210180761,7.2587996
8.2,7.85149233939066,8.308404
8.7,8.39562737449814,8.601608
9.1,8.861069510028624,9.419488
8.8,8.317896604589034,8.633797
8.8,8.37806000105467,8.6919985
8.6,8.028392968181329,8.572337
8.3,7.80981099445561,8.500199
7.8,7.362008773132089,7.759449
7.8,7.42444335204123,7.9615426
7.9,7.326255128688558,7.5425406
7.7,7.184206043193662,7.4693775
7.9,7.445266630366966,7.8926163
8.2,7.808399791466414,8.075044
7.8,7.454831717018152,7.896726
7.8,7.413503873756746,7.7313185
7.5,7.080613653789797,7.5460076
7.9,7.789066953850558,7.9391055
7.1,6.631433338231467,6.980516
7.1,6.752868798028835,7.131842
7.8,7.525489088405472,7.8575892
8.0,7.763557641367967,7.9100537
8.1,7.885879363262703,8.208826
8.1,7.888161368673025,8.013061
7.8,7.5628445552735,7.641273
7.6,7.289242064801897,7.569423
7.8,7.527076759330278,7.640313
7.8,7.62736270996578,7.743355
7.9,7.782004145858146,7.7174664
8.1,8.189575217907493,8.390803
8.0,8.050705884298193,8.397124
8.2,8.119647851186155,8.390931
8.1,8.067451816603118,8.026622
7.6,7.455781687380366,7.714521
7.6,7.323995589374327,7.5584536
7.4,7.050799777636158,7.400859
7.1,6.578017822927933,7.134341
6.9,6.321744614141046,7.210665
7.6,7.097889449049319,7.6373053
7.4,6.890048018948249,7.539781
7.6,7.03100551464258,7.462994
8.9,8.392822426616345,8.737301
8.5,7.980979022304229,8.285447
8.9,8.442130931991734,9.041477
10.5,10.295325521736252,10.337083
12.1,12.084877016134506,11.930879
12.8,12.782896676363439,12.739936
13.4,13.429273989255435,13.041298
13.5,13.589640619827506,13.460732
12.5,12.654360144891417,12.581537
12.4,12.390990318736513,12.463526
12.9,13.051509585872669,12.618099
12.7,12.947868451499232,13.167386
13.0,13.056797931881697,13.071648
13.4,13.400492030795988,13.408246
15.0,15.113510413707115,14.885383
13.5,13.512814857956268,13.582216
13.5,13.47367634647733,13.2439995
14.1,14.20229657673432,14.353557
13.3,13.309114743092962,12.9619255
13.8,13.960041390793634,13.544303
14.3,14.392334942223215,14.423639
14.7,14.893643268877792,14.8534975
15.7,15.801111453066284,15.672777
17.9,17.868864991205033,17.700228
20.2,19.99835344892223,20.33126
21.2,20.724256659518588,21.262722
23.2,22.517270461796254,23.127895
24.6,23.961747846370265,24.683401
25.5,24.746961464578032,25.550114
27.1,26.135463257849636,26.926115
28.0,26.867480766210193,27.75916
28.5,27.402576169543703,28.507309
28.1,27.144936385722055,27.945982
27.4,26.53371809310076,27.245157
26.9,26.21813627305098,26.939156
26.0,25.519951605704765,25.922852
25.4,25.00493564800719,25.245481
25.0,24.821302135590784,25.054579
25.2,25.091327392198174,25.331547
24.9,24.593496148582183,24.784971
24.6,24.47691015495692,24.636408
24.6,24.572068579580158,24.715963
24.6,24.51420116606522,24.615065
24.1,24.068935094671033,23.880072
23.7,23.51550128462247,23.634817
24.0,23.779000475867498,24.057901
24.4,23.85944349945944,24.637579
24.1,23.520550609585296,24.264055
24.1,23.498485301138853,24.027643
22.0,21.63835193440837,21.887018
19.9,19.55117620959016,19.815586
19.7,19.27238225711082,19.843918
18.9,18.670541722223415,19.275738
18.5,18.131114167276852,18.38394
18.1,17.95070674904358,18.169605
14.2,14.128481414140403,14.19485
13.3,13.295592967465094,12.9601345
11.7,11.51652824269338,11.491184
10.6,10.320520677270338,10.761413
10.3,10.01000435011979,10.085432
10.7,10.518897316308816,10.859414
11.5,11.288924982418433,11.421092
12.8,12.764613278645133,13.166035
12.7,12.74467083547188,13.165113
8.8,8.290467527731849,8.992097
8.3,7.86751832351495,8.316079
8.0,7.527478048297468,7.8740945
7.4,6.779271295711482,7.3533163
8.1,7.687788173377655,8.276282
8.3,8.038726490116009,8.34868
8.3,7.918460814033498,8.294485
9.0,8.714150427823864,9.0037775
8.9,8.60072038456574,8.954001
9.3,8.929422283931153,9.272097
10.1,9.857813877520869,10.084832
10.2,10.005701131353987,10.108191
10.0,9.966103639381224,10.204883
11.1,11.362277051675221,11.198946
11.6,11.617589527921204,11.442496
11.2,11.174091511931998,11.149312
12.2,12.166064888753272,11.988902
11.5,11.48076662198162,11.34172
12.6,12.647819399518852,12.588386
12.2,12.310325639093794,12.0424185
12.8,12.903128165730788,12.757197
11.8,12.041834446406696,11.88922
11.3,11.18918393982052,11.33481
10.9,11.062219199148299,10.835582
10.5,10.068144408969065,10.51389
10.8,10.717552621628958,10.869934
10.5,10.20827410059848,10.439092
10.1,10.164156406434898,10.040823
10.2,10.18662005403947,10.040823
11.2,11.228624595932803,11.296168
14.4,14.510101089827291,14.451154
17.4,17.815905994982117,17.332062
18.9,19.361581071776964,18.842031
20.6,20.96937817873782,20.447025
20.9,21.499393259709517,20.834156
21.6,21.7796797483031,21.628405
20.3,20.558246661267432,20.324606
18.7,18.845993416626552,18.653324
18.1,18.26752209079509,17.979298
17.9,18.014979634861298,17.914637
17.3,17.48996724828977,17.457325
17.1,17.174684785211827,16.95975
17.1,17.12685608763768,16.995543
16.7,16.749195335103508,16.805044
16.4,16.58802462845893,16.296236
16.0,16.01734319540054,15.896603
15.5,15.343353023442337,15.415362
14.8,14.669642042526672,14.810754
14.4,14.368219669645416,14.545877
9.3,8.816806326069415,9.184374
8.2,7.587331261820665,8.219501
7.6,6.940338747136707,7.561569
7.4,7.080656564295843,7.4696627
7.4,6.953831727802957,7.487
7.2,6.718826057108068,7.187664
7.5,7.053864575199498,7.46907
7.7,7.369529863455128,7.8433123
8.0,7.700695315243486,7.8769507
8.2,7.8142760022915,8.279138
8.3,8.000585583574356,8.299024
8.3,8.127636600084632,8.338866
8.7,8.503244485119453,8.660063
8.8,8.637268604655159,8.740071
8.6,8.421246523716068,8.577348
8.2,7.842526546524013,8.193561
8.1,7.868172301326162,7.9114857
7.9,7.6107130341459595,7.894566
7.9,7.682499050174357,7.9198265
8.1,7.814118874719888,8.089175
8.5,8.490701934827033,8.61747
8.8,8.5956594391238,8.806008
8.5,8.30241577133707,8.516784
8.1,7.8191885665539544,8.186928
8.0,7.589510130123642,7.8806725
7.7,7.2343344790732615,7.811701
7.7,7.1430429811570875,7.70336
7.9,7.358529486913412,7.779389
7.9,7.474717437289478,7.966645
8.0,7.633386751344204,7.958179
7.8,7.418390333316495,7.890827
7.1,6.727365387951849,7.2737527
7.2,6.722749503094711,7.1181097
6.1,5.529161913726462,6.1177874
6.1,5.539756623312762,6.0492697
5.9,5.186146890757314,5.9498096
6.1,5.518782512517305,6.051446
6.8,6.252275208375039,6.746252
7.8,7.450181881990197,7.5657883
8.0,7.813135729598429,7.863143
8.1,7.900865926131164,7.9533534
8.2,7.985042004603681,8.340506
8.3,8.17137871111289,8.270158
8.2,8.033177185996522,8.205632
8.0,7.822842490692878,8.174454
8.3,7.997676167020231,8.238979
8.1,7.883428316112067,8.174297
8.1,7.864292465866058,8.28171
7.8,7.50950614322565,7.8104463
7.7,7.305491144129654,7.8110027
7.8,7.415235468803701,7.856705
8.0,7.623868501120825,7.9899025
8.1,7.708258691275404,8.196309
7.9,7.49662030240394,7.9906
8.4,8.07415158716578,8.304922
8.7,8.590851621103297,8.721697
8.8,8.756238456134927,8.796462
9.0,8.933683430512993,9.125836
9.6,9.612917140273733,9.617654
9.3,9.272966826774482,9.415395
8.7,8.638976222603219,8.717638
9.0,8.880455225903336,8.976227
8.5,8.424481895416168,8.504141
7.9,7.859379638545732,7.957511
8.9,8.577079900036107,9.063549
9.4,9.181931170487335,9.402701
9.5,9.441775204346964,9.646048
9.4,9.063520731601951,9.377243
9.5,9.540281185187006,9.294373
9.4,9.182632157516828,9.365369
9.2,8.878464867673234,8.927955
9.4,9.095072236549498,9.302738
9.1,8.777380797425913,8.9777
8.5,8.222933165067847,8.6437
8.9,8.56520222557251,8.822501
9.3,8.984991228492813,9.089818
9.3,8.94580311860771,9.089818
9.0,8.725455510868578,9.171075
8.9,8.485573335075578,8.942728
9.4,8.925319067354163,9.182209
9.9,9.472880464626073,9.808045
10.3,10.019546480517615,10.319399
10.5,10.160704876065314,10.677433
9.2,8.706184929817912,8.974612
10.7,10.418273152153894,10.855248
11.0,10.860169084357423,10.986931
11.2,10.998497836041174,11.271552
10.9,10.771796307642727,11.185969
11.0,10.765217523288541,10.925493
10.2,9.883190596691222,10.171194
9.6,9.225546920814995,9.547639
10.2,9.936809557053795,10.467023
11.2,10.956476177087424,11.408006
11.1,10.90473716810962,11.2851095
10.0,9.640950473352579,10.143049
10.5,10.178041322525655,10.511608
10.4,10.078305504573084,10.52945
10.4,9.961861179655195,10.362866
10.6,10.188890808387061,10.519149
11.9,11.744699134757472,11.7973585
13.7,13.705005206242419,13.679586
16.2,16.146744055527563,15.947539
17.4,17.474215845468947,17.45082
19.3,19.215479350734764,18.959131
9.5,9.165878707607057,9.4418545
9.3,8.887543712158958,9.203949
9.0,8.592242976011935,8.945712
8.9,8.482198117361115,8.905688
9.0,8.632464588610038,8.94895
9.2,8.760416943377486,9.13138
9.8,9.560653696426751,9.885078
10.2,9.864858254294035,10.230612
10.6,10.325565976116483,10.395788
11.2,10.983386336971812,11.333909
11.1,10.79171361002889,10.717785
11.3,11.128688376038017,11.333456
11.6,11.36970854239749,11.818974
11.2,10.967647040235352,11.27102
12.0,11.885891606982067,11.993613
12.3,12.15164808444296,12.485577
12.5,12.557949475117432,12.554262
12.0,11.948777393985395,12.043893
12.2,12.183467971353508,12.03047
12.8,12.730653046007433,12.744683
13.1,13.190932371080745,13.339605
12.8,12.952623718054028,12.690951
13.3,13.460550321403822,12.985519
11.8,11.829730237232631,11.9509
12.1,12.05938331406782,11.972789
11.6,11.383488548226197,11.486149
13.0,12.902544019186823,13.333055
16.5,16.683663561807272,16.642086
15.4,15.547465808471745,15.228775
13.9,14.010302512668058,14.0379505
12.3,12.312703882774198,12.496822
12.9,12.918137164371291,12.882365
12.8,12.749496202409084,12.656571
13.2,13.210728836033876,13.069663
13.2,13.301191637586534,13.224714
12.8,12.933150369202437,12.952083
12.7,12.67214787148357,12.660382
12.3,12.235143798578346,12.154565
13.5,13.661872600459027,13.569791
14.6,14.677405926788431,14.739065
15.3,15.554054042262155,15.24617
14.3,14.514075031487831,14.5789175
13.7,13.827361733977039,13.937916
13.8,14.09217910051293,14.050415
13.3,13.458599294328106,13.603952
13.3,13.264722512284152,13.227493
13.7,13.777249672591058,13.618288
13.6,13.795231390834722,13.523025
13.3,13.271870522734154,13.281385
18.1,18.316191586334536,18.051556
17.8,18.00727655404663,17.62623
18.8,19.08918763756883,18.879892
18.9,19.24570363349495,19.006691
14.2,14.21244066058583,14.140405
13.1,13.102108138195597,13.24549
16.6,16.93257242210093,16.603964
15.0,15.15639906297194,15.140868
15.1,15.250024538126556,15.251155
16.4,16.711279301488528,16.476076
16.7,16.922758763155098,16.51568
16.9,17.176435444655535,16.725128
17.9,18.206201755840805,17.818691
16.8,17.087294608040846,16.744839
15.2,15.413466455177286,14.998488
15.7,15.839733138731674,15.656862
14.7,14.801573052708335,14.703796
14.8,15.116854784102252,14.923378
15.4,15.634824752683592,15.749446
15.3,15.555445378914424,15.3824835
14.8,14.962712223507534,14.872534
14.2,14.339439709404086,14.144412
13.3,13.420716486289795,13.407094
12.8,12.851919028455818,13.002341
12.1,12.104851452727726,12.1535845
12.0,12.026594817059419,12.015661
12.2,12.139593825179254,12.142647
12.8,12.930725366889277,12.903953
11.7,11.552296037617083,11.65113
12.7,12.64945957523367,12.641809
12.2,12.074131228908314,12.24772
16.9,16.77191695700891,16.97419
16.1,16.151352610254342,16.405321
15.3,15.108770342876433,14.84409
14.7,14.606375089038458,14.609812
13.9,13.823194498784098,14.052835
12.9,12.772367744028251,12.867879
12.8,12.646264012097614,12.804701
13.0,12.829349845681918,12.972758
13.3,13.125657673729066,13.31861
13.7,13.57806343268441,13.610696
11.7,11.393342177313965,11.551257
10.8,10.551884851796821,10.864624
10.1,9.89120230291514,10.138052
10.6,10.34155350266284,10.6857815
10.4,10.149875046129669,10.215914
10.2,10.045832595470735,10.102439
9.7,9.62008021183113,9.780666
9.3,9.138904212659668,9.417816
9.3,9.201929229424415,9.302541
8.9,8.609098623238122,8.993491
8.7,8.44763905241824,8.993491
8.6,8.403602214272663,8.508073
8.7,8.511399319271263,8.714896
8.8,8.59990604308069,8.739843
9.1,8.832753936495738,9.026599
8.9,8.765266151191959,8.952019
8.9,8.651068798726072,9.048815
8.9,8.636209868612262,8.781156
8.7,8.442438282577083,8.6824875
8.2,7.877388743662976,8.238328
7.5,7.126766453517426,7.488909
6.9,6.384592575825266,6.9881787
6.7,6.296941212254069,6.77051
7.0,6.520097661050713,6.9881787
7.0,6.531989826538506,6.9880514
7.1,6.64514087063727,7.132027
7.4,7.018282814423301,7.4887815
7.8,7.411918015191063,7.5759544
7.8,7.542412115692464,7.8137407
7.8,7.560253766395917,7.813793
8.4,8.023297143722779,8.288354
8.5,8.17894057641676,8.499411
8.7,8.570295997856416,8.629472
9.5,9.380549401046334,9.362763
10.4,10.342289296222486,10.530122
10.9,10.845227308963945,10.862418
12.3,12.280210681378893,12.276535
12.2,12.224720639896688,12.219287
12.0,12.07500594888105,12.193378
12.2,12.178322759205042,12.2183485
12.4,12.402108889591382,12.598021
12.3,12.321715484886369,12.176583
12.1,12.043048998047688,11.867478
11.2,11.091385320653359,11.285149
10.2,10.081031919948693,10.294183
9.1,9.097162449798805,9.03758
10.7,10.59491704997085,10.863194
11.2,11.249386385098198,11.299456
11.7,11.610382796410416,11.698923
11.7,11.708836404967876,11.80517
12.9,12.941756935440711,13.097335
12.6,12.549622652748738,12.545759
12.2,12.364646774738475,12.120982
12.6,12.607037013565364,12.5343075
12.7,12.91115120139704,12.545759
12.3,12.290077739088229,12.120982
12.8,13.01400553132676,12.730569
11.3,11.31641817484871,11.301019
11.3,11.224753948496662,11.301978
11.4,11.459964708819957,11.339058
11.1,11.133333077570168,11.108213
10.7,10.646225230234638,10.853759
10.6,10.537547115145177,10.628694
10.7,10.646267529874667,10.743833
10.5,10.446370184781752,10.625717
10.3,10.163591516904901,10.455118
10.6,10.41554621290064,10.503024
10.3,10.193480231565307,10.486093
10.1,9.995227542677991,10.0671625
9.8,9.65312573652157,9.95362
9.6,9.423654906197562,9.61658
9.0,8.731740557957952,9.18146
10.0,9.796994774795667,10.097896
10.2,9.949042998025796,10.321322
10.5,10.365924699456347,10.611498
11.2,11.14438941753074,11.3968115
11.4,11.259109283809892,11.392751
11.6,11.565574641333466,11.559339
11.5,11.414151223002946,11.386831
10.4,10.151618222869946,10.436882
10.4,10.177480465514098,10.433949
10.1,9.970084948907122,10.03664
9.9,9.520187602724686,9.6069145
10.0,9.965081448620516,10.00289
9.7,9.609949103089473,9.553763
9.8,9.444555219932294,9.606063
9.4,9.155204039218908,9.348054
9.1,8.781718157872216,9.177818
8.8,8.367475593880862,8.946317
9.3,8.97863906126177,9.187887
9.4,9.133178897914398,9.361417
9.6,9.236855836192209,9.359891
10.0,9.790010296806425,10.216461
10.5,10.377522780599342,10.720832
11.4,11.41749868833654,11.463248
10.9,10.804922109641282,10.83453
10.5,10.533229795231577,10.487789
10.1,10.202858925708167,10.293257
9.7,9.766069491713932,9.551047
9.9,9.855037997316334,9.99182
9.9,9.930404729911515,9.99182
10.3,10.305574766561069,10.179585
10.1,10.144449344113358,10.015836
10.4,10.488608108520829,10.239564
10.5,10.538050369445724,10.521546
10.7,10.815738606454662,10.786574
10.7,10.798374220880874,10.904345
10.7,10.685085215111673,10.538303
10.6,10.731883285780285,10.732225
10.3,10.386906790829823,10.367381
10.1,10.131736007561368,10.238253
10.0,10.005212659443572,10.145963
10.4,10.357999304244604,10.539266
10.0,9.943358196341169,9.778315
9.7,9.661573331032777,9.588816
9.4,9.452508198286406,9.191846
9.5,9.58114574831134,9.557862
9.7,9.656591341127402,9.735915
9.8,9.934309036119302,9.953001
10.8,10.973128147732055,10.678733
10.7,10.809762343775493,10.765255
10.5,10.378170148439128,10.53722
10.3,9.99778137094031,10.271136
10.1,10.22974942514169,10.122842
10.1,10.08795531071047,9.85334
9.7,9.617921600205854,9.64364
9.4,9.260506508189053,9.345768
9.7,9.570347623139359,9.851834
9.9,9.835425905976898,9.917752
10.1,10.065139557721334,10.079765
10.2,10.168989185713006,9.916126
10.4,10.364236463177075,10.536933
11.3,11.332745288691534,11.5475645
11.6,11.650548808710976,11.67252
11.9,12.016420396407224,12.050739
12.3,12.266495603989789,12.383928
12.1,12.196968552408414,12.193504
11.1,10.93878882850964,11.074227
11.3,11.170583556376801,11.284029
10.6,10.193914778882235,10.67704
11.0,10.79183259709854,11.279364
10.9,10.73947997035766,10.650588
12.4,12.198521444618063,12.4710455
14.0,14.26699718700457,14.120222
11.4,11.198905192151681,11.469168
11.5,11.188336852122617,11.455937
13.6,14.060356694451453,13.599418
12.4,12.677008902206747,12.277792
12.9,13.13402292690903,12.708138
12.6,12.792178519528935,12.552343
12.8,13.039382426190656,12.926315
12.4,12.678539555633126,12.263393
12.5,12.875660705296216,12.777034
12.3,12.610280203497283,12.330416
12.8,13.075526585817531,12.916069
12.8,13.034724317334998,12.505438
13.0,13.237544264825136,12.902572
13.5,13.97450098564994,13.701517
14.2,14.699825731987225,14.172575
14.9,15.419302998296338,14.665207
14.9,15.30461103493662,14.708785
15.0,15.462357685453384,15.0285425
15.2,15.494533579887534,15.289598
15.6,15.814784234768222,15.193468
15.6,15.859538319182661,15.199006
15.2,15.343443166984507,15.088547
15.1,15.45148229776531,15.727356
15.4,15.718768089667133,15.259043
15.2,15.401063490616611,14.894231
16.3,16.33374664723434,16.259956
17.7,17.573343427719802,17.361937
17.8,17.686877725928753,17.897608
19.0,18.654561478067507,18.59278
22.3,21.31487165165213,22.124495
24.1,22.68862063550749,24.164902
24.5,23.18127787851152,24.599335
26.0,24.252825664438568,25.460663
26.3,24.543387371797664,25.99013
22.2,21.787794899791383,22.042486
27.4,25.48806749757015,27.556215
28.2,25.93197873302652,28.283936
28.0,25.86666333430332,28.035484
27.7,25.706760099781754,27.914843
26.6,24.809151432320952,26.826403
26.0,24.272208639347664,25.439676
25.2,23.770353165613844,24.853426
24.5,23.2165314541184,24.186676
23.7,22.718221854007826,23.623728
23.2,22.323393218663835,23.085218
23.2,22.492298484506957,23.379835
22.8,22.15092786134887,22.675434
22.0,21.589271905986717,22.105526
21.9,21.530635280692202,21.820328
22.7,22.33848611462804,22.664782
23.7,23.406201351706354,23.860506
25.3,24.857321622397258,25.35311
26.4,25.985182140227028,26.371761
27.8,26.74583293819834,27.574986
29.6,28.153277732059557,29.663414
29.9,28.448640280894786,29.778788
30.7,29.030309482258325,30.859602
28.0,27.599841001021865,28.11342
29.7,28.69337826749274,29.904575
29.7,28.578708080875387,29.583202
30.0,28.841705311796247,30.009008
30.0,28.87709659489419,29.815382
29.7,28.33961560180692,30.038364
29.0,27.620323798776507,28.902044
28.0,26.828823964971548,27.877537
26.4,25.749434330467388,26.40606
25.3,24.930174892234106,25.311218
24.6,24.320545206983603,24.326862
23.7,23.715522593486746,23.81148
23.2,23.20583575124758,23.276573
22.8,22.952524194635526,23.074163
20.7,21.048874465057352,20.777779
20.4,20.930573685679278,20.535858
15.8,15.96628137300483,15.850181
13.6,13.70589657779865,13.494367
13.6,13.713292285152892,13.494367
13.5,13.304611961313789,13.319543
14.2,14.141986683202077,14.181801
14.3,14.237648804632872,14.398193
14.0,14.203171138170575,13.9366255
14.1,14.300908156941059,13.934817
14.2,14.186367216688335,14.154321
14.0,14.110156089180485,13.932898
14.0,14.010235270227493,13.935332
14.6,14.806558914375348,14.635827
14.4,14.52415024082898,14.427663
14.4,14.417988848649973,14.396096
14.3,14.251612513675688,14.175415
14.3,14.270176729979553,14.3879595
14.2,13.972316114333868,13.906583
14.2,14.114662264825398,14.180646
14.2,14.108439599172328,14.179266
14.1,13.999537915395951,14.180646
13.7,13.5595849836789,13.490394
13.6,13.455841967080758,13.4854765
13.7,13.602165423564202,13.467303
13.8,13.725615747755402,13.710624
14.3,14.265906215400104,14.396366
15.2,15.270092108227782,15.268142
15.4,15.388204913749806,15.39118
14.6,14.625883708233996,14.658339
15.0,15.09463196327119,15.255159
14.6,14.634007700378344,14.7922
14.8,15.028187829875478,15.038469
16.0,16.131220101986887,15.940633
16.0,16.232333809489766,16.067122
16.0,16.11871923939626,16.006437
15.9,16.11700121320414,16.006437
15.8,15.97081366572342,15.815169
15.9,15.984547597414348,15.77601
16.5,16.561845010427014,16.53554
16.0,16.079059086403117,15.997597
16.5,16.601618606083687,16.637287
16.3,16.36507053304447,16.261883
15.8,15.901993182609491,15.783839
15.1,15.221036602513841,15.193469
15.6,15.678286676643225,15.476536
16.0,16.131518973386527,15.890309
16.2,16.340083211590166,16.150972
16.2,16.31287293791144,16.264956
16.0,16.071073348632208,16.190498
15.9,15.961495565092413,15.815793
16.1,16.32968926800247,16.276026
16.1,16.364473335184854,16.276567
16.6,16.84985400563228,16.66577
16.8,16.98142034179459,16.802868
16.0,16.336435526906005,16.176754
15.9,16.089502964394057,15.792833
16.4,16.55588209790581,16.294622
16.3,16.429853361601833,16.010069
16.2,16.336380709480864,15.907751
16.8,16.92244263588973,16.603483
17.8,18.098132337906605,17.801685
17.5,17.816383601584658,17.441854
16.4,16.66596372182524,16.235584
17.2,17.563111574507232,17.465454
17.5,17.615573979092346,17.346264
17.8,18.05361817717679,17.932577
16.1,16.342330510588578,16.117321
15.9,15.99653979571265,15.953993
17.1,17.309683847843434,17.052103
17.4,17.708823676810177,17.603651
17.2,17.503730503566437,17.08803
17.2,17.52662684163827,17.464441
21.1,21.294126634364076,21.046366
21.2,21.458020538852477,21.298082
21.5,21.785754193211552,21.565529
24.1,24.068579281005803,24.143637
26.8,26.18765129467096,26.727243
24.9,25.26297015540433,24.964287
20.6,20.87511460414659,20.634836
21.8,21.853315474346005,21.963226
20.7,21.089474280188263,20.718113
21.1,21.019959269488417,20.913506
21.1,21.10958941786641,21.070261
20.0,19.974512902950803,19.953045
18.6,18.59108146790591,18.370182
17.6,17.78100561690009,17.918674
16.9,17.098392030344247,16.92864
16.5,16.692052051378326,16.429071
16.2,16.25049404019794,16.183615
15.7,15.70178976624425,15.689353
15.7,15.81545981597722,15.689877
15.7,15.871630060814084,15.760897
16.0,16.07324981717189,15.866447
17.7,17.882798172282552,17.801228
19.1,19.320884643951292,19.160007
20.6,20.56666544990241,20.714525
16.4,16.45533687568129,16.37426
16.3,16.380683011928294,16.244955
16.9,16.959255096202988,16.966986
15.1,15.115659002081323,15.178261
14.8,14.794194410647858,14.879122
14.8,14.775791584554426,14.844235
15.2,15.156158399294991,15.36882
16.0,16.006041202377126,16.190535
16.1,16.142921733469144,16.028732
16.8,16.928649115447943,16.641264
17.1,17.257270054618363,17.28856
17.5,17.596030663895707,17.590528
17.4,17.481353819184417,17.30026
17.8,17.92268615576652,17.648823
17.9,18.181354381626054,17.855783
17.8,17.937315768498696,17.639359
18.5,18.734595361676227,18.578606
19.7,19.87540934283337,19.818045
18.2,18.27784804196798,18.21035
18.0,18.186599229165115,17.966133
17.4,17.57819815349078,17.599413
16.8,17.02960048383439,16.904224
16.8,16.910620238939668,16.644915
16.9,17.013313616119774,16.915169
17.0,17.131703006112378,16.905865
17.4,17.506457133780522,17.582775
17.3,17.62610971317839,17.408146
17.1,17.28576948040164,17.174479
16.8,16.957483749090006,16.647715
16.8,16.961966946264166,16.843527
17.5,17.73919655749767,17.519642
19.8,19.935155839070333,19.730722
18.4,18.67459678230643,18.35563
19.9,20.270511754833336,19.765085
20.0,20.32072795054013,19.950397
19.9,20.345660811770255,19.950108
20.6,21.035863212900395,20.560425
21.5,21.949926357990314,21.558071
23.6,23.575941997012237,23.581364
23.7,23.591000446057727,23.72066
23.3,23.222723245029783,23.281343
23.8,23.602396512163377,23.792397
23.9,23.74018728348268,23.930395
23.7,23.754200551169674,23.932676
23.1,23.113692683969706,23.058628
23.0,23.09347999457319,23.074228
23.9,23.81886401473218,23.86321
23.6,23.508390312507043,23.658213
24.1,24.236311835204862,24.053951
23.6,23.824273008738167,23.552923
24.0,24.40703922396817,23.971954
24.0,24.51025226743461,24.03885
23.9,24.53693366742735,23.84768
23.7,24.3499459883065,23.733564
24.4,24.908670163827516,24.279089
25.7,26.19830026077183,25.77564
26.9,27.20097349412604,26.832058
28.7,28.80271550479491,28.760336
29.9,29.519340932722194,29.91771
31.0,30.41537072922584,31.014744
31.4,30.57715953675757,31.509628
32.1,30.871736799235066,32.04322
33.1,31.76193373613131,33.32097
32.8,31.344232576297316,32.66076
32.4,30.98353518870999,32.450474
32.4,30.906369586104773,32.349884
31.9,30.613317543041614,31.57963
30.8,29.934121088014617,31.146112
30.4,29.539600348903626,30.034025
29.0,28.559411065670133,28.693949
28.5,28.056255506162646,28.557213
25.8,25.916841805161646,26.06361
22.0,22.539934648276525,22.029638
22.6,23.110657797486535,22.436693
21.6,22.169622640231115,21.6608
22.5,22.90425530782936,22.37733
22.7,23.189636000547353,22.732653
20.2,20.979310363723997,20.179142
20.0,20.537427179091697,19.999857
21.1,21.687348276310644,21.007446
22.1,22.717620348661846,22.124748
22.7,23.37026554400572,22.682693
20.9,21.44870738474438,20.8623
20.4,21.0520010740416,20.423689
21.3,21.946312210224303,21.273561
20.8,21.702637286819797,20.925453
20.4,20.976526833519095,20.51372
20.4,21.230256680332893,20.595709
20.4,21.29926621327553,20.355783
20.7,21.42001303493026,20.829994
20.3,21.18568877702824,20.403124
20.0,20.50692604722909,20.082146
19.9,20.596533992572542,19.998709
20.3,20.931530827413955,20.376036
20.5,21.348377051436074,20.471884
20.6,21.31054744477806,20.77832
19.5,20.17688356167231,19.413029
19.2,19.39819727832412,19.043545
19.3,19.879514190752108,19.148285
19.1,19.8277069435298,19.116047
19.2,19.650663525037878,19.28033
19.5,19.989922744908117,19.5669
19.9,20.307949655611175,19.776842
20.4,20.868358122859032,20.486135
22.1,22.539988198142755,22.102242
21.6,22.037416654598683,21.621511
21.8,22.189051331513244,21.765251
22.4,22.824860138397565,22.45689
22.1,22.479491670969082,22.178589
23.5,23.788139676431875,23.564909
23.1,23.27179462603437,23.205307
24.9,24.981880236396844,25.110085
25.9,25.84706863225945,25.946518
22.5,22.757858600006717,22.458286
23.0,23.343630208311286,23.184265
25.4,25.233371865455254,25.613573
21.4,21.591061562020492,21.382154
22.3,22.416193318899783,22.213154
22.1,22.393070941713983,22.175974
23.5,23.407521859851567,23.657845
25.0,24.56300871010336,25.10178
24.7,24.4713418851847,24.936636
24.1,23.882018143611813,24.143282
23.4,23.233212365206903,23.45848
23.0,23.011898790621494,22.974174
22.8,22.795594422699832,22.956974
23.5,23.403781063553723,23.419167
24.7,24.41523334762051,24.606913
25.3,25.06778927843021,25.305775
25.4,25.072850566445574,25.307549
25.0,25.142044617954713,25.089952
26.2,26.027865244349712,26.149076
27.3,26.977301166708976,27.664434
28.2,27.75268005416136,28.380257
29.0,28.31148176786234,29.343628
30.0,28.992582422863357,30.15308
30.3,28.925541187291206,30.263914
28.7,27.68920182484053,28.560757
28.1,27.299584648979504,27.907894
28.2,27.480980275539746,28.208323
27.7,27.24412642176246,27.59486
27.3,26.96064091043469,27.030325
26.9,26.745280432821247,26.787092
26.4,26.240730339362653,26.493174
26.4,26.17322315187449,26.293976
26.2,26.14108379440661,26.242064
26.0,25.9924625522146,26.127785
25.9,25.997103732167975,25.907152
25.9,26.06747526044654,25.898825
25.8,26.075261714191402,25.609638
26.7,26.95964618412799,26.791607
27.8,27.977456686083144,27.78294
28.8,29.04611008958171,28.883005
30.6,30.48953866740998,30.716858
31.9,31.490368855306983,31.82369
32.8,32.07507620097446,32.296135
33.8,33.03412833809378,34.040295
34.9,33.54800654489657,35.548077
35.2,33.8225198270529,35.281033
35.1,33.947970928745995,34.587997
33.8,33.144709933960414,33.859455
33.5,32.740293097928856,33.77591
32.7,32.053008709750905,32.30216
32.2,31.614212424766862,31.930008
31.9,31.281813283022608,31.930008
31.0,30.765823954363256,31.185274
30.4,30.303776679319935,30.96401
29.6,29.458705823529577,29.407742
29.1,29.050805738500866,28.9461
28.1,28.05730256498324,27.915861
28.2,28.43787789773071,28.050037
27.7,27.823176974359473,27.527729
27.5,27.741339004541615,27.500963
28.3,28.57247531163525,28.074724
28.6,28.79418864318091,28.82377
30.1,30.072236450983155,30.205364
31.1,30.776336550700407,30.811789
31.8,31.29108072098161,31.569113
32.6,32.10206585266313,33.05697
33.9,32.86775500221218,33.52396
34.4,33.03595365061402,34.554348
34.6,33.13313784640096,34.202976
34.7,33.235533951689234,34.69341
34.7,33.33610366293165,34.760983
33.6,32.468622100024085,33.44207
33.5,32.33690341469771,33.03937
32.9,31.962216493727247,32.93211
32.2,31.46956210129184,32.322174
31.3,30.722813338636655,31.165901
30.9,30.517443931312464,31.235832
30.4,29.99578886914103,30.407278
29.7,29.278489606395002,29.696768
29.4,29.122217411316704,29.605373
28.6,28.450151437659173,28.822062
27.9,27.863962686359756,27.839462
27.7,27.67233448748774,27.433327
27.4,27.486630748630976,27.351004
28.2,28.154750745455726,28.201916
29.2,29.012711339278837,29.277315
31.1,30.633599835242343,31.528929
31.4,30.714306962263223,31.181446
32.9,31.978220787611708,33.20875
32.6,31.63286629659126,32.34795
34.1,32.607337242335674,33.289265
34.7,32.97840634735198,34.497677
35.2,33.25119099239556,35.15043
34.7,32.8089304411205,34.423367
34.9,32.90611374740299,34.421986
33.9,32.59507728962221,33.273483
33.3,32.138772127622595,33.27958
32.8,31.494883542038416,32.879745
32.1,31.29562287206734,31.758318
31.7,30.968463185803216,31.521444
30.9,30.37553192920081,31.207102
30.3,29.934912350998808,30.370398
25.5,25.306562724762756,25.728554
22.5,22.45016121206139,22.470415
23.8,23.88609603551151,23.79665
25.6,25.421540908423328,25.782982
26.8,26.48302223023142,26.72152
27.2,26.89626840097818,27.284752
27.5,27.14354077268935,27.184101
29.7,29.469340481691017,29.702066
30.5,30.131187314263776,30.137522
32.9,32.04519469875801,32.92387
24.5,24.68050450485096,24.257893
24.0,24.350231934064222,23.971302
23.2,23.601468198382804,23.280611
22.7,23.182834024693893,22.634426
25.3,25.385049234727717,25.360641
24.8,24.915673776297837,24.792955
22.8,23.247549063165092,22.810642
23.2,23.68099275396779,23.448298
23.1,23.38166456401211,23.091894
23.5,23.87861907730138,23.605894
24.4,24.568214911942963,24.298803
22.7,23.287533365181613,22.60119
21.6,22.056314939266347,21.475445
21.1,21.459033335640694,21.012238
21.5,22.068439714355573,21.515762
21.7,22.144604196580506,21.599586
20.5,21.30265736383916,20.445448
20.8,21.37650975000157,20.688831
20.8,21.349953443377572,20.68647
21.7,22.265414770369528,21.588352
21.1,21.641612662626255,20.893454
20.8,21.448486243452482,20.846779
20.0,20.580370731617165,19.979286
20.5,21.10219442738495,20.569729
21.6,22.246159110498866,21.51427
21.8,22.455001636056263,21.72806
21.8,22.474120397783064,21.858835
21.6,22.39478234845665,21.695004
21.6,22.38421426897477,21.586325
21.6,22.294895590197125,21.477404
21.8,22.62437365278879,21.791924
21.4,22.197393420209515,21.3915
21.2,21.98729249052727,21.228828
21.8,22.5764759692908,21.786667
23.7,24.362813477643023,23.728275
23.0,23.636976952248368,23.048937
26.1,26.631312763734897,26.300207
26.7,27.029789617600713,26.802698
26.9,27.175865566467024,26.91697
27.2,27.643138156055485,27.192036
27.0,27.51574890596196,27.127237
27.2,27.61796691774466,27.193222
27.5,27.80720002574602,27.513315
29.5,29.637575420122594,29.387789
30.5,30.55406357203426,30.223776
32.3,31.85576875841091,32.750683
32.9,32.07493553195775,32.535892
33.5,32.112472261073485,33.427612
34.0,32.60590034695942,34.153282
34.9,33.15619767102671,35.176212
28.8,28.990311485993132,28.996988
30.0,29.777493280880833,29.952517
30.8,30.64439062543027,30.585829
30.9,30.693641676159256,31.174858
30.2,30.146929222355794,29.96868
31.1,30.71344720063245,31.237503
23.5,24.043635411201507,23.39167
23.2,23.843340735516875,23.20164
23.5,24.19880262529846,23.458656
25.6,25.955147873261197,25.531603
25.2,25.76638597844712,25.176691
25.7,26.299449043703177,25.734125
25.7,26.402402714658365,25.734125
27.2,27.587796471528044,27.327398
27.3,27.507237484780394,27.26592
27.3,27.5841089014123,27.228308
27.8,27.50189620767045,27.73432
28.9,28.598552318897966,28.834064
29.4,29.12146938129937,29.274326
29.6,29.429475665751024,29.677446
30.6,30.162397959230304,30.557627
30.6,30.111492900671582,30.581785
30.1,29.79141716183745,30.325594
29.4,29.256818695031697,29.393877
30.6,29.825926730353125,30.427736
30.7,29.896439124684182,30.704779
31.3,30.39902858767207,31.501572
31.0,29.768599740921857,30.794092
30.4,29.124504157920562,30.306276
29.0,27.970260437815732,28.944122
27.0,26.65933873467625,26.81273
26.1,25.9007371712799,26.01895
25.3,25.097592176567233,25.266401
24.6,24.375250342388377,24.498009
24.1,24.02479235502467,23.908186
21.2,21.611421679174914,21.190573
21.0,21.24916983688331,20.95746
21.1,21.379100585719282,21.020573
21.6,21.835189813960735,21.412224
21.4,21.724495928625405,21.493692
21.6,21.80979809724909,21.613724
21.6,21.738024178086082,21.540863
21.9,22.115661124549653,21.978508
22.4,22.61038969078099,22.491566
22.1,22.40345119240608,22.167805
22.6,22.990398828909257,22.66223
23.2,23.56202690161142,23.343351
23.5,23.89673992296987,23.545753
23.1,23.58839525753946,23.190533
23.1,23.540303196522615,23.203726
23.2,23.543446507163026,23.166166
23.5,23.7170344481468,23.525272
22.4,22.88849693355463,22.442371
23.5,23.861259941262023,23.43816
23.9,24.323535473224005,23.836702
23.9,24.32702083216052,23.840864
25.2,25.30438980350631,25.251236
25.2,25.300922337091503,25.065123
26.5,26.64506784491236,26.648052
28.1,28.45874241049791,27.862894
29.3,29.20559215122818,29.379831
28.8,28.652177171111184,28.630384
30.0,29.53885861628168,30.060305
29.4,29.18606601706467,29.115055
29.8,29.43780016745127,30.064678
29.5,29.20967807956454,29.1734
30.4,29.88925316654896,30.198376
29.0,29.045971551205263,29.297718
29.4,29.077318384895236,29.026365
28.9,28.796756479814977,28.63833
28.3,28.251756473454776,28.093643
27.6,27.69008580872265,27.436872
22.6,23.143389598555228,22.500658
22.8,23.357146947986298,22.70872
23.8,24.201772823215602,23.846315
24.7,25.059190029452278,24.721766
25.0,25.428910490826578,25.087236
25.5,25.959778683322973,25.596588
25.5,26.096758296408055,25.53418
26.3,26.847591113417334,26.415163
27.5,27.854534160427775,27.44172
28.9,28.95350224319769,28.657606
29.9,29.747874893622352,30.127262
25.3,25.960480190202375,25.23468
25.3,25.9560953349976,25.25428
25.2,25.855860037937745,25.076468
25.7,26.309839771887336,25.735249
26.9,27.302015891469395,26.918272
28.0,28.178821861362277,27.969343
28.0,28.073720588621086,27.992908
27.7,27.964793948153158,27.962296
27.2,27.402030051810762,27.49737
28.5,27.432669932098683,28.309837
28.3,27.670212366504785,28.386343
28.0,27.512710735032577,28.11442
27.2,26.73605077188585,27.482927
26.5,26.083907138860702,26.301962
25.7,25.45789660355043,25.794243
24.8,24.711486252407234,24.960495
24.5,24.389716444170908,24.505081
23.9,23.76432180265093,23.8764
23.9,23.721223188980137,23.77808
24.6,24.252021414949876,24.350422
24.5,24.371743354364376,24.611189
23.7,23.803688450924454,23.747581
24.6,24.6744791909208,24.60838
24.6,24.65120172773311,24.5539
24.2,24.193743342439543,24.251352
24.6,24.458428834272027,24.498966
25.2,24.987172070357488,25.217821
25.4,25.05892389207591,25.327845
25.3,25.06496145998739,25.335224
26.2,25.907402458212573,26.392792
25.4,25.172768624401797,25.61208
25.7,25.36282422213722,25.64256
25.7,25.18451153943987,25.514671
25.8,25.299020907771634,25.64097
25.7,25.203069809968273,25.589617
26.1,25.537266130933585,26.208149
26.0,25.244576769938135,25.843218
26.1,25.419200688891934,26.20674
25.8,25.29728826367174,25.969158
25.7,25.01852352101871,25.514381
25.2,24.712574724172164,25.144571
24.6,24.239911223408207,24.771067
25.1,24.7133963312517,25.141405
25.4,25.027384380038185,25.603258
26.7,26.040473509291786,26.628654
28.4,27.48710062329036,28.5689
29.9,28.432342091761956,30.093838
28.9,27.65234600301197,29.038843
28.6,27.551589770804807,28.55058
28.2,27.421432293091797,28.127201
27.6,27.289510207969677,27.76249
27.8,27.166474244648896,27.90796
27.8,27.022955301119794,27.999653
28.4,27.121806734231065,28.28163
28.4,27.1259228823091,28.280546
28.4,27.29378763121206,28.505363
26.3,26.17615724353042,26.33665
29.2,27.869338180909075,29.155148
29.0,27.827118958078312,29.083767
28.3,27.336551638827913,28.259922
25.0,25.154819830613732,25.087317
24.2,24.218671100817375,24.155388
24.4,24.481854436373588,24.339533
24.9,24.82717217764155,25.015652
25.2,25.038824102977877,25.26737
24.9,24.658935051968953,24.951012
25.1,24.809718445706643,25.02909
26.1,25.787424138183667,26.083427
27.8,27.02260111812469,27.674524
29.0,28.15122659458593,28.949066
28.0,27.549258424492805,28.282368
27.9,27.47733809704313,27.826555
28.9,28.12154722506707,28.940937
27.8,27.64061613481804,27.882832
27.2,27.071642147404404,27.141582
26.6,26.649132359448195,26.600397
27.5,27.470632546728375,27.468683
27.4,27.430902383201726,27.224773
27.8,27.546414243466405,27.976059
28.4,27.714161536317107,28.466572
28.4,27.542763235221244,28.482912
28.8,27.62967436301313,28.85017
28.7,27.513234117576317,29.044634
28.5,27.656143296096424,28.229847
27.4,26.951019914031782,27.338142
28.7,27.865676180132652,28.720545
28.2,27.595709972643633,28.4058
28.3,27.676754673912082,28.592379
27.6,27.04483954150003,27.688631
28.0,27.293644287241165,28.046959
27.7,27.039943782960208,27.585962
27.1,26.626085575958548,26.858437
26.9,26.37075617281816,26.671925
26.7,26.600736278113974,26.574266
23.4,23.892472622576175,23.341469
22.9,23.24598692764985,23.113844
24.5,24.956758129666603,24.566826
26.1,26.307419969997586,25.941921
27.5,27.44779760412772,27.468393
28.2,28.28627812055569,28.176334
28.0,28.24686116931462,28.16473
29.2,28.960103659157326,29.094393
29.3,29.21058884590364,29.623997
28.8,28.78468917278567,29.065493
29.5,29.22216592714689,29.654455
29.7,29.147678099228884,29.7995
29.3,28.789313694628476,29.817358
29.0,28.35517928041162,29.226463
28.6,28.120781904414862,28.621403
28.4,27.963870201020463,28.124731
27.9,27.258714263988303,27.817595
27.8,27.374114814803747,28.05363
27.2,26.726078121681475,27.017456
27.4,26.931129460512075,27.095806
28.5,27.860403634930215,28.529922
28.8,28.08439373151829,28.983953
30.0,29.128367298635993,30.375181
31.0,29.9347547850417,31.116444
31.4,30.006547735822757,31.358358
32.3,30.598856326235357,32.36977
32.6,30.536280163334254,32.392143
33.8,31.47383688897738,33.96761
33.6,31.45413065412525,34.027405
33.9,31.378599158649507,33.584072
32.9,30.830692142903533,32.901585
32.8,30.7193669162492,32.85811
31.4,29.80706045745239,31.264112
30.9,29.770043456609272,31.075258
30.5,29.35213871937917,30.544943
29.8,28.964839158961347,29.909372
29.4,28.46456704790329,29.545511
28.9,28.065645373864825,28.9952
27.9,27.56168569366531,27.872343
27.8,27.413921779043186,27.981289
27.2,26.855606273006114,27.079279
27.0,26.662345721393727,26.809835
27.0,26.88676299489127,27.120142
27.4,27.32365007319513,27.507471
28.0,27.972209495051764,28.090454
28.4,28.11985464628564,28.248583
28.3,28.201516169924798,28.267403
28.8,28.612580906300842,29.049585
28.0,27.929794188691993,28.016472
27.9,27.964648196645236,28.016832
28.2,28.175315492685414,28.092516
29.5,29.333280530677087,29.492981
22.0,22.418711928436917,22.062668
21.3,21.68965222589747,21.31106
20.9,21.286163666371674,20.928677
20.4,20.712942351071824,20.438826
20.0,20.286472623573726,20.089277
19.8,20.12734085938247,19.771334
19.7,19.941910582416373,19.76506
19.2,19.37025772092198,19.15191
19.2,19.325113821945454,19.150259
18.6,18.85208016693344,18.581495
18.7,19.03940213685565,18.668036
19.2,19.4846092320173,19.224052
19.1,19.371341635449582,18.98885
19.5,19.819191885491946,19.660679
19.6,19.850684007305052,19.70418
19.7,19.918996588339667,19.79616
19.8,20.050655010686967,19.67923
19.7,19.889601499302625,19.6502
19.8,20.04503861623824,19.67389
20.3,20.496300219563725,20.12924
20.2,20.611828291131626,20.403101
20.5,20.827803614566538,20.528505
20.8,21.03820427062505,20.707735
21.1,21.490889245395348,21.201174
21.1,21.28820342783914,20.996801
20.9,21.24726138623746,20.963366
20.9,21.15863967585684,20.862576
21.1,21.378659323996818,21.180391
21.6,21.837540403377528,21.712145
21.9,22.10992130395082,21.991112
21.9,21.967192637354437,21.81461
22.0,22.179365727416226,21.993135
22.0,22.102682367602846,22.073229
21.9,21.940763518101274,21.78871
21.8,21.96781150970051,21.904238
21.9,21.989029196424077,21.903877
21.5,21.635776280232253,21.539259
22.2,22.24720983500634,22.206755
23.0,22.712816520228284,22.875353
23.8,23.303623991492636,23.520956
24.6,24.131661205596167,24.766512
26.0,25.37727118297298,25.99046
27.2,26.45065663408957,27.035053
28.8,27.797294930366604,28.827417
28.6,27.855993513962726,28.540031
24.5,24.657623550176048,24.41223
24.4,24.654498446508867,24.41486
24.5,24.99236378440217,24.591005
25.5,25.62231717858954,25.84342
26.1,26.004953445255225,26.17735
26.2,26.18170415764336,26.131626
25.1,25.351040826607537,25.15614
24.8,25.103291021958064,24.814106
25.7,25.949459675560835,25.771902
22.1,22.40693967562688,22.08728
21.6,21.88168646091626,21.521122
22.2,22.830280179484376,22.244308
23.1,23.442217839427766,23.151545
22.8,23.19038078622757,22.827839
22.7,23.100386623717668,22.719648
23.0,23.38055565777485,23.043316
22.7,23.06897709007679,22.6175
22.7,23.288555253434378,22.82341
23.1,23.61718275438959,23.160187
24.6,25.10824360886849,24.644255
24.3,24.825379161805664,24.297083
24.2,24.94051499015806,24.246565
22.9,23.612762711787255,23.042343
21.9,22.500021776222283,21.89917
21.4,21.942484274445427,21.353815
20.9,21.54088809081978,20.902798
21.0,21.640808808736654,21.00919
20.9,21.442075690643524,20.93163
20.5,21.09981480697538,20.75831
20.6,21.210002281985282,20.777813
20.7,21.06360328424042,20.75831
21.0,21.40069746151318,20.869835
21.3,21.724806389261982,21.273573
21.6,22.084656663423925,21.65548
21.4,21.770282242167895,21.373547
21.7,22.033049361871942,21.781437
21.4,21.701486327729867,21.309906
21.2,21.52192108709475,21.10054
21.0,21.290648463964025,21.082542
20.8,20.996470671116242,20.800842
21.3,21.57043956190355,21.22778
22.0,22.263615664540097,22.059473
21.6,21.89053945078413,21.57961
22.6,22.803460821693623,22.551428
22.6,22.894963732618006,22.556993
22.3,22.600184691481633,22.225677
22.5,22.821921597153533,22.51416
22.9,23.176156812501752,22.83372
23.1,23.400894783109823,23.09312
23.4,23.781540257417156,23.47524
24.2,24.57819994797901,24.035254
24.4,24.724412571966674,24.37838
24.2,24.59422741422891,24.29145
24.0,24.331626903332094,23.912123
22.0,22.395565440332813,22.034845
21.8,22.391538465517527,21.882442
22.8,23.463518548722163,22.844389
22.5,23.227397798039895,22.531256
21.7,22.334398533475454,21.594706
21.9,22.356376857262273,21.967855
22.3,22.818730469796428,22.197277
22.7,23.25414733607307,22.609526
22.9,23.563793718718284,22.858963
22.5,23.146633911729086,22.494743
22.9,23.568456332730463,22.951704
23.4,24.239936596804085,23.396183
24.3,24.996200031865598,24.286406
24.7,25.249512633252635,24.568228
26.0,26.343595016663656,25.954584
26.3,26.71891869040734,26.26071
27.0,27.376301694815833,26.97255
29.6,29.5710059569617,29.631086
30.4,30.034644079162966,30.58095
32.0,31.092209973226108,31.815779
31.5,30.762102821651148,31.258295
31.7,30.758666791121474,31.387981
31.1,30.67583092059219,31.240376
30.8,30.573133767257136,30.651346
30.8,30.32979380190755,30.678453
29.9,29.604663381859282,29.972557
25.9,25.79226110556891,25.888903
23.8,24.162952826427556,23.835075
22.8,23.365021382513273,22.871443
22.8,23.29691967546695,22.802132
22.9,23.39665855719634,22.928078
24.1,24.68486164647289,24.125029
25.0,25.41352198245074,24.970762
23.3,23.836280241232057,23.32614
22.7,23.038590199766983,22.63137
22.6,22.870115398915996,22.59354
23.7,23.90574314067129,23.86945
25.1,25.190370602468764,25.256971
26.3,26.00998689589334,26.244675
27.1,26.91388760683197,27.259745
27.3,26.926626997396397,27.347258
26.7,26.540885131252793,26.57877
26.3,26.16519185827883,26.150011
27.6,27.45002889860767,27.602684
28.7,28.266611636182066,28.691994
28.6,28.28195650653913,28.672024
28.5,28.080327242006312,28.623623
28.7,28.246365630519854,28.400427
28.2,27.80240153077979,28.243637
27.8,27.617841890001714,27.96873
27.4,27.28444798608175,27.423092
27.1,27.121620257943754,27.118883
26.3,26.2393821708578,26.214325
25.8,25.799408859068656,25.772106
24.9,24.792799223540108,24.810465
24.4,24.06416810029925,24.204254
23.9,23.619539699919088,23.938612
23.2,23.052031517554354,23.233025
22.9,22.842633257687893,23.063473
23.3,23.09131698287804,23.45056
23.7,23.525474021898145,23.95504
24.2,24.098602067131903,24.113932
23.9,23.65399503239409,23.744287
24.1,23.969751834134037,23.991068
24.1,24.147948458468967,24.090912
23.9,23.991613198273676,23.981733
24.2,24.301097612536836,24.253391
25.8,25.641601050575467,25.64972
25.1,25.30769768701967,25.158934
24.5,24.65249215686878,24.41486
24.3,24.448536980649486,24.162764
24.2,24.358063716641706,24.229435
23.9,24.093220995197044,23.878908
23.9,24.124896781402363,24.07294
23.7,24.042428307155113,23.707819
24.3,24.193027678024468,24.183254
24.3,24.195743780603443,24.184607
23.9,23.75470533173294,23.843958
23.8,23.817762607570952,23.867582
23.5,23.48006750488972,23.418648
22.5,22.34503081223149,22.32153
22.3,22.243597721205916,22.457047
22.3,22.24646766457217,22.458805
23.7,23.343140067885688,23.633356
25.0,24.590967677533193,25.195496
24.2,24.209438890711574,24.186659
24.2,24.294030023880737,24.36035
25.2,24.953007070281487,25.212301
25.7,25.309772287835138,25.67454
25.3,25.159417508448158,25.264124
25.7,25.288293919632693,25.601522
26.1,25.84881017061191,26.235182
26.7,26.378727386414827,26.490877
26.9,26.62495866559415,26.756376
27.0,26.818772415905336,27.000198
27.5,27.082730812930716,27.362825
27.2,26.753060264583773,27.088087
27.0,26.486422055786026,26.64974
24.7,25.146061633700135,24.712727
25.0,25.304365454662,24.969007
23.7,24.325101633354077,23.75908
23.8,24.55813262658456,23.892366
23.7,24.433873775808685,23.721552
23.8,24.44063024549482,23.901163
23.8,24.334015471554437,23.950203
23.9,24.369691559090853,23.846428
23.9,24.17326699778122,23.899157
25.6,25.652166059286735,25.842997
26.9,26.852615725581476,26.813341
26.5,26.58875678898819,26.646658
26.8,26.959949119100777,26.826351
26.0,26.473956926045872,25.94299
26.0,26.458135355707316,26.012
28.1,28.242599898091026,28.138239
27.7,27.854109718981288,27.439014
27.5,27.840200912336954,27.548986
27.4,27.607176129331254,27.19308
27.2,27.38051652572021,27.127735
27.2,27.438613921805093,27.26461
27.6,27.699965428380064,27.433825
27.8,27.968599679303825,27.686369
28.0,28.380439442186383,27.879816
28.1,28.349520426554378,27.936796
28.6,28.719082014073486,28.765326
28.4,28.432590082966158,28.403652
27.8,28.049066842628807,27.792341
27.2,27.533636076781924,27.124075
26.6,26.956193335511827,26.572237
26.4,26.877318715468654,26.40321
26.1,26.628619512628788,26.05372
26.1,26.637711057146653,26.058456
26.7,27.286844999878184,27.003521
27.0,27.417818171889802,26.838432
29.0,29.213630105113637,29.236355
28.6,28.906706062231308,28.740099
28.8,29.275231597144995,29.111607
28.8,29.124068387690038,28.890339
30.4,30.278060319507397,30.013668
31.7,31.25510138157064,31.639996
33.2,31.97033053444798,33.06565
23.8,24.389167844561676,23.85567
24.6,25.13597071739833,24.645409
25.1,25.53979315524733,25.153255
26.0,26.289358156257244,25.942705
26.2,26.60544995063127,26.264103
26.1,26.599478894697647,26.190975
26.0,26.38267360142278,25.98332
26.4,26.56483186370118,26.290586
24.1,24.270396302354335,24.120941
22.9,22.962059162568725,22.953547
22.0,22.059385098798906,21.879917
22.1,22.292156061488498,22.107302
21.0,21.268754497053575,21.087215
20.1,20.245959787492087,20.010351
20.3,20.488212288588702,20.192265
20.7,20.8478071528663,20.594069
20.3,20.527513858050238,20.24197
20.1,20.281510055340306,20.084385
20.3,20.482068244150884,20.192137
18.7,19.034543252921406,19.017517
18.6,18.85736291620801,18.546097
18.9,19.105816104237768,19.010746
19.1,19.22143839343206,19.20461
19.2,19.46595649111314,19.263763
19.1,19.37706347608587,19.19499
19.0,19.259452496243448,19.060219
19.0,19.145259307469075,19.049093
18.8,18.944236482748714,18.540165
18.9,19.069159476080053,19.067085
18.8,18.841747252636537,18.72982
18.9,18.899456640844363,18.865805
18.7,18.678885270228317,18.681465
18.6,18.56027354312735,18.61439
18.8,18.84741473817019,18.868433
19.1,19.059278060531746,18.917912
19.5,19.57430466883212,19.658129
19.6,19.663201805823704,19.753883
20.6,20.617292714936102,20.540457
20.8,20.919996634016094,20.820232
20.9,20.912526557058346,20.82142
21.5,21.425473260329227,21.428587
21.4,21.42819196262556,21.42862
21.6,21.652571938853285,21.554464
21.4,21.466046831000792,21.42862
21.9,21.917200116531955,21.812971
21.7,21.839218821096235,21.740358
21.9,21.96071959007694,21.885973
22.4,22.60370820138372,22.449034
22.4,22.668031805717906,22.343342
23.2,23.34387082812999,23.100462
23.0,23.32968813251151,22.942986
22.8,23.16375742549853,22.667906
22.4,22.714883110527122,22.395227
22.6,22.985733292361893,22.496801
22.3,22.785393288183084,22.311226
22.3,22.747191784393664,22.343355
24.4,24.642105199572534,24.441235
24.4,24.651439225584646,24.413126
24.7,24.903689516262784,24.7282
24.6,24.91943106476524,24.629128
25.1,25.383630386605805,25.130602
25.7,25.937787332735954,25.87453
25.4,25.81882009848841,25.491474
26.2,26.600032277649678,26.403704
26.5,26.832972930036746,26.47113
26.2,26.936188070067445,26.189379
24.5,25.36165972448473,24.480907
23.5,24.334569908464754,23.51352
26.2,26.657239152965026,26.258596
26.0,26.54016619089491,25.880476
26.1,26.661157549220484,26.25793
26.2,26.579746743822888,26.12786
28.5,28.290047960864193,28.251808
24.8,25.293661516824272,24.648754
25.1,25.59239830057746,25.061651
25.1,25.4788855502077,24.89585
26.6,26.814192702703473,26.466906
26.2,26.529804376058543,26.39858
25.9,26.245573585038873,26.062492
25.2,25.60843692178978,25.17531
25.0,25.438128396901558,24.80151
21.6,22.125597590353106,21.534874
21.3,21.936481884887115,21.299957
21.1,21.559376292810253,21.015377
21.2,21.67643057465323,21.277779
21.0,21.44965533590402,20.983137
21.0,21.42936274779007,20.961443
21.0,21.36874974267389,20.933453
21.5,22.025188101458767,21.395859
22.1,22.705636958158365,22.108091
21.6,22.061103621374343,21.582642
21.5,21.971549192210535,21.440348
21.5,21.970858753252983,21.55248
21.2,21.61091834472146,21.065292
21.4,21.814525145308785,21.323917
21.3,21.693764815557802,21.189457
21.5,21.79333884015511,21.392233
21.3,21.70026326205867,21.275702
21.4,21.71401591477216,21.394484
21.8,22.07010520813684,21.78105
21.6,21.854842915605108,21.534473
21.6,21.937541104450908,21.67187
21.6,21.887487818573877,21.410715
21.6,21.990716575900528,21.648912
21.5,21.948282919749364,21.581982
21.8,22.288310507526074,21.7606
21.8,22.39112940204868,21.791563
21.8,22.32049723549585,21.859665
22.3,22.74857792225758,22.311253
22.7,23.2102260908014,22.853674
22.7,23.11174936153092,22.65704
22.4,22.81734701726095,22.374914
22.3,22.714408779698466,22.33208
22.5,22.945281445158994,22.382233
22.8,23.289717864613987,22.810717
23.0,23.501470522421126,23.153069
23.4,23.99158709053845,23.500032
23.0,23.403611070553293,22.935207
22.5,22.959552898079444,22.47734
22.3,22.74944580552304,22.310543
22.6,23.084578432842626,22.595102
22.1,22.503760434792635,22.081734
22.2,22.60905939325179,22.273624
22.3,22.565563560520385,22.130272
22.2,22.681684654757326,22.33126
22.2,22.50542949487058,22.1327
21.9,22.277773234177932,21.987408
21.9,22.402531730134513,22.033398
22.0,22.402469889688454,21.905039
22.0,22.49785187191281,22.060696
22.1,22.642992606299675,21.998066
22.9,23.22338236173876,23.056656
23.9,23.901390211436457,23.845097
24.2,24.28888402594995,24.186857
24.2,24.378306543836885,23.949434
24.5,24.6672484972734,24.443869
25.0,25.18222395921203,25.147902
24.8,24.97520819637386,24.626574
25.8,25.773986477299477,25.649918
25.4,25.642288421643357,25.384863
25.6,25.95967801956144,25.77269
25.3,25.491940819365183,25.35567
25.6,25.77058972985369,25.469044
26.7,26.571807434981277,26.648825
26.0,25.831577798468842,26.066254
26.2,25.997214915422525,26.240202
26.2,25.823302714960434,26.387096
25.7,25.541862429111173,25.87428
25.3,25.042394042337307,25.516886
25.4,24.922349595762103,25.419003
25.3,24.769734120653876,25.33266
24.9,24.48987044258168,25.049864
24.9,24.528354200106413,24.91762
24.7,24.23812718898306,24.767252
24.8,24.43493246332529,24.758356
25.6,25.192935662518757,25.666632
26.9,26.515262546447374,26.703157
28.2,27.666560807036646,28.247435
29.2,28.82804473375183,29.096308
29.0,28.839661055784013,29.040916
29.7,29.64775787806022,29.695204
32.0,31.721362893691875,32.198708
32.8,32.27055930329335,32.647163
33.6,33.06839113839409,32.818855
33.5,33.044595729220916,32.621323
33.7,33.08031564693512,32.757084
33.5,33.05078004579239,32.456944
33.1,32.87699698554992,31.88777
32.0,32.02234917020939,31.063786
31.4,31.667077319231847,30.28786
31.0,31.304901433965846,29.359598
30.2,30.68898935528837,29.234032
29.6,29.996973341152753,29.241941
29.4,29.77762636050273,29.032066
28.8,29.22627560577145,29.162722
28.4,28.911047053488847,28.386847
28.1,28.683032841205588,27.845663
27.7,28.365569632057092,27.814829
27.6,28.127139282033028,27.794817
28.5,28.735118598678213,28.182842
30.0,30.06730150325254,29.92158
30.0,30.029669655402444,30.168322
30.9,30.877901653977695,31.214596
32.3,31.850853258766964,32.72208
33.2,32.5103152164526,33.142204
33.8,32.680335539139946,33.49034
34.9,33.42328617620357,34.611473
34.3,32.86551386885602,34.186375
24.2,24.477968159849908,24.030565
25.3,25.639205472425665,25.420649
25.9,26.217649723618607,25.940733
27.6,27.66704105830835,27.80103
27.9,27.85362254029244,27.686892
27.2,27.23255546333293,27.225624
27.2,27.214720364648148,27.133425
27.1,27.28420175158728,27.12711
27.3,27.4927101636071,27.105463
26.9,27.188797529878833,26.888426
26.9,27.158345902354313,26.780659
26.6,27.023684981048373,26.76843
26.6,26.866965874776685,26.574463
26.0,26.499080843422963,26.057047
25.0,25.603823035001113,24.873554
24.4,25.054872908268997,24.314045
25.2,25.81825717386991,25.246675
25.1,25.714964233969845,25.055996
25.8,26.383296052061254,25.928028
25.0,25.578383546966656,25.080324
24.5,25.193381781446092,24.465748
23.7,24.65428256269196,23.768826
23.7,24.675904541208894,23.768826
23.9,24.722874364043136,23.943668
23.9,24.731475117536952,23.89287
23.9,24.762028978044356,23.973032
23.1,23.97870648014773,23.169884
23.2,23.95877063521272,23.169884
23.0,23.852902441110757,23.12224
22.7,23.36580704422646,22.760098
23.1,23.823928451358125,23.056667
23.0,23.890992012590992,22.920113
23.2,24.093287910662937,23.23252
23.7,24.4736010793616,23.681028
23.5,24.243136283961185,23.45696
24.1,24.812223038483094,24.15171
24.6,25.197221570552166,24.642584
24.9,25.246754313397076,24.705513
25.0,25.3592121865871,24.779419
24.7,25.2949865772704,24.57369
26.3,26.649452243552446,26.465023
26.8,27.090580759167807,26.919926
27.3,27.33283140121076,27.32508
27.1,27.09839879598548,27.02461
26.6,26.963629602984707,26.795559
25.9,26.369007114687236,25.73509
25.8,26.528566441409442,26.01334
26.6,27.10191717339925,26.692875
27.3,27.67631196291221,27.441362
27.8,28.121849815151386,27.890965
27.5,27.806284014353917,27.436296
28.2,28.383519907990703,28.39999
27.3,27.724738833645823,27.300518
26.9,27.29782991561303,26.83709
26.6,26.893681690513056,26.49987
26.1,26.417763489654718,26.073345
25.9,26.325774473428375,25.925228
25.4,25.872210902899777,25.30428
25.4,25.88759468763275,25.305513
25.2,25.77599732102172,25.243265
24.9,25.478313257390234,24.873554
25.1,25.71576087182003,25.035511
26.0,26.491023424282695,25.74906
26.4,27.06386602715158,26.857964
25.9,26.51173371895061,25.958862
26.3,26.978703645680163,26.516129
25.7,26.531955890537294,25.932482
26.3,27.02244404176784,26.306784
26.6,27.327230535164453,26.597054
26.8,27.442637562775065,26.624344
26.6,27.443748991374676,26.64754
26.7,27.211741921897314,26.857836
26.7,27.332433959902588,26.902119
26.7,27.226932962516155,26.684776
27.9,28.279768772298738,28.193514
28.3,28.71812551072349,28.678368
27.8,28.38116656002917,27.805754
28.3,28.93678625915434,28.498682
26.8,27.532454081058933,26.70954
27.8,28.33421802784562,27.85998
28.3,28.88925918168499,28.000807
27.9,28.518593028338834,27.75354
27.8,28.542084109635425,27.831156
27.8,28.483269703458177,27.772627
28.1,28.726181636921808,27.81763
28.0,28.653079801035467,27.803822
27.9,28.72359578564864,27.896378
29.1,29.359109274901687,28.833176
27.6,28.46744374354923,27.370522
27.1,27.9023236589996,27.151176
26.3,27.014987751834074,25.700222
27.2,27.978140989016214,27.213001
27.8,28.368813681185017,28.024973
27.9,28.36986680855466,27.342072
27.8,28.557526335114446,28.001253
28.2,28.62129001228479,28.513853
28.2,28.48182821498625,27.999804
28.2,27.640424107541065,28.322788
28.2,27.494139574794445,28.240126
27.7,27.121373143658346,27.674726
27.6,26.871071589953978,27.5594
28.0,27.122593906216554,28.068687
27.4,26.62848954674142,27.270815
26.7,26.365929677830263,26.56462
26.3,26.01761649360472,26.318537
25.8,25.48622619232278,25.839888
25.7,25.47079362370566,25.78822
26.4,25.900017465375043,26.562391
27.6,26.951877053710724,27.718603
28.3,27.5360893619416,28.369722
29.9,28.86903230419022,30.06079
28.5,28.046340436134404,28.446985
27.0,27.212139577392897,27.03664
30.4,29.507120989919613,30.104183
31.6,30.45502719317966,31.707611
31.6,30.522831157239274,31.40061
30.2,30.0060080784529,30.044096
29.8,29.750393913457145,29.780798
28.1,28.53015945493018,28.691935
29.2,29.02474956949144,29.139072
28.8,29.02569484111616,28.66497
29.0,28.65602532552487,28.891363
29.2,28.629609642831188,28.800207
26.3,27.165798130654217,26.445045
26.0,26.858901174058936,25.799358
25.8,26.66011028985306,25.459238
26.5,26.611894738995126,26.496296
25.9,26.375259722549696,25.996382
26.1,26.27929334874,26.186705
25.8,26.18979594261836,25.942623
25.8,26.192321947888765,25.942623
25.8,26.304955332386314,25.862047
25.7,26.42234491874126,25.836855
25.5,26.114229732357806,25.269127
25.6,26.132204170830676,25.68898
25.4,26.03539337981931,25.488764
25.1,25.805123105547736,25.055508
25.3,25.935785160239675,25.218925
25.0,25.931415182557664,24.866304
24.2,25.082946228129433,24.188887
23.7,24.3655686572826,23.494408
23.5,24.31533141652423,23.388758
23.6,24.234957775170145,23.521849
23.6,24.133460279353976,23.4514
23.8,24.45381251183017,23.804802
23.0,23.655659650511,23.031616
22.6,23.598998137130334,22.6725
21.8,22.657797833468305,21.722853
21.8,22.46666103389143,21.72437
21.5,22.439750061490123,21.516268
21.0,21.659104684276762,21.081627
20.9,21.442459409367554,20.93561
21.4,21.84964016670815,21.352886
21.5,21.774140846698558,21.399294
21.1,21.437371578668337,21.174166
21.4,21.554914491268775,21.223764
21.6,21.797919914906917,21.55282
21.8,21.90460667910709,21.754547
21.7,21.78188077402111,21.562971
21.8,21.882483456562763,21.739706
21.8,21.886984772737346,21.756876
22.0,22.105096672259066,21.988255
22.2,22.20528181845684,22.062784
22.0,22.111057383572494,21.975946
22.2,22.359670509446072,22.175528
22.4,22.59768223245362,22.384111
22.3,22.51659460193892,22.303846
22.4,22.453847206047485,22.319532
22.3,22.493159545263957,22.303846
22.2,22.481196248592827,22.267832
22.4,22.447431708080117,22.318384
22.4,22.340567083279335,22.522701
22.4,22.401275605958258,22.522701
22.5,22.62584375010012,22.531977
22.7,22.914255434741058,22.670256
22.8,22.89428748443325,22.765554
22.2,21.9937109433561,22.307838
22.3,22.234958820741845,22.277168
21.8,21.73605339054769,21.805727
21.6,21.426655061593753,21.613527
21.5,21.310184187630853,21.422165
21.5,21.33141121658737,21.553942
21.8,21.479839173704963,21.845226
21.6,21.31077482410091,21.501623
21.8,21.45321811221719,21.801975
21.9,21.321532134131374,21.735706
21.9,21.793036866567594,21.892452
22.0,21.653705478199143,22.234852
22.2,21.883883150024772,22.39942
22.2,21.829556384267303,22.382612
22.1,21.70773362788839,22.107132
21.8,21.640021254407554,21.956339
22.0,21.632472605830877,22.098213
22.1,21.74054960418888,22.15856
21.8,21.216023505917327,21.50031
21.7,21.238036958985383,21.74673
21.7,21.35602818155323,21.739153
22.0,21.717630243910016,21.874708
22.2,22.00904742538125,22.30185
22.4,22.103408108987626,22.320568
22.2,22.03767740269303,22.139725
22.1,21.940090396309202,22.214783
22.0,21.9195284709965,22.008642
21.7,21.509101356579706,21.709076
22.6,22.153822883118902,22.664131
22.7,22.57608009155785,23.015224
22.6,22.244267949626845,22.643024
22.6,22.27507337105341,22.583828
23.2,22.59992781482723,22.751621
23.3,22.860957011293696,23.157183
23.5,22.87047624908381,23.157183
23.0,22.639950127825152,23.0588
23.1,23.353855389982115,23.039865
23.1,23.347028228223852,22.991581
23.2,23.4535154683839,23.305244
23.4,23.67095604812523,23.413536
23.4,23.680410194329408,23.533379
24.1,24.270790885713886,23.964462
24.4,24.605495557824376,24.254354
24.3,24.73442668953387,24.467701
24.2,24.62256022267846,24.188395
24.3,24.62291298163607,24.381235
24.2,24.43220234002719,24.147028
24.3,24.543330449101106,24.232735
24.1,24.418895058542045,24.044918
23.9,24.314586459998146,23.962234
23.9,24.287699178286992,23.962234
23.7,23.958991338621228,23.638817
23.6,23.88005192625256,23.72386
23.6,23.863832582878644,23.740116
23.6,23.849401729700297,23.72386
23.3,23.619229604005508,23.389633
23.2,23.50044447303495,23.160936
23.1,23.53178021383603,23.123625
23.3,23.645836893856963,23.397024
24.2,24.333443772624594,24.14416
24.5,24.534838081016566,24.435404
24.5,24.738525567111942,24.581055
24.9,25.017610232379255,24.715464
24.6,24.76165020246888,24.532032
25.1,25.102704228561016,24.996258
25.7,25.708670719689653,25.422794
26.4,26.302130639394548,26.361158
26.0,26.154538021541626,26.022089
25.9,26.023518797558488,26.13251
25.7,25.707385282249653,25.669086
25.9,26.029776462415132,25.850605
25.3,25.42736571763872,25.222052
25.4,25.510081121744044,25.383095
26.1,25.962923084318277,26.105656
25.9,25.9236006639142,25.903206
26.0,26.05406443572899,26.075863
25.9,26.212696274378253,25.946228
25.5,25.86667949977756,25.413431
25.9,26.130412577198136,25.765715
25.5,25.583901787356815,25.407303
25.8,25.70018898878172,25.686043
26.1,25.91339392251583,26.096218
26.3,26.22550907862358,26.223742
28.1,27.703401657065058,28.133163
27.2,27.167737249053232,27.137775
29.1,28.612845923029436,28.787159
27.0,27.23444817844529,27.037975
27.7,27.792141320199264,27.780703
28.0,28.023967045021077,27.836132
28.3,28.240063931870566,28.172953
28.6,28.762771549242235,28.61732
32.5,31.2249026392994,32.381897
31.6,30.816851431143725,32.096237
31.5,30.617730281175525,31.325132
31.2,30.58421692490375,31.212673
30.2,29.961023952317824,30.29641
29.6,29.42881682637246,29.509005
29.1,29.047251312812943,29.034323
28.7,28.644226485627037,28.7405
28.2,28.289319135077058,28.071423
27.7,27.943934936160858,27.77382
27.0,27.10279400116091,27.108545
26.5,26.534526892282948,26.47037
26.4,26.49513934935011,26.380804
26.3,26.418975936603985,26.256838
25.8,26.14441952824931,25.772312
27.4,27.56080236532703,27.192657
28.1,28.11939930511944,28.08998
29.0,28.876474029779388,28.882738
31.0,30.402831783814648,31.090494
31.7,30.804470566427916,31.888914
32.8,31.400975661626546,33.01161
33.2,31.832566900922984,33.12752
32.6,31.3247256399001,32.803898
32.9,31.681674956936575,33.07352
32.4,31.056060624322523,32.370583
32.1,30.953695068665937,31.84923
31.6,30.606008331519504,31.87375
31.1,30.15161428262866,31.25113
30.6,29.909581536762417,30.273565
30.0,29.538659329704213,30.187159
29.6,29.16512708170685,29.674263
29.0,28.51663281982823,28.633331
28.5,28.135371989717697,28.364985
28.1,27.743073262902023,28.093655
27.7,27.301026454575414,27.600744
27.4,26.94538732756957,27.162254
26.8,26.6736952991334,26.831516
26.9,26.635828976579617,26.888975
27.7,27.48576495192244,27.902472
28.6,28.16331362877512,28.420368
29.9,29.233094329220975,29.808737
30.7,29.86908670338969,30.425253
32.3,31.13101551711484,32.190575
33.2,31.871078320057883,33.500782
32.9,31.589738097959128,33.212273
33.5,32.04693599884482,33.306488
34.1,32.38295252753853,33.359272
33.9,32.25069135545388,33.304558
33.4,31.892403003668143,33.379124
32.3,31.46921621108062,32.263397
32.2,31.235503980152505,32.267212
31.1,30.39115097452649,31.190573
30.5,30.1492340959378,30.714516
30.0,29.552408375357274,29.99777
29.4,29.00188528903936,29.388248
29.0,28.66716542031306,29.26585
28.5,28.28701942543548,28.542212
28.2,27.987848537270267,28.176245
28.0,28.043960105567006,28.20378
26.4,26.646189549446873,26.456226
25.9,26.20628099126005,25.843237
25.5,25.969019410476925,25.271906
25.8,26.224674999018312,25.885931
28.0,28.04169119972375,28.091461
29.7,29.152101082104906,29.673311
30.6,29.607359073434083,30.44905
30.8,30.02985381265242,30.559328
31.9,30.893781291290594,32.196938
32.4,30.988877885360587,32.10437
32.1,31.14833423108734,32.193123
26.2,26.52811656763143,26.266407
25.9,26.451130562228904,25.752432
26.2,26.634512663976178,26.062801
31.2,30.404230995268932,31.287827
30.9,30.230719918846546,30.65387
30.2,29.564218493392396,30.130898
29.7,29.348705738701526,29.930923
29.3,28.824195034549913,29.34617
29.0,28.80166063988125,29.26477
28.4,28.206647089651867,28.44066
28.1,27.987299886556606,28.073345
27.7,27.70786036235603,27.688578
26.7,26.927104432883887,26.583326
26.2,26.402363172644563,26.127663
25.6,25.770735878706596,25.532427
25.3,25.57973964641895,25.153934
25.6,25.79243117676696,25.535286
25.5,25.765052367299965,25.534117
26.7,26.782730583325122,26.581217
28.0,27.89281727315229,27.949472
29.2,28.638458635228666,28.986591
30.4,29.649966987219468,30.621782
31.5,30.315592842828806,31.500322
31.0,30.155614441514004,31.194807
31.4,30.33591949797355,31.40217
31.4,30.47823235208537,31.462698
30.6,29.88263392854205,30.425253
31.1,30.02880170373481,31.357706
31.1,30.011126935439535,31.079626
30.4,29.475585361823875,30.476511
27.4,27.641399655264063,27.359566
23.5,23.794168371908395,23.4416
22.6,22.898600612647268,22.536037
22.9,23.601691880988646,22.946245
24.4,25.005874687896945,24.480118
24.8,25.59677926132228,24.89803
25.0,25.697619231660482,25.055004
25.3,25.83454803176695,25.306932
25.4,25.98360412935434,25.435326
26.3,26.699804964557316,26.385239
26.0,26.40739676135678,26.068916
24.9,25.348299351450606,24.977543
24.5,25.050505726725298,24.45098
24.3,24.895717237070443,24.374697
25.2,25.670419356590994,25.130749
25.7,26.297085550063397,25.72449
25.2,25.7683318207782,25.141277
25.3,26.367828275602754,25.319807
24.9,25.61644994780788,24.891447
23.4,24.13041373458698,23.467056
22.8,23.452055298987545,22.699657
23.2,23.733305922818445,23.176315
24.0,24.538826969765836,24.235079
24.1,24.721166224328556,24.26912
24.1,24.7067358171168,24.120358
24.5,25.257409471508772,24.30134
24.4,24.93094015365638,24.310627
24.5,24.87189487632071,24.506943
24.1,24.745600250701813,24.186007
24.0,24.52830731919626,24.067413
23.7,24.234506489536017,23.595533
23.4,23.882898565644428,23.289831
23.1,23.471455198977832,23.064365
23.0,23.32241124919544,22.878016
23.9,24.166350876018463,24.078342
24.1,24.214614244776694,24.11903
24.3,24.523374977617685,24.304811
24.2,24.424084597578165,24.253933
24.0,24.29687879618515,23.911823
24.6,24.862617291292594,24.453197
24.9,25.17661434201139,24.764881
25.1,25.42010442540056,25.156713
25.1,25.24352779348147,24.881168
24.7,25.156336146186362,24.816896
24.7,24.9853726147502,24.630184
24.6,24.87326906057532,24.45458
24.4,24.648600701397555,24.38673
24.1,24.37703219331008,23.969374
24.1,24.472019398843337,24.046282
23.7,24.19783426323847,23.731485
23.7,24.132864059930398,23.84365
23.7,23.874685642344303,23.876041
23.8,23.98273963701745,23.684217
23.8,23.90625745139341,23.740067
23.4,23.46164972616065,23.433617
23.2,23.23022238174348,23.214998
22.9,23.04946499457143,23.15873
22.7,22.7910044784252,22.776602
24.0,23.959759851993233,23.978603
23.7,23.982351445321285,23.60812
24.0,24.33093177217199,23.969023
24.4,24.76365687831162,24.464891
24.7,25.02371408328333,24.69469
24.8,25.041122278767794,24.695759
25.2,25.20565376124307,25.252798
24.7,24.964760830618964,24.729763
24.9,25.036861702349967,25.091024
24.9,24.799482840643403,24.910593
24.6,24.549872298273762,24.706255
24.4,24.282138343007418,24.237392
24.5,24.32666261508323,24.463703
24.3,24.20135493677592,24.242922
24.3,24.148688674919498,24.112564
24.4,24.317190949464134,24.232903
24.1,24.058426353282726,24.092146
24.2,24.08649152420118,24.09045
24.3,24.265366389401187,24.034801
24.3,24.282904034049544,24.18488
24.4,24.47846149892853,24.455338
24.5,24.138089169728005,24.23765
24.4,24.390122847881962,24.305582
24.7,24.30652912806198,24.623638
25.2,24.79334633391681,25.03565
25.7,25.3757253425169,25.944738
26.0,25.645920774241272,25.897974
25.8,25.722703940439075,25.687151
26.6,26.456495622905013,26.511497
27.4,27.317244876755854,27.310373
28.3,28.031410197224538,28.24494
27.6,27.84515888622982,27.428263
27.8,28.071421686652748,27.720572
28.4,28.54673229192514,28.514252
28.5,28.499656281914373,28.335983
28.5,28.664743516091026,28.514252
28.5,28.69013497986557,28.514252
29.6,29.383353984200543,29.510183
30.2,29.625243513466156,30.10771
30.4,29.739466186020046,30.202276
29.3,29.241386675677752,29.510344
29.2,29.12926916144671,29.41122
29.3,29.16009770643421,29.025528
28.7,28.666561227906513,28.612078
28.4,28.422797876753688,28.573027
28.3,28.445813830501397,28.070004
27.4,27.528451754118663,27.440521
26.6,26.790001106658764,26.59205
26.9,26.8225177446888,26.826479
28.1,27.73001915620388,28.061878
28.2,27.872371188711345,28.426552
29.3,28.74036191099617,29.113958
28.2,28.108870434927038,28.100843
29.2,29.23433657278189,28.986263
27.8,28.410650507601723,27.932074
28.3,28.795668468362905,28.637857
27.9,28.362852510712642,28.242748
28.8,28.678312178641725,29.044668
27.6,27.7809351319887,27.432953
26.4,26.65658049890935,26.496876
24.0,24.39227620684337,23.993343
26.5,26.536397711933724,26.284328
26.5,26.56403572272255,26.657164
25.2,25.828298923767694,25.217777
26.2,26.615371532463108,26.057047
23.8,24.458945059111056,23.694246
24.5,24.90543606757065,24.507357
23.7,24.371740144276696,23.740784
22.4,22.82853743826617,22.389517
22.4,22.743102133258883,22.432392
23.0,23.328257472491828,23.149466
23.1,23.495371345003072,23.29637
23.8,24.36036216891455,23.895971
24.6,24.967836613491173,24.644413
25.2,25.708613958705484,25.050856
25.1,25.628428553029387,25.050856
25.5,26.084688577672985,25.26899
25.2,25.754487563584565,25.050856
24.9,25.521736748897546,25.03404
24.8,25.325319249793793,24.906092
24.4,24.88427021561907,24.315102
24.4,24.793415379839193,24.371918
24.1,24.551992453314213,24.031
23.9,24.31920366209615,23.964613
23.9,24.344166480254174,23.903145
23.9,24.233708063234992,23.896715
24.0,24.441620096825453,23.84478
23.8,24.318386456331353,23.681086
23.9,24.429819715686286,23.894306
23.9,24.41788188678236,23.948683
24.0,24.52697856779249,23.935467
24.7,25.4135360253852,24.761635
24.1,24.53847903294617,24.052855
23.9,24.30278418635448,23.776688
23.5,23.99796506653065,23.511074
23.2,23.462796399866985,23.166294
23.1,23.377747892982672,23.32982
23.9,24.083655188737303,23.980991
24.3,24.502794091923583,24.30295
23.3,23.59067567190732,23.300386
24.9,25.334341966988386,24.825016
25.6,26.05678732236793,25.41401
26.5,27.038652879676974,26.694553
26.7,27.308040998680838,26.705278
28.0,28.563866121944436,27.76687
29.4,29.61536889173698,29.370687
27.5,27.495229647343205,27.434246
24.4,24.941643050791733,24.504381
24.6,25.223568134408822,24.573435
24.8,25.555401329691158,24.949116
23.2,24.172801112736664,23.41994
23.4,24.267336644059093,23.346981
23.6,24.38509870871349,23.552517
23.4,23.883762459443236,23.502659
23.4,24.25372254074332,23.434126
23.3,23.934169422607553,23.245356
23.9,24.41902968206869,23.817904
23.7,24.255932303962105,23.668945
23.8,24.451095138831846,23.67716
24.1,24.92423402306151,24.151697
24.0,24.643859038218032,24.009518
23.9,24.58765759340675,23.936111
23.2,23.928254705650886,23.24719
23.0,23.610956836359666,23.051016
22.8,23.37455393152021,22.824358
22.6,23.131979483340675,22.619242
22.8,23.392035105369384,22.824202
24.0,24.383454202043588,23.967957
22.9,23.381399236680586,22.94509
22.8,23.379553362346346,22.954212
23.0,23.484415637378678,23.046116
22.6,23.138910453449295,22.619972
22.7,23.24922276828418,22.709358
22.7,23.097570114702307,22.619114
22.7,23.200194418971652,22.709719
22.8,23.283993597863887,22.824074
22.7,23.26326645362821,22.818037
22.7,23.195172540051203,22.852682
22.8,23.08619590509398,22.684982
22.1,22.451684423182098,22.154507
22.0,22.3673572138355,22.028854
22.3,22.61806187542438,22.166103
22.0,22.28097648130304,21.932636
22.3,22.76132040676368,22.345316
22.9,23.090409179050944,22.869247
22.6,22.907245751157998,22.64707
22.3,22.72051607510247,22.309313
21.9,22.26942026476129,21.933346
21.9,22.16367761326366,21.871166
22.3,22.52506844821669,22.268343
22.3,22.522586304122488,22.269444
21.6,21.742998069816583,21.557764
21.8,21.959808898548665,21.869919
22.1,22.344006808920106,22.171146
21.9,22.080284371951738,21.905966
21.9,22.17960181778053,21.961966
21.9,22.09944412219088,21.901945
22.4,22.615029406482908,22.471039
22.5,22.71454889987147,22.391138
22.6,22.912742380124985,22.667488
22.6,22.98424461113928,22.688787
22.7,22.96871182836861,22.600843
22.6,22.985286115631258,22.589127
22.7,23.105039434535374,22.684826
22.7,22.978708451913825,22.564548
22.7,22.904168314168714,22.776672
22.6,22.713591352006254,22.506052
22.4,22.67109710335347,22.45851
21.8,22.11405965108268,21.879671
21.6,21.771704142053373,21.54128
21.8,22.10481911398005,21.80073
21.7,21.8802218643413,21.67166
22.0,22.349043417522534,22.03098
22.0,22.33914126149793,22.077456
22.1,22.37977468723369,22.16956
22.5,22.75247152474337,22.712605
22.8,23.078852376105743,22.944635
22.7,22.86481929034274,22.80649
22.6,22.857599768163485,22.759253
22.5,22.727530075090698,22.713915
22.4,22.57499338308493,22.320404
22.4,22.673318926578503,22.458464
22.6,22.7980718704639,22.441795
22.7,22.977668207951478,22.69733
22.6,22.835120790263755,22.675982
22.4,22.60989018804502,22.341253
22.6,22.72462477103872,22.575022
22.5,22.61301004293823,22.393173
22.4,22.62068729117871,22.458748
22.4,22.478157546369257,22.291697
22.4,22.57012036992716,22.39566
22.5,22.86167879726813,22.643124
22.6,22.848785236850645,22.667654
24.1,24.163848049700338,23.843933
23.5,23.66560452777582,23.543295
23.3,23.45990052680531,23.321815
23.5,23.739366877099656,23.545786
23.7,23.874982236164218,23.792284
24.2,24.133069657154977,24.073124
25.0,24.71443612447819,24.837545
25.0,25.000355379570813,25.079227
24.8,24.717922769426004,24.81951
24.8,24.92446497164697,24.802069
24.7,24.858410074999746,24.664717
25.1,24.904495267906206,25.084528
24.8,24.603520671842368,24.68199
23.9,23.845613275278616,23.940903
23.6,23.425461943627475,23.570171
22.8,22.650244719316373,22.734749
22.3,22.286085802449442,22.435804
22.3,22.230158042164803,22.34412
22.1,22.176851801673465,22.199005
22.1,22.160554457491834,22.146416
21.4,21.54587330650254,21.410007
22.5,22.71537562291326,22.765282
23.7,23.86493071597799,23.870716
25.1,25.254658034318332,25.216908
27.2,26.908041727621843,27.341751
28.5,27.760489496566613,28.877659
29.6,28.218086648867306,29.62071
29.2,28.00513504737374,29.285027
28.8,27.42869913622625,28.486671
28.6,26.855811363743122,28.675901
26.8,25.549819357857654,26.659483
26.3,25.142865431956615,26.393316
25.3,24.251574994979194,25.318764
24.3,23.517469212676513,24.327993
23.0,22.451188025841166,23.022882
21.9,21.47861859407848,21.940552
21.4,20.97091467353491,21.30008
20.9,20.337015794279775,20.85037
20.3,19.853897423248135,20.311434
19.6,19.237356494683915,19.411472
19.2,18.842536037721672,19.147354
18.5,18.26175569405837,18.446762
17.8,17.545452086386266,18.101772
17.7,17.480109224794663,17.74604
17.9,17.705809736973823,18.103134
17.7,17.56180469686498,17.881376
19.5,19.24939671271065,19.19177
20.9,20.61851586486583,20.952122
22.4,21.871647063390384,22.39639
22.6,22.008717299720487,22.486286
23.2,22.62002994526942,23.410921
22.7,22.09098846994121,22.4609
23.2,22.333634534513074,23.209423
23.2,22.609226819097856,23.368254
22.9,22.22091301343373,22.807533
22.6,21.78561972768236,22.63801
22.2,21.438367161357313,22.269531
21.7,21.081153379340545,21.624605
21.1,20.48808615637532,20.974268
19.5,18.987372037694577,19.548008
19.1,18.571704880012113,19.146988
18.2,17.87500288393132,18.222092
17.5,17.117137093663317,17.51151
16.7,16.43302727332337,16.830105
15.9,15.692990334209597,16.009838
15.5,15.175290127333575,15.406747
14.8,14.49979730910362,14.645027
14.4,14.139549349713555,14.36967
15.3,15.064335303847042,15.265373
16.6,16.369113845914626,16.649574
18.0,17.72760773628908,17.962898
18.7,18.458859804318415,18.645906
19.0,18.700843798959518,18.843018
20.0,19.659386455342567,19.846909
20.7,20.203974432645644,20.946823
20.7,20.328672182755533,21.082668
20.3,19.753873376744856,20.353418
20.8,20.19487309985219,20.46491
20.8,20.365741688755726,21.22268
20.8,20.227373501953487,21.15188
20.3,19.857002840973518,20.298973
20.0,19.462676292587926,20.269241
19.8,19.288960747170105,19.708893
19.2,18.856025548681362,19.361273
18.4,18.175904344529798,18.381777
17.8,17.47511569567452,18.098692
17.4,16.994042539713643,17.450289
16.9,16.608298984830547,17.124683
16.6,16.382556261486986,16.754461
15.8,15.552991023545626,15.757536
15.4,15.172712855705399,15.268918
15.4,15.164512590918282,15.25352
16.4,16.051104803301012,16.483133
18.0,17.56210561613862,17.948458
19.0,18.6015417572826,18.829899
19.3,18.82285590183515,19.551277
21.5,20.863936835131202,21.750193
21.7,20.78596707308281,21.741133
22.3,21.489827121199973,22.838728
22.0,21.210716695774174,21.818361
22.7,21.897015428147352,22.712961
21.8,21.268040834667605,22.000122
21.6,21.11809178713796,21.732578
20.8,20.466345468861444,21.043964
20.6,20.270946015498367,20.75541
20.5,20.133858335242245,20.52252
20.3,19.813746799053497,20.16209
20.2,19.726619234687902,20.021162
20.0,19.503284382346273,19.934992
19.9,19.454453863281504,19.944853
19.6,19.08543598071785,19.472626
19.1,18.65525298031174,18.853298
18.7,18.353700203366373,18.630566
18.3,17.964358758154365,18.4189
18.0,17.60862682263341,17.899107
18.0,17.68555638419676,18.129969
18.4,17.969332738853726,18.341354
19.2,18.765154692126785,18.770983
20.9,20.354714394217268,21.159676
24.0,22.73384996774518,23.774462
24.5,23.4028348006827,24.410416
24.6,23.363236577412156,24.418745
24.7,23.555159200846003,24.85338
25.0,23.84359531077075,24.811424
25.3,24.01395308831495,25.34474
24.4,23.32183696837247,24.476416
23.7,22.71733205734933,23.584223
23.2,22.52656291332223,23.384228
22.6,22.014023535506198,22.610811
21.8,21.318890385473154,21.835052
21.5,21.004785496970072,21.5543
21.0,20.618398055636934,21.28664
20.8,20.27435214258882,20.828064
20.6,20.091426708831587,20.676655
20.4,20.090061402222627,20.392208
18.9,18.62766642917466,19.05637
17.0,16.824418617244817,16.874601
17.2,17.088051503010107,16.97067
17.3,17.345442124403,17.404463
17.6,17.668916013621065,17.506866
18.1,18.11523939911775,18.225609
19.3,19.270308651548834,19.4176
22.1,22.031199606926595,22.136658
22.5,22.41089309132336,22.492533
21.8,21.736874091298247,21.662863
21.6,21.729507947718574,21.751137
21.9,22.014460977527364,21.911308
21.9,21.990351092013487,21.964144
21.7,21.870364138206277,21.867428
21.6,21.766920289114477,21.66283
21.0,20.964120347336205,20.919947
20.6,20.948281278113697,20.690336
20.3,20.225460180165705,20.19195
19.9,19.79216588606551,19.760553
19.8,19.669319209250247,19.855396
19.5,19.3362243852141,19.426596
19.6,19.43847642752521,19.726093
19.2,19.01016479360584,19.109505
19.0,18.94502315748899,19.037844
18.5,18.424187589205676,18.501486
18.4,18.24396212269541,18.363321
18.2,18.133065194712326,18.375996
18.0,17.908085786307577,18.285149
18.4,18.2508111304409,18.502634
18.6,18.353651536097473,18.502634
18.4,18.24044761248863,18.377144
18.5,18.290167747052354,18.431053
18.6,18.46748018507707,18.573893
19.2,19.006258094799268,19.110558
19.1,18.86956728353989,19.038376
18.6,18.56122829080244,18.57818
18.2,18.086707661700494,18.211653
18.2,18.04958600742409,18.305355
18.2,18.027380243180875,18.193182
18.0,18.010347412659286,18.193182
18.3,18.17393795052708,18.305355
18.4,18.55696711334257,18.501358
18.9,19.124943676219647,19.036337
19.2,18.95394256022646,19.507498
19.3,19.19486092342842,19.24907
19.2,19.091799521114005,19.178938
19.2,18.971488380511808,19.178938
19.4,19.22042573459442,19.275478
19.6,19.413009894716023,19.526579
19.5,19.396214079938126,19.505337
19.3,19.182498924163692,19.28408
19.1,18.85776382480226,18.927502
19.1,18.838270538339785,19.00659
19.5,19.18462964077019,19.4281
19.1,18.905419751016026,19.030613
19.4,19.228996324911638,19.574785
19.8,19.603538211220915,19.97903
19.6,19.49170060113717,19.625917
20.1,19.856914454446986,20.062687
20.5,20.163655131110392,20.687714
20.4,20.299876687354704,20.542622
20.2,19.98740997577681,20.186508
20.3,20.017595486051217,20.416874
20.4,20.152181692746996,20.446302
20.3,20.11797252158519,20.177166
20.1,19.8632676846997,20.0386
20.0,19.71205728436505,19.925814
19.7,19.46892149227245,19.75275
19.7,19.399506665446705,19.664652
19.7,19.643988965357966,19.91954
19.4,19.168849413240952,19.289942
19.0,18.80575998698322,19.055817
18.5,18.3314517254931,18.569664
19.7,19.370951566972597,19.76706
20.8,20.465776776009957,20.749258
20.8,20.574699141139675,20.837214
20.8,20.48331472634298,20.691168
21.0,20.751297791427515,21.226362
21.4,21.124586372440735,21.34669
21.5,21.18731238655794,21.475958
21.4,21.171209645288013,21.527557
21.7,21.590481418563954,21.71766
21.6,21.5117239490687,21.633528
21.3,21.04320818038161,21.216059
21.3,21.138498344375513,21.381836
21.1,20.881548301145394,21.172031
21.3,21.08661439410781,21.334087
21.5,21.349304740081,21.575758
21.6,21.440382259028333,21.599812
21.5,21.286472818972868,21.510406
21.4,21.26189476793822,21.508568
20.9,20.729336711686877,20.771067
21.2,21.16115823052934,21.300688
21.4,21.261368782409438,21.365934
20.9,20.738746485405645,20.897476
20.4,20.187722715532594,20.449781
20.9,20.69461518981491,20.886526
22.4,21.764302345810126,22.113426
21.3,20.80838111330654,21.712395
21.1,20.93268974112842,21.456322
21.6,21.19323873499378,21.712757
21.4,21.200857715618287,21.694372
21.6,21.281294064968144,21.636333
22.0,21.617274512804336,21.86544
22.3,21.865697804671154,22.16821
22.3,22.018430437226296,22.298918
22.3,21.881140922723112,22.16821
21.7,21.447108893096658,21.803385
21.7,21.41992055598631,21.744797
21.5,21.32145616611664,21.681982
21.6,21.475295417528244,21.600988
21.8,21.702482746770485,21.827177
21.8,21.781915396560844,21.877323
21.7,21.595048128183276,21.690811
21.6,21.590889332205105,21.553411
21.4,21.39643826353284,21.429869
21.4,21.489589405136535,21.449533
21.2,21.239005345891677,21.103813
21.1,21.211324052519522,21.07926
21.0,21.100707092230387,20.963945
22.1,22.234686256927656,22.174417
22.8,22.835935367652176,22.762098
22.2,22.29034130916928,22.09506
21.9,22.183017074792854,21.912973
22.0,22.3129467405669,22.101656
22.2,22.448550722435364,22.081568
22.5,22.73191273084329,22.714897
22.7,22.84672269237744,22.662321
22.8,22.885865131337322,22.599407
22.5,22.66757217913841,22.448835
22.8,23.014422933357437,22.753819
22.4,22.577920464315568,22.491695
22.4,22.40867346615586,22.164751
22.5,22.590833678912077,22.45201
22.7,22.672198873139397,22.665062
22.7,22.747384313135797,22.697607
22.9,22.84805830428957,22.816814
22.7,22.264793132880722,22.535507
22.3,21.975925934568203,22.449635
22.0,21.6086815088432,22.12189
21.6,21.297476529283372,21.602758
21.4,21.174575799317164,21.561298
20.9,20.703912019582454,21.27455
20.6,20.454779850867716,20.921162
20.1,19.965162623253836,20.191782
20.3,20.221646390111953,20.409414
21.1,20.743532538527358,20.856215
21.9,21.72163760154193,21.887419
22.7,22.514510752328405,22.623966
22.1,22.041816630385732,22.163456
21.9,22.074761352423813,21.77589
22.1,22.320024553582098,21.981897
22.6,22.526855486033597,22.608147
22.4,22.373060125007104,22.485153
21.7,22.029180246961484,21.753685
20.0,20.151051552959192,19.927073
19.7,19.887544867945767,19.62403
20.3,20.27223172994645,20.319536
18.5,18.340841935704276,18.524025
17.3,17.30486807981938,17.57367
16.5,16.54991119270031,16.775776
16.1,15.97645902675142,15.784783
15.4,15.28305236058964,15.272709
14.5,14.414755897295287,14.615149
13.7,13.546627293339355,13.487526
12.8,12.597917182987992,13.011459
12.0,11.79752127882163,12.051872
11.4,11.105301669161737,11.368992
11.9,11.550576404893384,11.645847
12.8,12.530440143686324,12.65653
14.1,14.208663829830666,13.839855
15.0,15.18416423684226,15.160226
16.4,16.461538614973094,16.550613
17.9,17.63157974152594,17.834986
18.3,18.184653376171802,18.59085
19.0,18.724143952738743,19.009048
19.3,18.89458143510797,19.047472
19.5,19.04922201646131,19.444338
19.8,19.45636320357536,19.80182
19.2,18.79841180727425,18.985256
18.7,18.550051728831406,19.089888
18.5,18.306963531575146,18.486265
18.4,18.213418784498394,18.355993
18.3,18.078409069680756,18.201757
17.7,17.570903708604998,17.741964
17.4,17.260752788895946,17.531096
17.4,17.191498374086134,17.586823
17.6,17.460481137787585,17.627174
18.1,18.014033393308125,18.023771
17.9,17.728427992336933,17.992668
17.6,17.507846874734746,17.654825
16.5,16.494493994079036,16.684393
16.6,16.507501229265078,16.545738
17.1,16.900896936692504,17.052694
17.6,17.422111845323677,17.720709
18.0,17.75683545290488,18.119148
18.1,17.900319989677637,18.206415
18.5,18.23990362523618,18.503824
18.7,18.50226377912733,18.65201
19.8,19.339202619442077,19.877426
20.0,19.490858147863104,20.016857
20.2,19.647802163807096,20.219519
19.7,19.330235622204317,19.68456
18.9,18.588741679981265,18.951223
18.4,18.160791870677095,18.631598
17.7,17.493852484430878,17.761324
17.2,16.86291256742859,17.04579
16.6,16.445299708973344,16.42526
15.8,15.679054083244083,16.03534
14.9,14.706761439653764,14.508942
14.4,14.277180843454715,14.531084
14.0,13.758460684716496,13.695987
13.5,13.391129644070219,13.29742
12.9,12.742563291138012,13.183508
12.7,12.618239472214878,13.192192
12.6,12.374618745947007,12.596922
13.4,13.172102043034059,13.0481
13.1,12.932269411770285,12.866005
14.7,14.614874140941978,14.648062
16.3,16.199624327620022,16.403759
17.6,17.283333709413977,17.733677
19.0,18.545831109491914,18.945646
19.0,18.622675493249474,18.959036
18.9,18.60460788539205,18.840155
20.0,19.434023908989538,20.13514
20.5,19.785017951123287,20.452694
20.0,19.46296927297462,20.140636
19.2,18.70010990347108,18.973755
18.8,18.403906612149665,18.586655
18.5,18.183371291289106,18.37947
17.9,17.51031112116466,17.843557
17.6,17.24409040328854,17.561474
17.0,16.586880326306332,16.407345
15.9,15.591687340989388,15.891553
15.2,14.950377931384171,15.018549
14.7,14.458054953156385,14.745031
14.1,13.802046358748193,13.828223
13.1,12.855514252260438,12.969002
12.7,12.514884672652823,12.637344
12.4,12.122743551514475,12.570284
12.8,12.47026286560535,12.640221
13.7,13.559539800087073,13.319793
14.8,14.667337234287253,15.189236
15.9,15.793015417794926,16.168612
16.7,16.516308191507953,16.744942
17.0,16.760348162241804,17.287973
16.8,16.64893342973176,17.287973
17.6,17.32099542875148,17.716658
17.4,17.153150886285168,17.47552
17.5,17.30733649568346,17.71673
17.6,17.47552495891151,17.701017
17.6,17.181475516581877,17.555231
17.5,17.234177471595945,17.71076
17.5,17.1336131343117,17.68928
17.4,17.000412156668652,17.408583
17.6,17.26251888579039,17.825338
17.4,17.093873276104713,17.525333
17.0,16.7129503327656,17.170303
16.6,16.36301210890602,16.758787
16.7,16.407092987685004,16.405535
16.1,15.796787149967425,16.060532
15.7,15.535333536885535,15.901126
15.4,15.283158936759339,15.851561
15.0,14.85965031973722,15.115237
16.0,15.729061868938409,16.069637
17.3,16.825126816123618,17.2575
18.0,17.594471735198248,17.692858
18.8,18.366994595409675,19.100224
21.0,21.287925557538887,20.94476
20.9,21.195615769770296,20.720522
20.7,21.105646869928705,20.64879
20.8,21.104310705504727,20.781294
20.6,20.877688264044934,20.577566
20.3,20.757273660629007,20.477575
20.3,20.549930088760043,20.33413
20.6,20.776148779088306,20.528027
21.1,21.286616503492034,20.984894
21.3,21.652049806016173,21.36774
21.5,21.764509827640303,21.483973
21.4,21.666815862851344,21.311193
21.5,21.871080419744203,21.48967
22.2,22.64554523904653,22.289215
22.2,22.624187694619394,22.271238
24.5,24.57656996600773,24.121271
23.6,23.73980720215653,23.491459
23.5,23.770272082219336,23.549583
23.2,23.318254295365048,23.056042
23.1,23.258296253077706,23.251854
23.2,23.26994043382205,23.256382
23.0,23.265408225384565,23.256382
23.0,23.147954809603185,23.157148
22.8,23.019405425112645,22.865517
23.3,23.236382866079907,23.2258
22.8,22.732513943839713,22.689816
22.3,22.258472490887307,22.153833
22.5,22.292172683866628,22.33804
22.1,22.010523149922037,22.131214
22.2,22.080616676094778,22.066723
21.4,21.39680171150549,21.36487
21.4,21.341304714330676,21.36582
22.2,22.109423256764348,22.324375
21.5,21.591557819103294,21.447147
21.6,21.694659157424383,21.553307
21.5,21.61898654123669,21.511435
21.6,21.72213265142049,21.553339
21.7,21.919671555926538,21.657986
22.6,22.814113402107967,22.438574
22.9,23.02538485152218,22.76459
22.8,23.112450089875875,22.731264
23.8,24.062239509613768,24.004623
22.4,22.645238069237323,22.163752
22.3,22.54370158081263,22.271847
22.3,22.621630256884632,22.402925
23.0,23.103961446475083,22.818354
22.6,22.81149572546115,22.800188
22.4,22.548494788453578,22.31525
22.0,22.2914216866659,22.167122
22.1,22.28856199036568,22.075731
22.0,22.156258466783605,22.05481
23.1,22.911468540773033,23.096985
22.3,22.07635025252177,22.254705
22.0,21.729472591048186,22.08516
21.9,21.609386057661496,22.005144
21.5,21.479588293796724,21.561064
22.2,21.89429905733236,22.110874
21.8,22.174689718648036,21.869123
23.1,23.595843629355063,23.250553
22.9,23.427630970845094,22.873367
21.6,22.145144510532333,21.678553
21.6,22.377261818688844,21.678913
21.7,21.925194914006777,21.669352
21.3,21.76415163529538,21.294697
21.9,22.239056032107055,21.874924
21.8,22.177463937168152,21.795702
21.9,22.219262340191346,21.876614
23.2,23.31246484193434,23.237673
23.7,23.630755453597878,23.646957
24.5,24.409348963414566,24.512167
26.2,25.90102379899113,26.085855
26.2,26.087279295848976,26.337645
27.7,27.16936092119404,27.773712
25.1,25.17496960583169,25.092562
25.8,25.627831296661284,25.806326
25.3,25.474518869590288,25.399658
26.7,26.30058120587435,26.562157
26.3,26.052978375986235,26.337229
26.0,25.797841938419253,26.247204
25.4,25.323157171758893,25.604666
25.1,25.011200612593917,25.040604
24.6,24.592447299497238,24.715742
23.9,23.85818322168225,23.899946
23.7,23.67082984553804,23.723597
23.5,23.546798703949104,23.559927
23.4,23.429183175271255,23.57808
22.5,22.616824013776547,22.395342
22.4,22.62063534964068,22.366365
22.2,22.27923269326474,22.091421
21.9,22.050442255359336,21.795414
21.5,21.742780022321075,21.497787
20.7,21.050202136143785,20.690691
21.2,21.51035449814529,21.1661
20.8,21.36011023497758,20.652277
21.0,21.537100600598478,20.967749
21.7,22.19761565478156,21.747063
21.7,22.141224433372194,21.780645
21.8,22.34044099655507,21.782473
21.6,22.225858070083053,21.685556
21.0,21.59218833609659,20.966873
20.7,21.253458049695954,20.814096
20.3,20.858638221628862,20.272434
20.1,20.637753406289423,20.11016
20.1,20.641104337344377,20.11045
20.3,20.736545184264898,20.181839
20.4,20.96034903809088,20.467607
20.5,21.021473082961702,20.567984
20.4,20.79195445305194,20.390604
20.4,20.8090347297459,20.287848
20.3,20.720313932981497,20.18156
20.2,20.715914599844997,20.325977
19.9,20.395643073371577,19.934269
19.8,20.17215424746023,19.73752
19.5,19.956458730773154,19.558052
19.8,20.164084143012225,19.797197
19.9,20.27847640231243,19.821138
20.2,20.631338978932277,20.13503
20.1,20.42266806948135,20.067202
20.2,20.53599018452021,20.157862
20.4,20.766879598389675,20.339094
20.2,20.529528023965582,19.988552
20.0,20.43094006118801,19.914612
20.0,20.317589679774418,19.765562
19.7,20.08785575524355,19.585968
19.7,20.067718237004385,19.619797
19.6,19.945514390058396,19.653221
19.6,20.06228427519507,19.646837
19.5,19.987583338476757,19.526066
19.4,19.7373161428922,19.339394
19.5,19.991993837912645,19.652262
19.5,19.831648935250396,19.504316
19.4,19.752929279036326,19.529816
19.1,19.38591505467808,19.05791
17.8,17.94874613570689,17.797548
17.9,18.0369731473452,17.829275
17.8,17.915455817515525,17.632257
17.5,17.590471618921633,17.417164
17.4,17.480308065133745,17.245174
18.0,18.05595503786325,17.967493
18.4,18.569124684076634,18.308918
19.4,19.62568834350416,19.530752
19.5,19.759057981576607,19.486607
19.7,20.07930169759674,19.678713
19.9,20.318637042644387,19.952639
20.3,20.569749498281407,20.21537
19.9,20.108063466736894,19.896816
20.2,20.551248662192034,20.166862
20.5,20.793443465333635,20.397432
19.7,19.968689667297618,19.737728
19.7,19.96298222271362,19.707058
19.8,20.07215205575967,19.769386
19.7,20.052261942234882,19.833042
19.7,19.90441693926023,19.737864
19.8,19.997822138101064,19.815144
19.7,19.864652966710224,19.877848
20.0,19.98073851372987,20.038746
19.9,20.030325020962625,19.998924
19.1,19.213562696516334,19.152851
19.4,19.55143890406402,19.572767
18.7,18.81156400305596,18.645935
18.6,18.633735614846692,18.582186
18.4,18.52334329950755,18.622086
19.2,19.21066412134866,19.169573
20.7,20.61120737675953,20.678144
22.7,22.289016129420954,22.492847
25.0,24.248131922012703,24.89799
26.0,25.020513050228637,25.787071
26.5,25.44455220669395,26.43924
27.8,26.515659857384826,27.976946
25.3,24.815701218140106,25.276442
25.6,25.184166443343198,25.636526
25.9,25.432940787524075,26.039537
25.7,25.25961039196288,25.684902
26.0,25.376256689213246,25.843676
26.1,25.19689488645269,26.111692
25.8,25.07474142163882,26.050434
25.4,24.61350853742944,25.45026
22.4,22.54649190331156,22.478233
22.2,22.308540988307048,22.182045
23.1,22.64352250742257,23.156237
23.1,22.583256721063155,23.06738
23.1,22.476742066718433,22.954182
22.4,21.975417420351068,22.266502
21.8,21.5564118943423,21.900345
21.9,21.551309126998603,21.965729
21.5,21.16690937972139,21.55815
21.8,21.548578212736377,21.883406
22.7,22.36207560792405,22.68251
25.3,24.55590080343942,25.018793
27.7,26.54951566487214,27.761972
28.9,27.235867966530794,28.959856
29.8,28.012501760167424,30.020475
31.2,28.903157399867546,31.513262
29.6,27.64044000055592,29.573908
29.9,27.75995340755772,30.120277
30.5,28.141007186867373,30.270124
29.7,27.569351253663363,29.670702
29.0,27.10018093726074,28.932045
28.4,26.6999237129437,28.604235
28.1,26.37636571517914,28.058752
26.8,25.493445128883156,26.55033
26.3,25.064353666775787,26.40024
25.6,24.33995655239266,25.572193
24.6,23.594123684920877,24.820578
22.9,22.60134529049438,22.7351
21.8,21.70239982814822,21.81644
21.5,21.583559542164696,21.615646
21.3,21.319532774100228,21.267977
21.1,21.221038863350604,21.017586
20.9,21.047189245447303,20.872967
21.7,21.764089744104734,21.659483
22.0,22.119027614570616,22.082966
21.9,22.145103099035982,21.968071
21.8,22.030155301010396,21.799665
21.7,22.0625055660185,21.75201
21.3,21.509138793431276,21.24245
22.0,22.321394171322,22.030243
21.5,21.766026144768652,21.371084
21.5,21.877111159923686,21.597885
21.2,21.562378035794573,21.097813
21.1,21.460084186210924,21.162043
21.0,21.339811909936866,21.066364
21.1,21.4717443036054,21.197792
21.1,21.34280584655374,21.09382
21.2,21.40029306704044,21.216526
21.0,21.141122204549756,20.943516
21.0,21.13320267711747,21.126448
20.8,20.8901513372421,20.761545
21.1,21.144328060373788,21.123299
21.1,21.261846130801345,21.282907
21.0,21.113438687178927,20.99987
20.9,20.985120513889726,20.954618
21.4,21.012150855865794,21.503233
21.7,21.598636680146836,21.622177
22.7,22.628428206459528,22.87753
22.2,22.37343257745549,22.28288
22.4,22.74815567033418,22.512392
22.3,22.67398981285292,22.339056
22.3,22.56752152170616,22.313568
22.2,22.598106820821446,22.126316
22.4,22.843326315258683,22.265911
22.7,23.094618271764,22.691072
23.2,23.213569573932855,23.166866
23.7,23.801614063655624,23.801464
23.9,23.94172986674657,23.864
24.2,24.269341370593914,24.363003
24.0,23.962762851855103,23.983194
23.3,23.437704391963248,23.565653
23.4,23.352580849542857,23.302977
24.2,23.977014359748516,24.170649
24.4,23.989129543751297,24.340054
22.4,22.683462421767103,22.561123
21.9,22.158327473409077,21.896606
21.4,21.69577539791779,21.370348
21.4,21.810130666083513,21.358904
21.3,21.683724679129817,21.247227
21.2,21.370174018848335,21.185919
21.6,21.82552746623479,21.598373
22.4,22.567932132101056,22.46962
23.2,23.392227761091814,23.231052
23.8,23.785260276439928,23.800756
23.3,23.523262499145872,23.439476
23.1,23.429150470965656,23.333117
22.6,23.076705548993942,22.811935
22.7,23.178852683084106,22.60085
22.0,22.50731982898115,22.030935
21.9,22.529252784647664,22.030935
21.7,22.178296966934923,21.75201
21.8,22.202796186918267,21.7138
21.5,21.930224944548957,21.408653
21.5,21.925982143535844,21.419777
22.1,22.474943437064972,22.178255
21.8,22.252600175633066,21.843937
22.0,22.400368063737734,21.944487
21.9,22.038604239830885,21.908033
21.7,21.643306455757244,21.558199
21.2,21.09446154458862,21.251188
20.8,20.765569788358096,21.053862
20.7,20.53082155466663,20.741741
20.7,20.49250859209776,20.723185
20.4,20.295425251050958,20.357485
19.8,19.637470061561004,19.723982
19.9,19.84958914549402,19.918697
20.1,20.07851370025134,20.09592
20.0,19.989274603035124,19.984715
20.3,20.246468867410513,20.15334
20.4,20.376849727585885,20.279999
21.0,21.065444087154017,21.124638
21.2,21.285020080700452,21.09975
21.8,21.93510695186297,21.775928
21.8,22.088459464685666,21.851643
21.8,22.053019349838415,21.851776
21.9,22.148047890400242,22.054552
22.0,22.024014821424302,21.955303
22.1,21.76103791128714,22.085085
21.5,21.115948575697086,21.54922
20.9,20.452345930944546,21.052322
20.7,20.08042411162422,20.594477
19.7,19.378066430318924,19.762405
18.7,18.418965893101497,18.679546
18.5,18.261841981294538,18.514732
18.4,18.134186133472003,18.208517
18.4,18.162395711086607,18.15724
18.1,17.87812281711166,18.303553
18.8,18.465880032229865,18.566301
19.3,19.006877906284743,19.244055
19.8,19.569312260467168,19.94384
20.6,20.350624616563906,20.65752
21.2,20.923622503041013,21.183828
21.8,21.6016240837498,21.900206
22.2,21.94577316654822,22.067942
22.2,22.068876980633537,22.324768
22.5,22.270974924536613,22.4307
23.2,22.84976991715035,23.090954
24.1,23.48017932344994,24.266455
23.7,23.200946551203145,23.620867
23.1,22.78852314605314,23.092047
23.7,23.267529751490382,23.684706
24.3,23.48535902943983,24.401052
24.8,24.016792718864366,24.907764
25.0,23.909921074514074,25.003437
24.7,23.701161171120162,24.743488
24.4,23.53703281567118,24.483624
24.6,23.647617686340293,24.666689
24.3,23.61481625870486,24.353899
24.3,23.653726159403796,24.642462
23.9,23.31093339062083,23.724627
23.8,23.281675273835535,23.736588
24.0,23.33513047998105,23.994646
23.6,23.21772071860092,23.875603
25.7,25.041386528388287,25.901905
25.3,24.898860952940517,25.523045
26.9,26.395857796849608,26.659292
27.7,26.847873862683606,27.472263
28.5,27.401058730172462,28.512468
27.7,26.922502257406393,27.471075
27.8,26.856316322011335,27.661222
28.0,27.028624120148784,27.914217
27.8,26.780536773231724,27.768328
27.2,26.39144125395836,27.377941
27.2,26.2355121499114,27.349487
27.4,26.562256823853655,27.037529
27.1,26.300618141801394,26.88809
26.9,25.94800995597862,26.939257
26.1,25.43653051108305,26.315178
25.6,24.815095295681765,25.515766
24.6,24.075973213579967,24.649881
23.9,23.428083523147123,23.797342
23.9,23.562771841409916,24.05214
23.7,23.20524841176616,23.643663
23.7,23.318203273115742,23.7184
23.5,23.224956325472565,23.644339
23.8,23.338396179691014,23.716717
23.9,23.449167532948,23.793184
25.8,25.146540582227615,25.697315
27.5,26.712348505353457,27.591606
28.6,27.596399257252124,28.610933
30.3,28.632852935902392,30.357784
30.0,28.2288958177614,30.07066
30.2,28.361529211761976,30.216291
29.7,27.98274830560458,30.121294
29.9,28.032328612452467,30.10589
28.8,27.10887902556199,28.807884
28.1,26.56025804913702,27.881493
27.4,26.075458853876874,27.24089
26.7,25.650723437938815,26.705027
26.0,25.078397507396563,25.976095
25.5,24.46727193590577,25.430294
24.9,23.984539320512738,24.71501
24.5,23.5398631180233,24.392023
23.9,23.047866346563858,24.022856
23.6,22.768110080825057,23.832438
23.0,22.303056884336584,22.750061
22.4,21.805426669519395,22.311539
22.5,21.928364744348496,22.423607
23.6,22.917672506695734,23.210743
23.7,22.959575788127772,23.491362
25.3,24.33774224228202,25.397165
26.4,25.215435729209908,26.245031
27.3,25.82190725502248,27.547857
27.0,25.3302554001955,26.990564
28.2,26.308156396740586,28.292633
28.1,26.161619829015272,28.19537
28.3,26.12789266483092,28.363203
28.5,26.290186066601258,28.255919
28.3,26.09780896383993,28.329391
27.3,25.208531319756965,26.8515
26.3,24.780932689784684,26.194544
25.6,24.43577581757513,25.475595
24.9,23.998965803135015,24.98094
24.7,23.721186920499296,24.6572
24.0,23.33921985818885,24.285612
23.5,22.806854399786797,23.369457
22.9,22.43334611290844,22.930523
22.7,22.2741645488851,22.830479
22.4,22.05974049259171,22.487211
22.5,22.087180803781838,22.396324
22.2,21.900520813595143,22.226694
21.8,21.57143708832551,21.792612
22.8,22.506405490801477,22.69022
23.7,23.24277058328763,23.645363
25.3,24.808790337935008,25.447683
26.5,25.965685852755627,26.591251
26.6,26.060122382262183,26.531654
26.9,26.230328146124666,26.684418
28.2,27.191234813686208,28.01475
28.0,26.988868789615726,27.818052
26.5,26.082520476186225,26.562654
25.4,25.19801652647471,25.43302
21.0,21.408885092843395,20.980131
21.2,21.441612647769286,21.149248
20.8,21.119190091986287,20.72055
20.5,20.863452697901526,20.503954
20.4,20.74751016298539,20.260057
20.0,20.18048104734425,20.080902
19.5,19.8815194812283,19.453526
19.1,19.36155844047209,19.100336
19.2,19.764646340686372,19.168287
18.5,18.709658413805997,18.488161
18.0,18.273950259634955,17.9678
17.8,18.23190561565828,17.834652
18.5,18.7862810453423,18.57113
18.1,18.587494790928314,17.89485
16.8,17.00666811639256,16.724165
16.8,17.287637596460875,16.871435
16.2,16.368079393794197,16.26539
17.5,17.54668379523633,17.38987
17.9,17.96113946809451,17.908543
17.6,17.780391976436572,17.87587
18.0,18.063991363489606,17.97313
18.0,18.20625926949798,18.215004
17.9,18.05210372131532,17.965036
18.1,18.12516970066449,18.238443
18.5,18.39200502409362,18.382942
18.3,18.160905702836263,18.229006
18.0,17.859144997121255,18.098753
17.4,17.163092374138152,17.49819
17.1,16.981673404314844,17.498856
16.9,16.61452615641064,16.574085
16.5,16.239157306573137,16.279997
15.8,15.58358591236118,15.901981
15.0,14.650389000493881,15.188899
14.3,13.963342933681101,14.148619
14.4,14.013125392697994,14.32964
15.3,14.826566116645257,15.220958
16.8,16.603486913623705,16.897873
16.3,16.09966362390728,16.528946
16.1,15.920996634329033,16.210936
16.3,16.047623311690575,16.062601
16.0,15.783569807108186,15.77687
15.8,15.581517206688073,15.760747
15.4,15.123041921916705,15.223097
15.5,15.243092777115141,15.466919
15.5,15.300071201438886,15.510559
15.4,15.285181931661786,15.45859
15.5,15.298780924654686,15.501237
15.5,15.311004318031397,15.156082
15.5,15.343510623787608,15.280996
15.2,15.182171295330633,15.222715
15.5,15.313063481429442,15.228143
15.4,15.295320956475873,15.227183
15.6,15.43640235565589,15.811452
15.8,15.572242651437776,15.881083
15.8,15.705903996160941,15.98062
15.8,15.497135466792749,15.811712
15.4,15.278399427906287,15.393781
15.6,15.360202890627942,15.979435
13.9,13.491535420884599,13.828598
13.2,12.897225904449275,12.993229
13.8,13.639258304852358,13.643135
13.5,13.287170022554328,13.528437
13.8,13.599909009833969,14.134808
14.7,14.402505718997375,14.720579
15.1,14.824788250771395,15.130068
15.5,15.278589318951607,15.355452
15.2,14.979964410854983,15.130068
15.4,15.117705962804408,15.345016
15.3,15.132467309866303,15.344056
15.6,15.387082590517608,15.779544
16.0,15.757801589750617,15.8491745
16.1,15.765326562953014,15.860665
16.4,16.148481940444654,16.088894
16.4,16.17985472293063,16.747042
16.8,16.507495024834245,16.843859
17.0,16.76246134976229,17.122799
16.5,16.333411457944013,16.529438
16.2,15.948690313175607,16.280754
15.9,15.67568977982938,16.060543
15.7,15.523835224877363,15.168
15.7,15.428622664659052,15.837895
15.4,15.322707747673373,15.830168
15.1,14.946619367749644,15.13419
14.8,14.681982271978676,14.541247
14.8,14.67696069931501,14.538065
16.2,15.87768379971834,16.066904
15.1,14.887684071321491,15.140095
15.9,15.770768574668747,16.019186
17.6,17.368814189847857,17.728888
18.8,18.410687827450097,18.70093
19.8,19.361949746343626,20.04157
20.0,19.420673714690864,20.268753
19.9,19.521160490509377,19.77381
20.4,19.929062903298846,20.204073
20.0,19.55266139614096,19.68916
19.7,19.269614333779177,19.767918
19.3,19.016465716982413,19.256329
18.9,18.681017772187406,18.627934
18.5,18.297702039421846,18.26466
18.0,17.794294699749184,17.9492
18.5,18.404322013942544,18.200842
18.2,18.049392228488678,18.209383
17.8,17.615091291340864,17.811295
17.6,17.415768776690022,17.325092
17.3,17.21236590403441,17.613409
17.0,16.87529225054141,17.118593
16.9,16.73224215326877,16.753105
16.5,16.402604796789397,16.420355
16.7,16.606745113232655,16.64213
17.0,16.87588866079476,17.145918
17.0,16.917774489629174,17.098656
17.3,17.141564814179734,17.274506
17.0,16.850722670373443,16.97598
16.7,16.473470863474425,16.784203
16.5,16.35240868836954,16.277319
16.6,16.497069297350507,16.51054
16.9,16.851884212147898,16.964483
16.9,16.867109515714503,16.977343
16.9,16.851219562853615,16.976683
16.9,16.861946921520794,16.920498
16.6,16.61397168177594,16.645956
16.4,16.35886122019089,16.180803
16.1,16.075955166484846,16.078594
15.7,15.606289898661192,15.513875
16.0,15.804286761486207,15.899103
15.8,15.672809273356862,15.812225
15.6,15.41517995246874,15.570785
15.3,15.18184656866984,15.222552
14.6,14.496275255166772,14.64332
14.8,14.67336084527507,14.829058
14.7,14.568533581770769,14.720173
14.5,14.340004876680613,14.366144
14.9,14.70442944806933,14.828925
15.1,15.075712502148889,15.136169
15.2,15.072641060262349,15.137001
16.2,16.166469902687844,16.102484
16.9,16.73960558109204,16.775768
17.0,16.95191285038167,16.897312
17.5,17.58685204654099,17.525438
17.4,17.461608146010164,17.387547
17.6,17.54430274179618,17.736761
17.7,17.669515263291423,17.728771
17.9,17.93346342229692,17.911844
18.4,18.473262529868414,18.619604
18.1,18.120415466221527,17.954643
18.8,18.68870458374643,18.75189
18.9,18.746879162858193,18.715378
18.6,18.4004660993506,18.506575
18.7,18.570959268188094,18.566727
18.1,18.034558404968347,18.195543
17.7,17.671363906327983,17.853708
17.3,17.235649371296248,17.389864
17.2,17.170687519246208,17.323336
17.1,17.05990294757585,17.280222
17.2,17.036816280332488,17.280222
17.2,17.151189732629206,17.250101
18.0,17.8259326820805,18.284042
17.5,17.396504223603753,17.750015
18.5,18.3178382157326,18.57359
19.4,19.14018565802511,19.258259
19.7,19.550508016792808,19.626122
20.2,20.03497001390409,20.282358
20.2,20.045726457194508,20.281837
20.6,20.33865351330752,20.608467
19.6,19.617715452569627,19.757158
19.1,19.13351470971509,19.063017
19.2,19.180995420069465,19.205282
19.0,19.09022060278901,18.943655
18.6,18.550159857489934,18.560556
19.0,18.953822814841704,18.88075
18.6,18.642651120783626,18.503664
18.6,18.54632304696714,18.48607
18.3,18.23964301204678,18.344446
17.8,17.735730132163305,17.72203
18.3,18.242162071621667,18.23499
17.8,17.743207299932383,17.785385
17.8,17.87816469746457,17.855062
17.7,17.78062762463726,17.785385
17.7,17.787637909968648,17.780117
18.3,18.412186387459634,18.25203
18.7,18.758336561786383,18.817135
18.5,18.538266313467506,18.423405
18.5,18.548889033803476,18.417467
18.3,18.380161122609763,18.33443
17.9,17.924672020128614,17.677782
17.9,17.929181602730324,17.677782
17.5,17.513018321537576,17.499664
17.3,17.395107724912844,17.240934
17.1,17.074884467554394,16.846062
17.0,16.933578078173202,16.68604
16.8,16.764916703621108,16.788671
17.0,16.995984330215197,17.300314
17.0,16.977498044416567,16.90568
17.1,17.08551266597598,17.024843
17.2,17.219215530148407,17.105606
17.4,17.392810443198698,17.412308
17.6,17.541132131100305,17.38264
17.8,17.739074250432715,17.875875
17.2,17.09812962144145,17.027414
16.5,16.416825774965798,16.379894
15.7,15.583508805546685,15.594716
14.9,14.91242156511651,15.218805
15.1,14.909692620226455,15.220717
14.9,14.791346416084906,14.661681
14.6,14.80459261792901,14.837368
14.4,14.303492734048685,14.449429
14.2,13.976600653511138,14.092584
14.9,14.785831471981513,14.87642
15.2,15.276447949940124,15.393618
15.7,15.593827752749405,15.5438595
15.6,15.612960419426578,15.517994
15.9,15.854279593732414,15.67014
16.0,15.96582101884961,15.887673
16.3,16.300571186980658,16.235352
16.2,16.105159645662663,16.10093
16.1,16.04878502003198,16.161255
16.1,16.045161067707973,15.977767
16.1,16.02760065806347,15.9327
16.1,16.05102852150119,15.976808
16.3,16.1867512216675,16.23206
16.2,16.080513934443662,16.015617
16.2,16.05812653302289,16.015617
16.2,16.016182398818547,16.163296
16.1,16.003155106706107,16.15684
16.2,16.002994849816226,16.15661
16.7,16.56903963268058,16.684128
16.9,16.751610330681775,16.684649
17.3,17.220677496883766,17.29579
17.2,17.067030541024383,17.284203
17.4,17.216362045371568,17.292881
17.6,17.666873089856615,17.542118
17.6,17.505620196211705,17.36558
18.1,17.958712481024936,18.287615
18.3,18.275304081182764,18.371643
18.6,18.5316369319812,18.648422
18.7,18.58555948407544,18.785965
18.5,18.3887934505971,18.639595
18.2,18.016689475139536,18.293457
17.7,17.518129172831934,17.769857
17.6,17.344035138143933,17.239435
17.4,17.266332531820485,17.611124
17.6,17.437799366941075,17.71297
17.5,17.33168114499985,17.5758
17.4,17.235129517709403,17.598343
17.1,16.962446538323093,17.462366
16.9,16.767367071442102,17.33234
17.5,17.241981642728355,17.56121
17.8,17.516369446835668,17.895994
20.0,19.676116435782962,19.913961
15.3,15.67307348588428,15.344812
15.0,15.177075694596958,15.25465
14.9,15.131652644187202,14.893977
14.1,14.406256142016844,14.111017
12.6,12.615380955092334,12.428293
11.7,11.700649972248666,11.711828
10.3,9.963255255515243,10.295254
10.2,10.127882664680932,10.474668
10.2,10.182674888685874,10.35678
10.7,10.272392057179939,10.523882
12.0,11.788472045271266,11.882403
13.1,13.095806188538301,12.871428
14.3,14.46484186553251,14.536156
15.3,15.524439404259219,15.457361
15.4,15.713566852843126,15.55942
15.1,15.330134898453778,15.379668
14.4,14.590805459347205,14.982157
13.9,14.135532437976721,13.987204
12.9,13.135189081335366,12.811003
12.4,12.614128415284778,12.708876
11.8,12.023363341111192,11.791956
11.3,11.456403771032324,11.597064
10.7,10.731370164418152,10.461436
10.7,10.891413491745922,10.791687
10.4,10.506658992979137,10.294486
10.1,10.26527621626784,10.0608835
9.8,9.93929617758673,9.848239
10.5,10.781823212425223,10.636624
10.6,10.769690920189657,10.451134
11.9,12.103125052602515,11.855972
13.0,13.179132892876208,12.955729
15.1,15.10804908362499,15.025858
15.9,15.93860920672665,15.9164095
17.5,17.452879123246515,17.641178
17.1,17.15680764815233,16.70077
18.7,18.501887673573613,18.515879
18.3,18.07556075453659,18.488178
18.6,18.382956257082046,18.54373
18.8,18.55897919901934,18.875114
18.4,18.232105432750494,18.61828
17.6,17.64795524089461,17.632128
17.4,17.283770174546806,17.50936
16.9,16.869938333265587,17.15433
16.9,16.85188886699861,16.466288
16.8,17.030825880119085,16.920427
14.6,14.660891318544856,14.728542
13.4,13.067638059824475,13.596977
12.1,11.903644419713252,12.185322
11.8,11.639693352137503,11.952365
11.4,11.228066773834634,11.477438
10.9,10.656390132376508,10.947503
10.8,10.598107791719212,10.71667
10.5,10.25675432168643,10.466733
11.0,10.739286972757707,10.716561
11.2,11.19715999089005,11.250816
11.7,11.686631877000291,11.860084
13.1,13.173138978118008,12.828831
14.0,14.362486191016831,13.780216
12.9,13.492211913028239,12.729518
12.6,12.937349379074465,12.819213
10.8,10.973624864013232,10.929068
10.9,11.063834613257434,10.947627
9.2,9.198364762358644,9.199718
9.5,9.45411782423935,9.881127
9.8,9.539083901955184,9.556289
9.7,9.52287974665888,9.702819
9.9,9.802953555557895,9.643619
10.1,9.85682102805183,9.902527
9.7,9.618269642515514,9.523207
9.8,9.887675045299616,9.935753
9.7,9.766665452560321,9.87765
9.9,9.977602293820507,9.762022
9.5,9.595718493167823,9.569037
9.5,9.55778126658354,9.379969
9.5,9.569411861519754,9.555118
9.4,9.471109307535283,9.387334
9.4,9.416304148394197,9.38171
9.5,9.385429314730345,9.527849
9.3,9.173350399462162,9.118619
9.7,9.724384740356236,9.962586
10.3,10.220848944482182,10.401786
12.8,12.66843864990976,12.694482
12.4,12.37918389170181,12.513491
12.4,12.227097379246842,12.354725
12.4,12.406539228750994,12.361856
12.3,12.214592562156643,12.359191
12.2,12.10367462822601,12.181341
11.9,11.796808387977372,11.87589
11.5,11.346644414408075,11.393359
12.1,12.031558448385066,12.075539
12.5,12.369383407124943,12.515817
12.5,12.22862992520599,12.571623
12.6,12.390179655584078,12.605207
12.9,12.829747448874102,13.162823
12.7,12.560538423008666,12.574365
13.2,13.175543219085242,12.941537
13.6,13.478223920378507,13.239829
13.7,13.599458564605246,13.572701
14.1,14.018761216422842,14.563623
14.3,14.291157929035805,14.57675
14.5,14.357117635942615,14.57419
14.4,14.30402805981727,14.514764
14.2,14.29248861173701,14.403471
13.7,13.612300955459563,13.319308
13.0,12.804352657041886,12.843115
12.2,11.930643665458426,12.260781
11.6,11.423574151515115,11.869805
11.2,10.780211110339597,10.842628
11.0,10.561579462475017,10.725731
10.7,10.380357364481835,10.836843
10.5,10.291558912313175,10.618764
10.6,10.332799179750985,10.622507
10.8,10.703054889160018,10.776944
11.2,11.05085128660372,11.220967
11.2,11.277682168342565,11.350964
11.6,11.64482308709372,11.772033
11.5,11.611186223241592,11.509206
11.8,11.904363291769481,11.817264
11.6,11.766563849923582,11.787987
12.2,12.294652359390394,12.388712
13.1,13.268822440923255,13.343631
13.4,13.525954932784607,13.465471
13.7,13.677399098941002,13.340896
14.0,14.09874194294353,14.073708
14.3,14.264860884567614,14.5350895
14.4,14.436873469502679,14.139693
14.2,14.315895284764402,13.83322
13.4,13.503226966049507,13.293413
12.6,12.67825725479377,12.631961
12.0,12.098473945940583,12.325889
11.6,11.540544026695603,11.718155
11.5,11.250060718976236,11.335182
11.3,11.094704692303939,11.288016
11.3,11.046918050470111,10.912479
10.8,10.557347395272174,10.871806
11.0,10.697141874255461,10.652593
11.0,10.802244081271986,10.985281
11.3,11.164622166991808,11.292847
11.3,11.016400137979605,11.281709
11.3,11.029507698670265,11.284452
11.7,11.711436529046821,11.554258
12.1,12.163470783109783,12.265134
12.8,12.873055246115772,12.593453
13.7,13.723915555104426,13.930018
14.0,14.142390265054768,14.065961
14.0,14.019743398981685,14.04812
14.5,14.523248699218154,14.618567
14.8,14.98015924232508,15.121363
14.8,15.14836847489229,14.505289
14.2,14.53689753940333,14.752695
13.1,13.35852783435275,13.180973
12.5,12.727474651698547,12.5408535
11.8,11.955452282064076,11.953296
11.6,11.465012887551708,11.506033
11.3,11.138227488495776,11.081593
11.3,11.132535242580065,11.232486
11.6,11.514328136429597,11.342439
11.5,11.344949323263837,11.806749
11.4,11.426672837945297,11.293993
11.2,11.066429891405836,10.866198
11.0,10.97601488445196,10.729338
11.0,10.994780935002648,10.731614
11.0,11.12135730375189,11.198566
11.5,11.505987287022347,11.295971
11.5,11.685749553268852,11.562289
11.8,11.951153369852893,11.980914
11.6,11.86421349405591,11.340135
11.9,11.944101547641203,11.980524
12.6,12.586533853768323,12.571008
13.0,13.152727176484785,12.85391
13.3,13.405483461637882,12.863763
13.3,13.515555104941573,13.088228
13.2,13.159890981717009,13.235882
13.3,13.502059220338605,13.246193
13.1,13.17611883108382,13.045074
13.1,13.3146969616886,12.854445
12.7,12.838722900265928,12.634446
12.4,12.502260101549574,12.570262
12.1,12.174220822607563,12.041874
11.9,11.934526423813153,11.991888
11.7,11.824921258893863,11.920122
11.4,11.38735879800166,11.302053
11.3,11.289464060045137,11.302442
11.3,11.308741840736094,11.246966
11.4,11.537215959400747,11.456771
10.5,10.437305946175098,10.357389
10.5,10.373160196669687,10.291745
11.7,11.89857969834285,11.55161
11.7,11.97222260210631,11.824059
11.6,11.705170096289674,11.594358
11.3,11.408303413310886,11.3534355
11.6,11.75156121488261,11.571811
11.2,11.276824368160636,11.288485
11.5,11.604319980345036,11.593399
11.5,11.6506143145786,11.465988
11.7,11.943348629036848,11.573293
11.6,11.850252357960386,11.574196
11.4,11.635585564214612,11.408041
11.3,11.431709920192208,11.365007
11.1,11.26207460987197,10.99173
10.4,10.482553096516327,10.49217
9.7,9.872222235599331,9.568325
9.4,9.651834751983479,9.556877
8.9,9.071602018808615,9.072909
8.7,8.78642475884956,8.737563
8.6,8.52805812457721,8.659434
8.2,8.035775694125341,7.9927506
7.7,7.425888801273523,7.640351
7.3,7.042776410576465,7.2759466
7.5,6.9653667968980955,7.221685
8.0,7.696650146811095,8.050044
9.7,9.613315115566099,9.621715
11.4,11.447337965257752,11.357573
11.7,11.85443157599489,11.431293
11.9,12.215269662969604,11.87129
12.1,12.45002292509994,12.68913
12.0,12.289349072771785,12.101481
11.9,12.156790593645066,12.032782
11.9,12.169194761675161,11.807354
11.7,11.979550559658101,11.672722
11.4,11.659831384065445,11.444215
11.8,12.0477529758174,11.980355
10.6,10.551723748405934,10.591267
10.5,10.275723802734717,10.271697
9.9,9.74146997641082,9.840382
9.1,9.140454678985009,9.271159
8.6,8.428625061018447,8.573529
8.3,8.236826583242845,8.236558
8.2,8.304266646110019,8.38011
8.2,8.44933601757483,8.370548
8.1,8.170865945662413,8.325577
7.7,7.751137209791921,7.958707
7.7,7.502876021875231,7.630768
7.8,7.748839984732939,7.8164563
8.6,8.507899124826462,8.6288185
9.6,9.613376371565028,9.640933
10.3,10.401981774232386,10.284811
10.1,10.33158690212926,10.050427
10.9,11.144379243249158,10.792519
11.2,11.5210120962108,11.362427
10.7,10.96042084100613,10.774596
10.3,10.430842464812848,10.178927
9.8,9.497398810372125,9.705613
9.3,8.9750976687016,9.26498
9.2,8.784677795990241,9.274868
8.7,8.311047115894741,8.746134
8.4,8.048950981577779,8.326196
8.2,7.651716648378965,8.31861
8.3,7.661818409158883,8.316273
8.1,7.45140945893251,8.308414
8.0,7.342965623706419,7.9062285
7.9,7.246425647909454,7.916106
8.1,7.700893790393366,7.9687614
7.6,7.1380046294460655,7.538391
8.2,7.716636341248112,8.29261
8.6,8.209243846544023,8.311392
8.9,8.402348512827881,8.937846
10.1,9.818224425063693,10.082316
11.7,11.730463944569735,11.809751
11.4,11.729586686799781,11.443655
12.9,13.312362222996306,12.602595
12.1,12.443981538238997,12.20311
12.2,12.654276100274718,12.226889
12.1,12.594166383086218,12.321617
11.7,12.134266029288437,11.638925
11.5,11.870510937314322,11.46104
10.2,10.468857617625432,10.258705
10.3,10.613578460832791,10.243849
8.8,8.873544411623403,8.6453495
8.7,8.682671675891768,8.876383
8.9,8.70101096814648,9.024242
8.5,8.564180500109408,8.558542
8.5,8.463447205971974,8.553445
8.3,8.230726126020325,8.4916115
8.2,7.998454509431635,8.37443
8.5,8.388046808270936,8.647322
10.4,10.475631129908976,10.472217
12.7,12.735646909403254,12.514177
14.0,14.348085589055493,14.232222
14.8,15.251554882495082,14.988354
16.1,16.307795537918167,15.999691
15.7,15.915860357307775,15.519741
16.1,16.38290785447744,16.06945
16.3,16.414090470376614,16.13041
15.6,15.81841771009518,15.384144
14.9,15.12791977217363,14.566739
14.2,14.602756742983171,14.352798
13.4,13.812976722878304,13.68578
12.8,13.334769916935297,12.943774
12.1,12.535650751583109,11.968512
11.5,12.150623701978212,11.567659
10.9,11.469244250139678,10.890919
10.5,10.955421970506546,10.676111
10.8,11.351239435533135,10.774093
10.3,10.757200598485664,10.28979
10.2,10.751042634406883,10.282311
10.3,10.87912447672969,10.340065
10.2,10.739123738276945,9.891378
11.8,12.377889728617639,11.851686
13.2,13.720293318646593,13.416152
13.8,14.237845077099955,13.8045845
15.1,15.230758289503122,15.010158
15.4,15.619264186495165,15.572359
17.2,17.130514861612937,17.3961
17.1,17.11643745534675,17.500233
17.2,17.194420358424914,17.01885
17.4,17.302704773257062,17.168995
17.2,17.17161362322572,16.98024
16.4,16.409158825528063,16.340769
15.8,16.053122254718545,15.759569
15.3,15.403977166431151,15.350316
15.0,14.950930762986811,14.739621
14.7,14.60118062746011,14.658207
14.6,14.334724981893554,14.59687
14.6,14.555212211785339,14.64208
14.4,14.29326268296266,14.36809
14.1,13.88015356314256,13.932677
13.9,13.90079384701847,13.929793
14.3,14.30112691929883,14.360299
13.9,13.70168088207707,13.510531
13.4,13.258453859653837,13.409032
13.4,13.389633682317807,13.412754
13.8,13.662608020523319,13.921751
14.2,14.16962350121549,14.053732
15.8,15.75713691294035,15.782643
16.8,16.76308939199888,17.30808
14.2,14.31408210898541,14.370133
13.6,13.587257956212387,13.452888
13.6,13.532299657957836,13.574721
13.7,13.806432124495956,13.642232
14.8,15.017003958684498,14.580078
14.5,14.785671813449223,14.537512
13.9,14.191657472500125,14.132889
13.4,13.721409851162953,13.695425
12.9,13.432301682378966,12.998687
12.4,12.95274577859875,12.541291
11.4,12.043245653726245,11.538459
10.7,11.304751929636428,10.881669
10.2,10.769770142459048,9.926541
9.6,10.09192210936159,9.535768
9.0,9.488253961119913,8.984788
9.1,9.698449855898296,9.056533
9.4,9.917347531573618,9.355252
8.9,9.530821982327925,9.055082
8.2,8.604550936038393,7.9415207
9.2,9.662321473081004,8.995893
9.0,9.495287851545566,9.154715
10.4,10.395212139694685,10.293116
11.0,11.381232152867664,11.359299
11.5,11.710500057212418,11.679645
11.8,12.04812642907076,11.636006
13.6,13.986026577115759,13.744646
14.6,14.991736481069424,14.48404
15.2,15.611838135308933,15.051879
15.6,15.991386874129553,15.590038
15.2,15.506865103591121,15.008476
14.7,15.162965785772297,14.525955
14.6,15.011063830068412,14.532046
14.4,14.838745163782452,13.97025
14.0,14.446005276472988,13.966982
13.9,14.397561010429982,13.973672
13.7,14.25148888265068,13.671164
13.8,14.355847862980543,13.539467
13.2,13.80937707732209,13.466814
11.8,11.88925109922566,11.920585
10.1,10.108330681405555,10.262133
10.1,9.869217432068961,10.034015
10.4,10.12151969539531,10.654759
11.2,10.876653674272593,11.040757
12.4,12.253929903334772,12.58659
12.9,12.790766308755412,12.9152565
13.6,13.730832229124005,13.949643
14.7,14.735337510643603,14.76943
15.9,15.865506265238906,15.591303
16.1,16.15485046409041,16.095024
17.6,17.6974593255676,17.431723
17.2,17.165656045614465,17.18407
17.5,17.598039580182252,17.398775
17.2,17.193259524240812,17.086817
17.0,17.014532156030644,17.084332
16.4,16.469650506791908,16.180655
16.3,16.3497676669435,16.181969
13.3,13.356397165945829,13.24362
11.9,11.795406159597281,11.90557
11.3,11.42624987624173,11.349919
10.5,10.209171872320177,10.654002
10.7,10.274115884254318,10.7816725
10.4,10.141373902625908,10.291093
9.7,9.603146905689645,9.640172
8.7,8.499006022124405,8.658509
8.8,8.3947994548977,8.58515
8.9,8.733937074878867,8.968867
8.8,8.817591426456264,9.033708
8.9,8.939458031553702,8.859072
8.9,8.94222584208272,8.890903
8.7,8.729913758382711,8.617379
8.9,8.781140810654854,8.769519
8.6,8.666728005631732,8.766083
8.2,8.157724441158088,7.9962425
8.1,8.20590840175102,8.009962
8.2,8.352873015843318,8.041867
8.1,8.204206828472703,8.0109215
8.2,8.441225538516836,7.967993
7.9,7.921692623485441,7.8307476
7.6,7.797132636145655,7.6493363
7.4,7.435123243932814,7.4439898
6.7,6.537067951577768,6.843046
6.0,5.756031202563847,6.090326
5.4,5.256974225854577,5.6431975
5.7,5.48212089309046,5.5637627
6.1,5.707521602171212,6.1540484
6.1,5.981895874264751,6.0512986
6.5,6.359471242856792,6.5506854
4.6,4.219367638778152,4.6277423
3.0,2.3545609569821764,2.971646
2.0,1.084893696425091,1.959269
1.4,0.5032606759492779,1.4354854
1.0,0.1054832953900231,0.9425529
1.1,0.3530105717320282,1.2180341
0.9,0.3779875673825259,1.0332822
1.3,0.8863646673985599,1.3585827
1.8,1.4698248075807143,1.7483078
1.4,1.3307874915827043,1.2501788
1.6,2.0394061043706913,1.7869247
1.2,1.2744253424291543,1.1607115
1.4,1.7693521400374834,1.2925657
1.3,2.0077730287804414,1.2878141
0.7,1.6393699690920442,0.70367086
0.4,1.2525957839501842,0.409033
-1.4,-1.6223875227167213,-1.3712919
-1.6,-2.678341069959508,-1.6862266
-1.4,-2.0477176314540344,-1.3207083
-1.6,-1.9464080960282217,-1.5670946
-2.5,-3.6676718146516194,-2.4826381
-2.2,-3.6510085403997508,-2.2583346
-2.2,-3.5048515641155404,-2.2502964
-0.7,-1.5496118266088743,-0.68363446
3.1,3.2211384069674764,3.2596023
2.8,3.6991035001492847,2.6042635
2.9,3.795950630404043,2.8809848
3.0,3.594380628146446,3.080749
-0.9,-1.4285207731490885,-0.9516323
-1.2,-1.6998593362296361,-1.0072716
-1.7,-2.7656020696147294,-1.6240247
0.0,0.175244815366149,0.32826537
1.5,2.2478579695778436,1.3189929
2.3,3.479944782361862,2.202479
2.6,3.9649000183987937,2.6243064
1.8,2.63794106247083,1.7331246
1.1,1.6020068476371847,0.90214306
0.9,1.4803424126928277,0.77912945
0.7,1.0657832382316244,0.7830316
0.4,0.7166305185118134,0.48117527
0.0,0.21262325049545439,0.09055999
-0.3,-0.17490513950554742,-0.21945883
-0.7,-0.6154004077823672,-0.5412353
-0.9,-0.8829078776437314,-0.7192436
-1.4,-1.4785265768428175,-1.1976761
-1.5,-1.7263940923573884,-1.4943653
-1.7,-2.0823550558157464,-1.7888948
-1.4,-1.6976763670997599,-1.4742072
-1.1,-1.3412646326789641,-1.0598055
-0.7,-0.8435338814416511,-0.6464811
-0.3,-0.4811459241532745,-0.42431143
0.4,0.2942128588163726,0.30538166
1.4,1.7034957391007168,1.3258591
2.6,3.3801154702578273,2.626307
3.1,4.125688441482545,3.087509
2.8,3.636387309804256,2.6384544
3.0,3.7155122399305753,3.2132998
3.5,4.035829693103345,3.3441727
4.3,4.507264567048338,4.0957136
6.2,7.055934162918383,6.1379957
6.7,7.567095397331229,6.6327677
6.6,7.28715891569454,6.5434117
6.6,7.122995940472343,6.5895205
6.4,6.8903396533378825,6.3241477
6.5,7.022548852646196,6.582684
6.1,6.419346313776529,6.280741
5.9,6.0139266179674635,5.9195294
5.7,5.724979647732965,5.6299667
5.8,5.513840716839283,5.697819
6.1,5.7015543393583314,6.1904845
5.5,5.126917416697275,5.5802784
5.5,4.999251162053348,5.3466573
5.6,5.239531572525728,5.5306463
5.9,5.713379464327161,5.952529
6.2,6.133937896000077,6.063229
7.6,7.969219863348439,7.7197943
8.9,9.398018092674295,8.682589
10.5,11.174193884329728,10.345366
10.9,11.501471216030197,10.751793
12.5,13.2755404231156,12.658061
12.6,13.270567489071535,12.447239
12.9,13.396314340540947,12.9620285
12.5,13.03993610547392,12.367789
12.2,12.72951464431463,12.328961
11.6,12.030750329030617,11.450418
10.8,11.313672828043273,10.663478
10.1,10.578884701760884,10.174808
10.0,10.373640430597742,10.071982
9.4,9.771130736137522,9.430159
9.1,9.384775573575421,8.81249
8.6,8.932680662695041,8.4971075
8.0,8.215043322206402,8.148753
7.6,7.711672306389723,7.62933
7.1,7.265466397983879,7.1679173
6.7,6.797211335602782,6.486694
6.1,6.210752423973794,6.148903
5.4,5.489835897420662,5.437662
5.4,5.373063084974454,5.426311
5.8,5.844351543249331,5.746304
7.0,7.143772528289915,6.968859
9.2,9.589788729370511,9.022504
10.5,11.068268066414472,10.702508
9.1,9.42351906496333,9.141005
11.7,12.22325426996635,11.390678
12.3,12.884061805357646,12.194062
12.9,13.301508140312258,13.001497
12.6,13.00992636396769,12.448476
12.4,12.897460502530173,12.316373
12.1,12.456260483878143,12.331299
12.6,13.034017472390527,12.553375
12.6,12.881081310612263,12.616815
12.6,12.901839023814606,12.610532
12.9,13.106278901585714,12.664489
13.0,13.292713233008826,13.156183
12.9,13.243928638504148,12.9932995
13.0,13.344625539234045,13.147302
13.1,13.469647178498857,13.181099
13.0,13.318391653379667,12.730909
12.5,12.711414687905346,12.4748535
12.4,12.619221522359258,11.933379
12.0,12.06931199438693,11.863749
11.2,11.370907402013515,11.409354
11.0,11.213598698645995,10.972533
11.6,11.803021045528308,11.571371
13.3,13.512779571964721,13.091154
15.3,15.27963783526167,15.314853
15.8,15.876606578403969,15.821088
17.0,16.914026257352525,16.89773
18.4,18.291184705112602,18.400723
17.9,17.751113379120664,17.918886
18.6,18.360681462947106,18.48586
18.2,18.10726421565109,18.055946
18.3,18.21492473253395,18.413532
18.7,18.54933127102397,18.5325
18.5,18.47017213206163,18.478296
19.3,19.229833254230233,19.346788
19.2,19.125515111399892,19.277233
18.7,18.765474470866277,18.937061
18.4,18.345585479898322,18.042439
18.0,17.896587645078572,17.967554
17.9,17.970074812571227,17.895798
17.6,17.636767227986514,17.403631
17.7,17.797141642666393,17.45768
17.8,18.044264671652872,17.851421
17.6,17.874953617990027,17.835276
17.3,17.57529784204523,17.541334
17.7,17.86153623092361,17.678589
17.9,18.062037055899097,17.84146
18.2,18.398614795181217,18.116068
18.6,18.841086622181574,18.687044
19.0,19.1261797547486,19.004564
19.7,19.80532674149709,19.416908
20.8,20.710217575441042,21.19191
21.5,21.218462929327462,21.503778
21.3,20.9776663534385,21.319405
20.0,19.743392724536882,19.959044
18.3,18.302245841897424,18.635168
17.0,17.007638014067822,17.081512
15.6,15.788144237086723,15.51476
15.1,15.291885659750836,14.992222
14.5,14.655016275842389,14.830975
13.5,13.771555464060587,13.301695
11.8,12.546161372674764,11.604773
10.5,11.514440782844538,10.424087
9.4,10.547951657742761,9.697786
8.4,9.563890918718968,8.454679
7.4,8.722485731557352,7.68208
6.5,7.858742257466872,6.3163476
5.7,6.981898973769603,5.725732
5.2,6.459912634016177,5.344446
5.0,6.308183651861178,5.345406
6.0,7.360681733802181,5.828004
7.1,8.594737835557932,7.300156
7.7,9.248505013683875,7.553627
8.1,9.741966060579752,8.003606
9.1,10.530477186505749,9.412605
9.5,11.000414862185142,9.753
9.7,11.037341692866441,9.859011
9.7,11.01437891458469,9.860521
9.6,10.902749666433568,9.536127
9.0,10.409593905418237,9.092207
8.5,9.666304735025982,8.871298
7.8,9.01562348465232,7.377165
7.7,8.791174872330199,7.228884
7.3,8.50146289663434,7.2303433
6.5,7.883095592966633,6.428209
6.1,7.417788939968716,6.1395555
5.3,6.4760687457095045,5.254069
4.9,5.9877299041354775,5.012183
4.5,5.612566259183453,4.3437963
4.2,5.353420888776519,4.3245277
4.0,4.960340593475358,3.8919182
3.5,4.444967154706347,3.6292284
3.3,4.181569651351673,3.324392
3.9,4.600567980613867,3.7592747
5.5,6.430703405485886,5.1330442
6.3,7.08461897496025,6.225385
6.3,7.285407846812163,6.6020107
6.1,6.782530365304638,6.033458
6.2,6.778975110423147,6.1850905
6.5,7.064039105403737,6.237418
6.8,7.469298980358133,6.4932866
6.9,7.516755925544558,6.985522
7.1,7.667081474582602,7.057946
7.4,7.8469938450397265,7.465826
7.6,8.006655701275943,7.749576
7.8,8.102494263155052,7.872162
7.8,8.090551973138407,7.8761086
8.1,8.246109775592029,8.177774
8.1,8.132616043457315,8.398994
7.7,7.60596834901326,7.7746625
7.5,7.627516409990761,7.411202
6.4,6.23237411053789,6.5196586
6.7,6.652254868485173,6.9321513
6.6,6.624904042007309,6.412585
6.3,6.087707018156131,6.3534756
6.3,6.10017558498955,6.3534756
5.6,4.888632809863616,5.574079
6.0,5.613766061344748,5.947488
6.3,5.675042426736063,6.1184387
6.3,5.833458322965129,6.533017
5.9,5.145043160696346,5.602624
6.1,5.798571680630744,6.5736465
6.4,5.898474714015826,6.391951
6.6,6.078667711695296,6.702824
6.7,6.261677073081387,6.8944483
6.8,6.385122541338987,6.8011527
6.8,6.276566396873726,6.7532787
6.6,6.042422862060626,6.4178257
6.9,6.3042131498571905,7.0112405
6.8,6.18673169812012,6.749724
6.9,6.4140552836929885,7.031635
7.2,6.652301154637591,7.2172365
7.1,6.5520007079911124,7.0440087
7.0,6.484525368153001,7.098928
7.0,6.395225604468536,7.038253
6.7,6.270136519432128,6.6911273
6.8,6.29197833521593,7.023955
7.1,6.6135723233834085,7.2979426
7.1,6.703387132757051,7.2754717
7.0,6.503127453055654,7.219436
7.1,6.469619654587014,6.964155
7.3,6.61639136385957,7.094612
7.1,6.477141507826836,7.2981715
7.1,6.617061428794749,7.2570114
7.0,6.397464452163305,6.982064
7.0,6.445873342284067,6.9963474
7.0,6.467684155364729,6.9963474
7.1,6.685958389022261,7.2560515
7.2,6.799233067811919,7.2827654
7.5,7.042131650787368,7.4374723
7.7,7.263092653938045,7.6387897
7.8,7.256685689741559,7.768928
7.5,7.046588126921705,7.346766
7.4,7.045041433758229,7.5428133
7.5,7.165757005890896,7.6795936
7.5,7.196662280429329,7.5020094
7.5,7.027009601075321,7.386636
7.4,7.0328305331686,7.3883405
7.3,6.8468059885905035,7.3864064
7.3,6.714277113491079,7.429405
7.5,6.929063628235461,7.544906
7.6,7.0762800239182795,7.4654417
7.1,6.490382344102066,7.268205
7.5,6.822550952122704,7.5482874
7.9,7.451269839702007,7.976427
8.4,7.982091128042789,8.500877
8.8,8.498807058285582,8.734006
8.9,8.486177598237504,8.94226
8.9,8.593170685108639,8.995575
9.5,9.257130600916348,9.8586445
9.7,9.51667329236064,9.897709
9.5,9.253367589808686,9.6701355
9.6,9.227537132987838,9.671204
9.7,9.380665688730993,9.671254
9.8,9.59014389438008,9.830163
9.8,9.451573355683443,9.830163
10.0,9.675939973987933,10.029019
9.8,9.459319992094091,9.749486
9.7,9.307743899410983,9.612323
9.5,9.151515106787127,9.564421
9.4,8.925336350243288,9.603422
9.0,8.522031469603093,9.071179
9.4,9.05184954978208,9.562975
9.7,9.28763415699613,9.718715
9.3,8.834482120080896,9.443753
9.1,8.633681011026002,9.442623
8.9,8.501306350856513,9.063533
8.4,7.826462495989269,8.503072
8.4,8.05040689957234,8.318834
8.5,8.280630775466896,8.706838
7.9,7.342385143258596,7.8407235
7.8,7.393286371722169,7.9005218
7.7,7.42097001539689,7.6921926
7.8,7.639077009662898,7.884114
7.9,7.642125950003887,7.628765
7.8,7.628680864237964,7.628765
7.7,7.644158241960504,7.6278963
7.8,7.63217087021571,7.627722
8.0,7.843708055716178,7.9385905
7.8,7.769270530959609,7.823623
7.8,7.663400982161377,7.82108
7.9,7.830797097712043,7.9275384
7.7,7.792491090172241,7.994523
7.8,7.865474384693776,7.823752
7.9,7.715287595341422,7.728313
7.1,6.814263689235183,6.9609213
6.8,6.713501039981011,6.9593368
6.8,6.616743721030481,6.868971
5.5,5.219029113601486,5.5394945
5.2,4.852221190917007,5.257839
5.2,4.728552757511828,5.243917
6.2,5.884409159196515,6.14795
6.2,6.001578386861624,6.2571673
6.5,6.352877812389806,6.4135103
7.1,7.172761810290957,7.15084
7.0,7.0346945375837535,7.2515154
8.7,8.931829903290105,8.8752
9.6,9.775508634928524,9.550611
9.9,10.117651350846725,9.891809
9.9,10.263137375453041,10.048533
10.2,10.237507903705087,10.143129
9.9,9.86241998616341,10.153529
10.3,10.3092952337512,10.373428
10.4,10.283233270662627,10.2984495
10.6,10.683186361691892,10.626403
10.3,10.21033232483876,10.144177
9.6,9.55037496654241,9.565671
9.5,9.339081724618325,9.499787
8.9,8.606885489143927,9.085476
9.9,9.925365236622035,9.739789
9.8,9.829809320980964,9.885658
9.4,9.44377507314302,9.549227
9.5,9.487566037269211,9.517693
9.8,9.809551069959973,9.746415
10.8,10.880735439543312,11.003738
11.5,11.544317657546685,11.518414
